imu_timestamp, mcu_timestamp
2950,13632387
7750,13636888
12550,13641491
17350,13646017
22150,13650544
26950,13655071
31750,13659599
36550,13664127
41350,13668655
46150,13673183
50950,13677711
55750,13682239
60550,13686767
65350,13691294
70150,13695822
74950,13700350
79750,13704878
84550,13709406
89350,13713934
94150,13718462
98950,13722990
103750,13727518
108550,13732046
113350,13736574
118150,13741102
122950,13745630
127750,13750158
132550,13754686
137350,13759214
142150,13763742
146950,13768269
151750,13772797
156550,13777325
161350,13781853
166150,13786381
170950,13790909
175750,13795437
180550,13799965
185350,13804493
190150,13809021
194950,13813549
199750,13818077
204550,13822605
209350,13827133
214150,13831661
218950,13836189
223750,13840717
228550,13845245
233350,13849773
238150,13854300
242950,13858828
247750,13863356
252550,13867884
257350,13872412
262150,13876940
266950,13881468
271750,13885996
276550,13890524
281350,13895052
286150,13899580
290950,13904108
295750,13908636
300550,13913164
305350,13917692
310150,13922220
314950,13926748
319750,13931276
324550,13935804
329350,13940331
334150,13944859
338950,13949387
343750,13953915
348550,13958443
353350,13962971
358150,13967499
362950,13972027
367750,13976555
372550,13981083
377350,13985611
382150,13990139
386950,13994667
391750,13999195
396550,14003723
401350,14008251
406150,14012779
410950,14017307
415750,14021835
420550,14026363
425350,14030890
430150,14035418
434950,14039946
439750,14044474
444550,14049002
449350,14053530
454150,14058058
458950,14062586
463750,14067114
468550,14071642
473350,14076170
478150,14080698
482950,14085226
487750,14089754
492550,14094282
497350,14098810
502150,14103338
506950,14107866
511750,14112394
516550,14116922
521350,14121450
526150,14125977
530950,14130505
535750,14135033
540550,14139561
545350,14144089
550150,14148617
554950,14153145
559750,14157673
564550,14162201
569350,14166729
574150,14171257
578950,14175785
583750,14180313
588550,14184841
593350,14189369
598150,14193897
602950,14198425
607750,14202953
612550,14207481
617350,14212009
622150,14216537
626950,14221065
631750,14225592
636550,14230120
641350,14234648
646150,14239176
650950,14243704
655750,14248232
660550,14252760
665350,14257288
670150,14261816
674950,14266344
679750,14270872
684550,14275400
689350,14279928
694150,14284456
698950,14288984
703750,14293512
708550,14298040
713350,14302568
718150,14307096
722950,14311624
727750,14316152
732550,14320680
737350,14325208
742150,14329736
746950,14334263
751750,14338791
756550,14343319
761350,14347847
766150,14352375
770950,14356903
775750,14361431
780550,14365959
785350,14370487
790150,14375015
794950,14379543
799750,14384071
804550,14388599
809350,14393127
814150,14397655
818950,14402183
823750,14406711
828550,14411239
833350,14415767
838150,14420295
842950,14424823
847750,14429351
852550,14433879
857350,14438407
862150,14442935
866950,14447462
871750,14451990
876550,14456518
881350,14461046
886150,14465574
890950,14470102
895750,14474630
900550,14479158
905350,14483686
910150,14488214
914950,14492742
919750,14497270
924550,14501798
929350,14506326
934150,14510854
938950,14515382
943750,14519910
948550,14524438
953350,14528966
958150,14533494
962950,14538022
967750,14542550
972550,14547078
977350,14551606
982150,14556134
986950,14560662
991750,14565189
996550,14569717
1001350,14574245
1006150,14578773
1010950,14583301
1015750,14587829
1020550,14592357
1025350,14596885
1030150,14601413
1034950,14605941
1039750,14610469
1044550,14614997
1049350,14619525
1054150,14624053
1058950,14628581
1063750,14633109
1068550,14637637
1073350,14642165
1078150,14646693
1082950,14651221
1087750,14655749
1092550,14660277
1097350,14664805
1102150,14669333
1106950,14673861
1111750,14678389
1116550,14682917
1121350,14687444
1126150,14691972
1130950,14696500
1135750,14701028
1140550,14705556
1145350,14710084
1150150,14714612
1154950,14719140
1159750,14723668
1164550,14728196
1169350,14732724
1174150,14737252
1178950,14741780
1183750,14746308
1188550,14750836
1193350,14755364
1198150,14759892
1202950,14764420
1207750,14768948
1212550,14773476
1217350,14778004
1222150,14782532
1226950,14787060
1231750,14791588
1236550,14796116
1241350,14800644
1246150,14805172
1250950,14809700
1255750,14814228
1260550,14818755
1265350,14823283
1270150,14827811
1274950,14832339
1279750,14836867
1284550,14841395
1289350,14845923
1294150,14850451
1298950,14854979
1303750,14859507
1308550,14864035
1313350,14868563
1318150,14873091
1322950,14877619
1327750,14882147
1332550,14886675
1337350,14891203
1342150,14895731
1346950,14900259
1351750,14904787
1356550,14909315
1361350,14913843
1366150,14918371
1370950,14922899
1375750,14927427
1380550,14931955
1385350,14936483
1390150,14941011
1394950,14945539
1399750,14950067
1404550,14954595
1409350,14959122
1414150,14963650
1418950,14968178
1423750,14972706
1428550,14977234
1433350,14981762
1438150,14986290
1442950,14990818
1447750,14995346
1452550,14999874
1457350,15004402
1462150,15008930
1466950,15013458
1471750,15017986
1476550,15022514
1481350,15027042
1486150,15031570
1490950,15036098
1495750,15040626
1500550,15045154
1505350,15049682
1510150,15054210
1514950,15058738
1519750,15063266
1524550,15067794
1529350,15072322
1534150,15076850
1538950,15081378
1543750,15085906
1548550,15090434
1553350,15094962
1558150,15099490
1562950,15104018
1567750,15108545
1572550,15113073
1577350,15117601
1582150,15122129
1586950,15126657
1591750,15131185
1596550,15135713
1601350,15140241
1606150,15144769
1610950,15149297
1615750,15153825
1620550,15158353
1625350,15162881
1630150,15167409
1634950,15171937
1639750,15176465
1644550,15180993
1649350,15185521
1654150,15190049
1658950,15194577
1663750,15199105
1668550,15203633
1673350,15208161
1678150,15212689
1682950,15217217
1687750,15221745
1692550,15226273
1697350,15230801
1702150,15235329
1706950,15239857
1711750,15244385
1716550,15248913
1721350,15253441
1726150,15257969
1730950,15262496
1735750,15267024
1740550,15271552
1745350,15276080
1750150,15280608
1754950,15285136
1759750,15289664
1764550,15294192
1769350,15298720
1774150,15303248
1778950,15307776
1783750,15312304
1788550,15316832
1793350,15321360
1798150,15325888
1802950,15330416
1807750,15334944
1812550,15339472
1817350,15344000
1822150,15348528
1826950,15353056
1831750,15357584
1836550,15362112
1841350,15366640
1846150,15371168
1850950,15375696
1855750,15380224
1860550,15384752
1865350,15389280
1870150,15393808
1874950,15398336
1879750,15402864
1884550,15407392
1889350,15411920
1894150,15416448
1898950,15420976
1903750,15425503
1908550,15430031
1913350,15434559
1918150,15439087
1922950,15443615
1927750,15448143
1932550,15452671
1937350,15457199
1942150,15461727
1946950,15466255
1951750,15470783
1956550,15475311
1961350,15479839
1966150,15484367
1970950,15488895
1975750,15493423
1980550,15497951
1985350,15502479
1990150,15507007
1994950,15511535
1999750,15516063
2004550,15520591
2009350,15525119
2014150,15529647
2018950,15534175
2023750,15538703
2028550,15543231
2033350,15547759
2038150,15552287
2042950,15556815
2047750,15561343
2052550,15565871
2057350,15570399
2062150,15574927
2066950,15579455
2071750,15583983
2076550,15588511
2081350,15593039
2086150,15597567
2090950,15602094
2095750,15606622
2100550,15611150
2105350,15615678
2110150,15620206
2114950,15624734
2119750,15629262
2124550,15633790
2129350,15638318
2134150,15642846
2138950,15647374
2143750,15651902
2148550,15656430
2153350,15660958
2158150,15665486
2162950,15670014
2167750,15674542
2172550,15679070
2177350,15683598
2182150,15688126
2186950,15692654
2191750,15697182
2196550,15701710
2201350,15706238
2206150,15710766
2210950,15715294
2215750,15719822
2220550,15724350
2225350,15728878
2230150,15733406
2234950,15737934
2239750,15742462
2244550,15746990
2249350,15751518
2254150,15756046
2258950,15760574
2263750,15765102
2268550,15769630
2273350,15774158
2278150,15778686
2282950,15783213
2287750,15787741
2292550,15792269
2297350,15796797
2302150,15801325
2306950,15805853
2311750,15810381
2316550,15814909
2321350,15819437
2326150,15823965
2330950,15828493
2335750,15833021
2340550,15837549
2345350,15842077
2350150,15846605
2354950,15851133
2359750,15855661
2364550,15860189
2369350,15864717
2374150,15869245
2378950,15873773
2383750,15878301
2388550,15882829
2393350,15887357
2398150,15891885
2402950,15896413
2407750,15900941
2412550,15905469
2417350,15909997
2422150,15914525
2426950,15919053
2431750,15923581
2436550,15928109
2441350,15932637
2446150,15937165
2450950,15941693
2455750,15946221
2460550,15950749
2465350,15955277
2470150,15959805
2474950,15964333
2479750,15968861
2484550,15973389
2489350,15977916
2494150,15982444
2498950,15986972
2503750,15991500
2508550,15996028
2513350,16000556
2518150,16005084
2522950,16009612
2527750,16014140
2532550,16018668
2537350,16023196
2542150,16027724
2546950,16032252
2551750,16036780
2556550,16041308
2561350,16045836
2566150,16050364
2570950,16054892
2575750,16059420
2580550,16063948
2585350,16068476
2590150,16073004
2594950,16077532
2599750,16082060
2604550,16086588
2609350,16091116
2614150,16095644
2618950,16100172
2623750,16104700
2628550,16109228
2633350,16113756
2638150,16118284
2642950,16122812
2647750,16127340
2652550,16131868
2657350,16136396
2662150,16140924
2666950,16145452
2671750,16149980
2676550,16154508
2681350,16159036
2686150,16163564
2690950,16168092
2695750,16172620
2700550,16177148
2705350,16181675
2710150,16186203
2714950,16190731
2719750,16195259
2724550,16199787
2729350,16204315
2734150,16208843
2738950,16213371
2743750,16217899
2748550,16222427
2753350,16226955
2758150,16231483
2762950,16236011
2767750,16240539
2772550,16245067
2777350,16249595
2782150,16254123
2786950,16258651
2791750,16263179
2796550,16267707
2801350,16272235
2806150,16276763
2810950,16281291
2815750,16285819
2820550,16290347
2825350,16294875
2830150,16299403
2834950,16303931
2839750,16308459
2844550,16312987
2849350,16317515
2854150,16322043
2858950,16326571
2863750,16331099
2868550,16335627
2873350,16340155
2878150,16344683
2882950,16349211
2887750,16353739
2892550,16358267
2897350,16362795
2902150,16367323
2906950,16371851
2911750,16376379
2916550,16380907
2921350,16385435
2926150,16389963
2930950,16394490
2935750,16399018
2940550,16403546
2945350,16408074
2950150,16412602
2954950,16417130
2959750,16421658
2964550,16426186
2969350,16430714
2974150,16435242
2978950,16439770
2983750,16444298
2988550,16448826
2993350,16453354
2998150,16457882
3002950,16462410
3007750,16466938
3012550,16471466
3017350,16475994
3022150,16480522
3026950,16485050
3031750,16489578
3036550,16494106
3041350,16498634
3046150,16503162
3050950,16507690
3055750,16512218
3060550,16516746
3065350,16521274
3070150,16525802
3074950,16530330
3079750,16534858
3084550,16539386
3089350,16543914
3094150,16548442
3098950,16552970
3103750,16557498
3108550,16562026
3113350,16566554
3118150,16571082
3122950,16575610
3127750,16580138
3132550,16584666
3137350,16589194
3142150,16593722
3146950,16598250
3151750,16602778
3156550,16607306
3161350,16611834
3166150,16616362
3170950,16620890
3175750,16625417
3180550,16629945
3185350,16634473
3190150,16639001
3194950,16643529
3199750,16648057
3204550,16652585
3209350,16657113
3214150,16661641
3218950,16666169
3223750,16670697
3228550,16675225
3233350,16679753
3238150,16684281
3242950,16688809
3247750,16693337
3252550,16697865
3257350,16702393
3262150,16706921
3266950,16711449
3271750,16715977
3276550,16720505
3281350,16725033
3286150,16729561
3290950,16734089
3295750,16738617
3300550,16743145
3305350,16747673
3310150,16752201
3314950,16756729
3319750,16761257
3324550,16765785
3329350,16770313
3334150,16774841
3338950,16779369
3343750,16783897
3348550,16788425
3353350,16792953
3358150,16797481
3362950,16802009
3367750,16806537
3372550,16811065
3377350,16815593
3382150,16820121
3386950,16824649
3391750,16829177
3396550,16833705
3401350,16838233
3406150,16842761
3410950,16847289
3415750,16851817
3420550,16856345
3425350,16860873
3430150,16865400
3434950,16869928
3439750,16874456
3444550,16878984
3449350,16883512
3454150,16888040
3458950,16892568
3463750,16897096
3468550,16901624
3473350,16906152
3478150,16910680
3482950,16915208
3487750,16919736
3492550,16924264
3497350,16928792
3502150,16933320
3506950,16937848
3511750,16942376
3516550,16946904
3521350,16951432
3526150,16955960
3530950,16960488
3535750,16965016
3540550,16969544
3545350,16974072
3550150,16978600
3554950,16983128
3559750,16987656
3564550,16992184
3569350,16996712
3574150,17001240
3578950,17005768
3583750,17010296
3588550,17014824
3593350,17019352
3598150,17023880
3602950,17028408
3607750,17032936
3612550,17037464
3617350,17041992
3622150,17046520
3626950,17051048
3631750,17055576
3636550,17060104
3641350,17064632
3646150,17069160
3650950,17073688
3655750,17078216
3660550,17082744
3665350,17087272
3670150,17091800
3674950,17096328
3679750,17100856
3684550,17105384
3689350,17109912
3694150,17114440
3698950,17118967
3703750,17123495
3708550,17128023
3713350,17132551
3718150,17137079
3722950,17141607
3727750,17146135
3732550,17150663
3737350,17155191
3742150,17159719
3746950,17164247
3751750,17168775
3756550,17173303
3761350,17177831
3766150,17182359
3770950,17186887
3775750,17191415
3780550,17195943
3785350,17200471
3790150,17204999
3794950,17209527
3799750,17214055
3804550,17218583
3809350,17223111
3814150,17227639
3818950,17232167
3823750,17236695
3828550,17241223
3833350,17245751
3838150,17250279
3842950,17254807
3847750,17259335
3852550,17263863
3857350,17268391
3862150,17272919
3866950,17277447
3871750,17281975
3876550,17286503
3881350,17291031
3886150,17295559
3890950,17300087
3895750,17304615
3900550,17309143
3905350,17313671
3910150,17318199
3914950,17322727
3919750,17327255
3924550,17331783
3929350,17336311
3934150,17340839
3938950,17345367
3943750,17349895
3948550,17354423
3953350,17358951
3958150,17363479
3962950,17368007
3967750,17372535
3972550,17377063
3977350,17381591
3982150,17386119
3986950,17390646
3991750,17395174
3996550,17399702
4001350,17404230
4006150,17408758
4010950,17413286
4015750,17417814
4020550,17422342
4025350,17426870
4030150,17431398
4034950,17435926
4039750,17440454
4044550,17444982
4049350,17449510
4054150,17454038
4058950,17458566
4063750,17463094
4068550,17467622
4073350,17472150
4078150,17476678
4082950,17481206
4087750,17485734
4092550,17490262
4097350,17494790
4102150,17499318
4106950,17503846
4111750,17508374
4116550,17512902
4121350,17517430
4126150,17521958
4130950,17526486
4135750,17531014
4140550,17535542
4145350,17540070
4150150,17544598
4154950,17549126
4159750,17553654
4164550,17558182
4169350,17562710
4174150,17567238
4178950,17571766
4183750,17576294
4188550,17580822
4193350,17585350
4198150,17589878
4202950,17594406
4207750,17598934
4212550,17603462
4217350,17607990
4222150,17612518
4226950,17617046
4231750,17621574
4236550,17626102
4241350,17630630
4246150,17635158
4250950,17639686
4255750,17644214
4260550,17648742
4265350,17653270
4270150,17657798
4274950,17662326
4279750,17666854
4284550,17671382
4289350,17675910
4294150,17680437
4298950,17684965
4303750,17689493
4308550,17694021
4313350,17698549
4318150,17703077
4322950,17707605
4327750,17712133
4332550,17716661
4337350,17721189
4342150,17725717
4346950,17730245
4351750,17734773
4356550,17739301
4361350,17743829
4366150,17748357
4370950,17752885
4375750,17757413
4380550,17761941
4385350,17766469
4390150,17770997
4394950,17775525
4399750,17780053
4404550,17784581
4409350,17789109
4414150,17793637
4418950,17798165
4423750,17802693
4428550,17807221
4433350,17811749
4438150,17816277
4442950,17820805
4447750,17825333
4452550,17829861
4457350,17834389
4462150,17838917
4466950,17843445
4471750,17847973
4476550,17852501
4481350,17857029
4486150,17861557
4490950,17866085
4495750,17870613
4500550,17875141
4505350,17879669
4510150,17884197
4514950,17888725
4519750,17893253
4524550,17897781
4529350,17902309
4534150,17906837
4538950,17911365
4543750,17915893
4548550,17920421
4553350,17924949
4558150,17929477
4562950,17934005
4567750,17938533
4572550,17943061
4577350,17947589
4582150,17952117
4586950,17956645
4591750,17961173
4596550,17965701
4601350,17970229
4606150,17974757
4610950,17979285
4615750,17983813
4620550,17988341
4625350,17992868
4630150,17997396
4634950,18001924
4639750,18006452
4644550,18010980
4649350,18015508
4654150,18020036
4658950,18024564
4663750,18029092
4668550,18033620
4673350,18038148
4678150,18042676
4682950,18047204
4687750,18051732
4692550,18056260
4697350,18060788
4702150,18065316
4706950,18069844
4711750,18074372
4716550,18078900
4721350,18083428
4726150,18087956
4730950,18092484
4735750,18097012
4740550,18101540
4745350,18106068
4750150,18110596
4754950,18115124
4759750,18119652
4764550,18124180
4769350,18128708
4774150,18133236
4778950,18137764
4783750,18142292
4788550,18146820
4793350,18151348
4798150,18155876
4802950,18160404
4807750,18164932
4812550,18169460
4817350,18173988
4822150,18178516
4826950,18183044
4831750,18187572
4836550,18192100
4841350,18196628
4846150,18201156
4850950,18205684
4855750,18210212
4860550,18214740
4865350,18219268
4870150,18223796
4874950,18228324
4879750,18232852
4884550,18237380
4889350,18241908
4894150,18246436
4898950,18250964
4903750,18255492
4908550,18260020
4913350,18264548
4918150,18269076
4922950,18273604
4927750,18278132
4932550,18282660
4937350,18287188
4942150,18291716
4946950,18296244
4951750,18300772
4956550,18305300
4961350,18309828
4966150,18314356
4970950,18318884
4975750,18323411
4980550,18327939
4985350,18332467
4990150,18336995
4994950,18341523
4999750,18346051
5004550,18350579
5009350,18355107
5014150,18359635
5018950,18364163
5023750,18368691
5028550,18373219
5033350,18377747
5038150,18382275
5042950,18386803
5047750,18391331
5052550,18395859
5057350,18400387
5062150,18404915
5066950,18409443
5071750,18413971
5076550,18418499
5081350,18423027
5086150,18427555
5090950,18432083
5095750,18436611
5100550,18441139
5105350,18445667
5110150,18450195
5114950,18454723
5119750,18459251
5124550,18463779
5129350,18468307
5134150,18472835
5138950,18477363
5143750,18481891
5148550,18486419
5153350,18490947
5158150,18495475
5162950,18500003
5167750,18504531
5172550,18509059
5177350,18513587
5182150,18518115
5186950,18522643
5191750,18527171
5196550,18531699
5201350,18536227
5206150,18540755
5210950,18545283
5215750,18549811
5220550,18554339
5225350,18558867
5230150,18563395
5234950,18567923
5239750,18572451
5244550,18576979
5249350,18581507
5254150,18586035
5258950,18590563
5263750,18595091
5268550,18599619
5273350,18604147
5278150,18608675
5282950,18613203
5287750,18617731
5292550,18622259
5297350,18626787
5302150,18631315
5306950,18635843
5311750,18640371
5316550,18644899
5321350,18649427
5326150,18653955
5330950,18658483
5335750,18663011
5340550,18667539
5345350,18672067
5350150,18676595
5354950,18681123
5359750,18685650
5364550,18690178
5369350,18694706
5374150,18699234
5378950,18703762
5383750,18708290
5388550,18712818
5393350,18717346
5398150,18721874
5402950,18726402
5407750,18730930
5412550,18735458
5417350,18739986
5422150,18744514
5426950,18749042
5431750,18753570
5436550,18758098
5441350,18762626
5446150,18767154
5450950,18771682
5455750,18776210
5460550,18780738
5465350,18785266
5470150,18789794
5474950,18794322
5479750,18798850
5484550,18803378
5489350,18807906
5494150,18812434
5498950,18816962
5503750,18821490
5508550,18826018
5513350,18830546
5518150,18835074
5522950,18839602
5527750,18844130
5532550,18848658
5537350,18853186
5542150,18857714
5546950,18862242
5551750,18866770
5556550,18871298
5561350,18875826
5566150,18880354
5570950,18884882
5575750,18889410
5580550,18893938
5585350,18898466
5590150,18902994
5594950,18907522
5599750,18912050
5604550,18916578
5609350,18921106
5614150,18925634
5618950,18930162
5623750,18934690
5628550,18939218
5633350,18943746
5638150,18948274
5642950,18952802
5647750,18957330
5652550,18961858
5657350,18966386
5662150,18970914
5666950,18975442
5671750,18979970
5676550,18984498
5681350,18989026
5686150,18993554
5690950,18998082
5695750,19002610
5700550,19007138
5705350,19011666
5710150,19016194
5714950,19020722
5719750,19025250
5724550,19029778
5729350,19034306
5734150,19038834
5738950,19043362
5743750,19047890
5748550,19052418
5753350,19056946
5758150,19061474
5762950,19066002
5767750,19070529
5772550,19075057
5777350,19079585
5782150,19084113
5786950,19088641
5791750,19093169
5796550,19097697
5801350,19102225
5806150,19106753
5810950,19111281
5815750,19115809
5820550,19120337
5825350,19124865
5830150,19129393
5834950,19133921
5839750,19138449
5844550,19142977
5849350,19147505
5854150,19152033
5858950,19156561
5863750,19161089
5868550,19165617
5873350,19170145
5878150,19174673
5882950,19179201
5887750,19183729
5892550,19188257
5897350,19192785
5902150,19197313
5906950,19201841
5911750,19206369
5916550,19210897
5921350,19215425
5926150,19219953
5930950,19224481
5935750,19229009
5940550,19233537
5945350,19238065
5950150,19242593
5954950,19247121
5959750,19251649
5964550,19256177
5969350,19260705
5974150,19265233
5978950,19269761
5983750,19274289
5988550,19278817
5993350,19283345
5998150,19287873
6002950,19292401
6007750,19296929
6012550,19301457
6017350,19305985
6022150,19310513
6026950,19315041
6031750,19319569
6036550,19324097
6041350,19328625
6046150,19333153
6050950,19337681
6055750,19342209
6060550,19346737
6065350,19351265
6070150,19355793
6074950,19360321
6079750,19364849
6084550,19369377
6089350,19373905
6094150,19378433
6098950,19382961
6103750,19387489
6108550,19392017
6113350,19396545
6118150,19401073
6122950,19405601
6127750,19410129
6132550,19414657
6137350,19419185
6142150,19423713
6146950,19428241
6151750,19432769
6156550,19437297
6161350,19441825
6166150,19446353
6170950,19450881
6175750,19455409
6180550,19459937
6185350,19464465
6190150,19468993
6194950,19473520
6199750,19478048
6204550,19482576
6209350,19487104
6214150,19491632
6218950,19496160
6223750,19500688
6228550,19505216
6233350,19509744
6238150,19514272
6242950,19518800
6247750,19523328
6252550,19527856
6257350,19532384
6262150,19536912
6266950,19541440
6271750,19545968
6276550,19550496
6281350,19555024
6286150,19559552
6290950,19564080
6295750,19568608
6300550,19573136
6305350,19577664
6310150,19582192
6314950,19586720
6319750,19591248
6324550,19595776
6329350,19600304
6334150,19604832
6338950,19609360
6343750,19613888
6348550,19618416
6353350,19622944
6358150,19627472
6362950,19632000
6367750,19636528
6372550,19641056
6377350,19645584
6382150,19650112
6386950,19654640
6391750,19659168
6396550,19663696
6401350,19668224
6406150,19672752
6410950,19677280
6415750,19681808
6420550,19686336
6425350,19690864
6430150,19695392
6434950,19699920
6439750,19704448
6444550,19708976
6449350,19713504
6454150,19718032
6458950,19722560
6463750,19727088
6468550,19731616
6473350,19736144
6478150,19740672
6482950,19745200
6487750,19749728
6492550,19754256
6497350,19758784
6502150,19763312
6506950,19767840
6511750,19772368
6516550,19776896
6521350,19781424
6526150,19785952
6530950,19790480
6535750,19795008
6540550,19799536
6545350,19804064
6550150,19808592
6554950,19813120
6559750,19817648
6564550,19822176
6569350,19826704
6574150,19831232
6578950,19835760
6583750,19840288
6588550,19844816
6593350,19849344
6598150,19853872
6602950,19858400
6607750,19862928
6612550,19867456
6617350,19871984
6622150,19876512
6626950,19881040
6631750,19885568
6636550,19890096
6641350,19894624
6646150,19899152
6650950,19903680
6655750,19908208
6660550,19912735
6665350,19917263
6670150,19921791
6674950,19926319
6679750,19930847
6684550,19935375
6689350,19939903
6694150,19944431
6698950,19948959
6703750,19953487
6708550,19958015
6713350,19962543
6718150,19967071
6722950,19971599
6727750,19976127
6732550,19980655
6737350,19985183
6742150,19989711
6746950,19994239
6751750,19998767
6756550,20003295
6761350,20007823
6766150,20012351
6770950,20016879
6775750,20021407
6780550,20025935
6785350,20030463
6790150,20034991
6794950,20039519
6799750,20044047
6804550,20048575
6809350,20053103
6814150,20057631
6818950,20062159
6823750,20066687
6828550,20071215
6833350,20075743
6838150,20080271
6842950,20084799
6847750,20089327
6852550,20093855
6857350,20098383
6862150,20102911
6866950,20107439
6871750,20111967
6876550,20116495
6881350,20121023
6886150,20125551
6890950,20130079
6895750,20134607
6900550,20139135
6905350,20143663
6910150,20148191
6914950,20152719
6919750,20157247
6924550,20161775
6929350,20166303
6934150,20170831
6938950,20175359
6943750,20179887
6948550,20184415
6953350,20188943
6958150,20193471
6962950,20197999
6967750,20202527
6972550,20207055
6977350,20211583
6982150,20216111
6986950,20220639
6991750,20225167
6996550,20229695
7001350,20234223
7006150,20238751
7010950,20243279
7015750,20247807
7020550,20252335
7025350,20256863
7030150,20261391
7034950,20265919
7039750,20270447
7044550,20274975
7049350,20279503
7054150,20284031
7058950,20288559
7063750,20293087
7068550,20297615
7073350,20302143
7078150,20306671
7082950,20311199
7087750,20315727
7092550,20320255
7097350,20324783
7102150,20329311
7106950,20333839
7111750,20338367
7116550,20342895
7121350,20347423
7126150,20351951
7130950,20356479
7135750,20361007
7140550,20365535
7145350,20370063
7150150,20374591
7154950,20379119
7159750,20383647
7164550,20388175
7169350,20392703
7174150,20397231
7178950,20401759
7183750,20406287
7188550,20410815
7193350,20415342
7198150,20419870
7202950,20424398
7207750,20428926
7212550,20433454
7217350,20437982
7222150,20442510
7226950,20447038
7231750,20451566
7236550,20456094
7241350,20460622
7246150,20465150
7250950,20469678
7255750,20474206
7260550,20478734
7265350,20483262
7270150,20487790
7274950,20492318
7279750,20496846
7284550,20501374
7289350,20505902
7294150,20510430
7298950,20514958
7303750,20519486
7308550,20524014
7313350,20528542
7318150,20533070
7322950,20537598
7327750,20542126
7332550,20546654
7337350,20551182
7342150,20555710
7346950,20560238
7351750,20564766
7356550,20569294
7361350,20573822
7366150,20578350
7370950,20582878
7375750,20587406
7380550,20591934
7385350,20596462
7390150,20600990
7394950,20605518
7399750,20610046
7404550,20614574
7409350,20619102
7414150,20623630
7418950,20628158
7423750,20632686
7428550,20637214
7433350,20641742
7438150,20646270
7442950,20650798
7447750,20655326
7452550,20659854
7457350,20664382
7462150,20668910
7466950,20673438
7471750,20677966
7476550,20682494
7481350,20687022
7486150,20691550
7490950,20696078
7495750,20700606
7500550,20705134
7505350,20709662
7510150,20714190
7514950,20718718
7519750,20723246
7524550,20727774
7529350,20732302
7534150,20736830
7538950,20741358
7543750,20745886
7548550,20750414
7553350,20754942
7558150,20759470
7562950,20763998
7567750,20768526
7572550,20773054
7577350,20777582
7582150,20782110
7586950,20786638
7591750,20791166
7596550,20795694
7601350,20800222
7606150,20804750
7610950,20809278
7615750,20813806
7620550,20818334
7625350,20822862
7630150,20827390
7634950,20831918
7639750,20836446
7644550,20840974
7649350,20845502
7654150,20850030
7658950,20854558
7663750,20859086
7668550,20863614
7673350,20868142
7678150,20872670
7682950,20877198
7687750,20881726
7692550,20886254
7697350,20890782
7702150,20895310
7706950,20899838
7711750,20904366
7716550,20908894
7721350,20913422
7726150,20917950
7730950,20922478
7735750,20927006
7740550,20931534
7745350,20936062
7750150,20940590
7754950,20945118
7759750,20949646
7764550,20954174
7769350,20958702
7774150,20963230
7778950,20967758
7783750,20972286
7788550,20976814
7793350,20981342
7798150,20985870
7802950,20990398
7807750,20994926
7812550,20999453
7817350,21003981
7822150,21008509
7826950,21013037
7831750,21017565
7836550,21022093
7841350,21026621
7846150,21031149
7850950,21035677
7855750,21040205
7860550,21044733
7865350,21049261
7870150,21053789
7874950,21058317
7879750,21062845
7884550,21067373
7889350,21071901
7894150,21076429
7898950,21080957
7903750,21085485
7908550,21090013
7913350,21094541
7918150,21099069
7922950,21103597
7927750,21108125
7932550,21112653
7937350,21117181
7942150,21121709
7946950,21126237
7951750,21130765
7956550,21135293
7961350,21139821
7966150,21144349
7970950,21148877
7975750,21153405
7980550,21157933
7985350,21162461
7990150,21166989
7994950,21171517
7999750,21176045
8004550,21180573
8009350,21185101
8014150,21189629
8018950,21194157
8023750,21198685
8028550,21203213
8033350,21207741
8038150,21212269
8042950,21216797
8047750,21221325
8052550,21225853
8057350,21230381
8062150,21234909
8066950,21239437
8071750,21243965
8076550,21248493
8081350,21253021
8086150,21257549
8090950,21262077
8095750,21266605
8100550,21271133
8105350,21275661
8110150,21280189
8114950,21284717
8119750,21289245
8124550,21293773
8129350,21298301
8134150,21302829
8138950,21307357
8143750,21311885
8148550,21316413
8153350,21320941
8158150,21325469
8162950,21329997
8167750,21334525
8172550,21339053
8177350,21343581
8182150,21348109
8186950,21352637
8191750,21357165
8196550,21361693
8201350,21366221
8206150,21370749
8210950,21375277
8215750,21379805
8220550,21384333
8225350,21388861
8230150,21393389
8234950,21397917
8239750,21402445
8244550,21406973
8249350,21411501
8254150,21416029
8258950,21420557
8263750,21425085
8268550,21429613
8273350,21434141
8278150,21438669
8282950,21443197
8287750,21447725
8292550,21452253
8297350,21456781
8302150,21461309
8306950,21465837
8311750,21470365
8316550,21474893
8321350,21479421
8326150,21483949
8330950,21488477
8335750,21493005
8340550,21497533
8345350,21502061
8350150,21506589
8354950,21511117
8359750,21515645
8364550,21520173
8369350,21524701
8374150,21529229
8378950,21533757
8383750,21538285
8388550,21542813
8393350,21547341
8398150,21551869
8402950,21556397
8407750,21560925
8412550,21565453
8417350,21569981
8422150,21574509
8426950,21579037
8431750,21583565
8436550,21588093
8441350,21592621
8446150,21597149
8450950,21601677
8455750,21606205
8460550,21610733
8465350,21615261
8470150,21619789
8474950,21624317
8479750,21628845
8484550,21633373
8489350,21637901
8494150,21642429
8498950,21646957
8503750,21651485
8508550,21656013
8513350,21660541
8518150,21665069
8522950,21669597
8527750,21674125
8532550,21678652
8537350,21683180
8542150,21687708
8546950,21692236
8551750,21696764
8556550,21701292
8561350,21705820
8566150,21710348
8570950,21714876
8575750,21719404
8580550,21723932
8585350,21728460
8590150,21732988
8594950,21737516
8599750,21742044
8604550,21746572
8609350,21751100
8614150,21755628
8618950,21760156
8623750,21764684
8628550,21769212
8633350,21773740
8638150,21778268
8642950,21782796
8647750,21787324
8652550,21791852
8657350,21796380
8662150,21800908
8666950,21805436
8671750,21809964
8676550,21814492
8681350,21819020
8686150,21823548
8690950,21828076
8695750,21832604
8700550,21837132
8705350,21841660
8710150,21846188
8714950,21850716
8719750,21855244
8724550,21859772
8729350,21864300
8734150,21868828
8738950,21873356
8743750,21877884
8748550,21882412
8753350,21886940
8758150,21891468
8762950,21895996
8767750,21900524
8772550,21905052
8777350,21909580
8782150,21914108
8786950,21918636
8791750,21923164
8796550,21927692
8801350,21932220
8806150,21936748
8810950,21941276
8815750,21945804
8820550,21950332
8825350,21954860
8830150,21959388
8834950,21963916
8839750,21968444
8844550,21972972
8849350,21977500
8854150,21982028
8858950,21986556
8863750,21991084
8868550,21995612
8873350,22000140
8878150,22004668
8882950,22009196
8887750,22013724
8892550,22018252
8897350,22022780
8902150,22027308
8906950,22031836
8911750,22036364
8916550,22040892
8921350,22045420
8926150,22049948
8930950,22054476
8935750,22059004
8940550,22063532
8945350,22068060
8950150,22072588
8954950,22077116
8959750,22081644
8964550,22086172
8969350,22090700
8974150,22095228
8978950,22099756
8983750,22104284
8988550,22108812
8993350,22113340
8998150,22117868
9002950,22122396
9007750,22126924
9012550,22131452
9017350,22135980
9022150,22140508
9026950,22145036
9031750,22149564
9036550,22154092
9041350,22158620
9046150,22163148
9050950,22167676
9055750,22172204
9060550,22176732
9065350,22181260
9070150,22185788
9074950,22190316
9079750,22194844
9084550,22199372
9089350,22203900
9094150,22208428
9098950,22212956
9103750,22217484
9108550,22222012
9113350,22226540
9118150,22231068
9122950,22235596
9127750,22240124
9132550,22244652
9137350,22249180
9142150,22253708
9146950,22258236
9151750,22262764
9156550,22267292
9161350,22271820
9166150,22276348
9170950,22280876
9175750,22285404
9180550,22289932
9185350,22294460
9190150,22298988
9194950,22303516
9199750,22308044
9204550,22312572
9209350,22317100
9214150,22321628
9218950,22326156
9223750,22330684
9228550,22335212
9233350,22339740
9238150,22344268
9242950,22348796
9247750,22353324
9252550,22357852
9257350,22362380
9262150,22366908
9266950,22371436
9271750,22375964
9276550,22380492
9281350,22385020
9286150,22389548
9290950,22394076
9295750,22398604
9300550,22403132
9305350,22407660
9310150,22412188
9314950,22416716
9319750,22421244
9324550,22425772
9329350,22430300
9334150,22434828
9338950,22439356
9343750,22443884
9348550,22448412
9353350,22452940
9358150,22457468
9362950,22461996
9367750,22466524
9372550,22471052
9377350,22475580
9382150,22480108
9386950,22484636
9391750,22489164
9396550,22493692
9401350,22498220
9406150,22502748
9410950,22507276
9415750,22511804
9420550,22516332
9425350,22520860
9430150,22525388
9434950,22529916
9439750,22534444
9444550,22538972
9449350,22543500
9454150,22548028
9458950,22552556
9463750,22557084
9468550,22561612
9473350,22566140
9478150,22570668
9482950,22575196
9487750,22579724
9492550,22584252
9497350,22588779
9502150,22593307
9506950,22597835
9511750,22602363
9516550,22606891
9521350,22611419
9526150,22615947
9530950,22620475
9535750,22625003
9540550,22629531
9545350,22634059
9550150,22638587
9554950,22643115
9559750,22647643
9564550,22652171
9569350,22656699
9574150,22661227
9578950,22665755
9583750,22670283
9588550,22674811
9593350,22679339
9598150,22683867
9602950,22688395
9607750,22692923
9612550,22697451
9617350,22701979
9622150,22706507
9626950,22711035
9631750,22715563
9636550,22720091
9641350,22724619
9646150,22729147
9650950,22733675
9655750,22738203
9660550,22742731
9665350,22747259
9670150,22751787
9674950,22756315
9679750,22760843
9684550,22765371
9689350,22769899
9694150,22774427
9698950,22778955
9703750,22783483
9708550,22788011
9713350,22792539
9718150,22797067
9722950,22801595
9727750,22806123
9732550,22810651
9737350,22815179
9742150,22819707
9746950,22824235
9751750,22828763
9756550,22833291
9761350,22837819
9766150,22842347
9770950,22846875
9775750,22851403
9780550,22855931
9785350,22860459
9790150,22864987
9794950,22869515
9799750,22874043
9804550,22878571
9809350,22883099
9814150,22887627
9818950,22892155
9823750,22896683
9828550,22901211
9833350,22905739
9838150,22910267
9842950,22914795
9847750,22919323
9852550,22923851
9857350,22928379
9862150,22932907
9866950,22937435
9871750,22941963
9876550,22946491
9881350,22951019
9886150,22955547
9890950,22960075
9895750,22964603
9900550,22969131
9905350,22973659
9910150,22978187
9914950,22982715
9919750,22987243
9924550,22991771
9929350,22996299
9934150,23000827
9938950,23005355
9943750,23009883
9948550,23014411
9953350,23018939
9958150,23023467
9962950,23027995
9967750,23032523
9972550,23037051
9977350,23041579
9982150,23046107
9986950,23050635
9991750,23055163
9996550,23059691
10001350,23064219
10006150,23068747
10010950,23073275
10015750,23077803
10020550,23082331
10025350,23086859
10030150,23091387
10034950,23095915
10039750,23100443
10044550,23104971
10049350,23109499
10054150,23114027
10058950,23118555
10063750,23123083
10068550,23127611
10073350,23132139
10078150,23136667
10082950,23141195
10087750,23145723
10092550,23150251
10097350,23154779
10102150,23159307
10106950,23163835
10111750,23168363
10116550,23172891
10121350,23177419
10126150,23181947
10130950,23186475
10135750,23191003
10140550,23195531
10145350,23200059
10150150,23204587
10154950,23209115
10159750,23213643
10164550,23218171
10169350,23222699
10174150,23227227
10178950,23231755
10183750,23236283
10188550,23240811
10193350,23245339
10198150,23249867
10202950,23254395
10207750,23258923
10212550,23263451
10217350,23267979
10222150,23272507
10226950,23277035
10231750,23281563
10236550,23286091
10241350,23290619
10246150,23295147
10250950,23299675
10255750,23304203
10260550,23308731
10265350,23313259
10270150,23317787
10274950,23322315
10279750,23326843
10284550,23331371
10289350,23335899
10294150,23340427
10298950,23344955
10303750,23349483
10308550,23354011
10313350,23358539
10318150,23363067
10322950,23367595
10327750,23372123
10332550,23376651
10337350,23381179
10342150,23385707
10346950,23390235
10351750,23394763
10356550,23399291
10361350,23403819
10366150,23408347
10370950,23412875
10375750,23417403
10380550,23421931
10385350,23426459
10390150,23430987
10394950,23435515
10399750,23440043
10404550,23444571
10409350,23449099
10414150,23453627
10418950,23458155
10423750,23462683
10428550,23467211
10433350,23471739
10438150,23476267
10442950,23480795
10447750,23485323
10452550,23489851
10457350,23494379
10462150,23498907
10466950,23503435
10471750,23507963
10476550,23512491
10481350,23517019
10486150,23521547
10490950,23526075
10495750,23530603
10500550,23535131
10505350,23539659
10510150,23544187
10514950,23548715
10519750,23553243
10524550,23557771
10529350,23562299
10534150,23566827
10538950,23571355
10543750,23575883
10548550,23580411
10553350,23584939
10558150,23589467
10562950,23593995
10567750,23598523
10572550,23603051
10577350,23607579
10582150,23612107
10586950,23616635
10591750,23621163
10596550,23625691
10601350,23630219
10606150,23634747
10610950,23639275
10615750,23643803
10620550,23648331
10625350,23652859
10630150,23657387
10634950,23661915
10639750,23666443
10644550,23670971
10649350,23675499
10654150,23680027
10658950,23684555
10663750,23689083
10668550,23693611
10673350,23698139
10678150,23702667
10682950,23707195
10687750,23711723
10692550,23716251
10697350,23720779
10702150,23725307
10706950,23729835
10711750,23734363
10716550,23738891
10721350,23743419
10726150,23747947
10730950,23752475
10735750,23757003
10740550,23761531
10745350,23766059
10750150,23770587
10754950,23775115
10759750,23779643
10764550,23784171
10769350,23788699
10774150,23793227
10778950,23797755
10783750,23802283
10788550,23806811
10793350,23811339
10798150,23815867
10802950,23820395
10807750,23824923
10812550,23829451
10817350,23833979
10822150,23838507
10826950,23843035
10831750,23847563
10836550,23852091
10841350,23856619
10846150,23861147
10850950,23865675
10855750,23870203
10860550,23874731
10865350,23879259
10870150,23883787
10874950,23888315
10879750,23892843
10884550,23897371
10889350,23901899
10894150,23906427
10898950,23910955
10903750,23915483
10908550,23920011
10913350,23924539
10918150,23929067
10922950,23933595
10927750,23938123
10932550,23942651
10937350,23947179
10942150,23951707
10946950,23956235
10951750,23960763
10956550,23965291
10961350,23969819
10966150,23974347
10970950,23978875
10975750,23983403
10980550,23987931
10985350,23992459
10990150,23996987
10994950,24001515
10999750,24006043
11004550,24010571
11009350,24015099
11014150,24019627
11018950,24024155
11023750,24028683
11028550,24033211
11033350,24037739
11038150,24042267
11042950,24046795
11047750,24051323
11052550,24055851
11057350,24060379
11062150,24064907
11066950,24069435
11071750,24073963
11076550,24078491
11081350,24083019
11086150,24087547
11090950,24092075
11095750,24096603
11100550,24101131
11105350,24105659
11110150,24110187
11114950,24114715
11119750,24119243
11124550,24123771
11129350,24128299
11134150,24132827
11138950,24137355
11143750,24141883
11148550,24146411
11153350,24150939
11158150,24155467
11162950,24159995
11167750,24164523
11172550,24169051
11177350,24173579
11182150,24178107
11186950,24182635
11191750,24187163
11196550,24191691
11201350,24196219
11206150,24200747
11210950,24205275
11215750,24209803
11220550,24214331
11225350,24218859
11230150,24223387
11234950,24227915
11239750,24232443
11244550,24236971
11249350,24241499
11254150,24246027
11258950,24250555
11263750,24255083
11268550,24259611
11273350,24264139
11278150,24268667
11282950,24273195
11287750,24277723
11292550,24282251
11297350,24286779
11302150,24291307
11306950,24295835
11311750,24300363
11316550,24304891
11321350,24309419
11326150,24313947
11330950,24318475
11335750,24323003
11340550,24327531
11345350,24332059
11350150,24336587
11354950,24341115
11359750,24345643
11364550,24350171
11369350,24354699
11374150,24359227
11378950,24363755
11383750,24368283
11388550,24372811
11393350,24377339
11398150,24381867
11402950,24386395
11407750,24390923
11412550,24395451
11417350,24399979
11422150,24404507
11426950,24409035
11431750,24413563
11436550,24418091
11441350,24422619
11446150,24427147
11450950,24431675
11455750,24436203
11460550,24440731
11465350,24445259
11470150,24449787
11474950,24454315
11479750,24458843
11484550,24463371
11489350,24467899
11494150,24472427
11498950,24476955
11503750,24481483
11508550,24486011
11513350,24490539
11518150,24495067
11522950,24499595
11527750,24504123
11532550,24508651
11537350,24513179
11542150,24517707
11546950,24522235
11551750,24526763
11556550,24531291
11561350,24535819
11566150,24540347
11570950,24544875
11575750,24549403
11580550,24553931
11585350,24558459
11590150,24562987
11594950,24567515
11599750,24572043
11604550,24576571
11609350,24581099
11614150,24585627
11618950,24590155
11623750,24594683
11628550,24599211
11633350,24603739
11638150,24608267
11642950,24612795
11647750,24617323
11652550,24621851
11657350,24626379
11662150,24630907
11666950,24635435
11671750,24639963
11676550,24644491
11681350,24649019
11686150,24653547
11690950,24658075
11695750,24662603
11700550,24667131
11705350,24671659
11710150,24676187
11714950,24680715
11719750,24685243
11724550,24689771
11729350,24694299
11734150,24698827
11738950,24703355
11743750,24707883
11748550,24712411
11753350,24716939
11758150,24721467
11762950,24725995
11767750,24730523
11772550,24735051
11777350,24739579
11782150,24744107
11786950,24748635
11791750,24753163
11796550,24757691
11801350,24762219
11806150,24766747
11810950,24771275
11815750,24775803
11820550,24780331
11825350,24784859
11830150,24789387
11834950,24793915
11839750,24798443
11844550,24802971
11849350,24807499
11854150,24812027
11858950,24816555
11863750,24821083
11868550,24825611
11873350,24830139
11878150,24834667
11882950,24839195
11887750,24843723
11892550,24848251
11897350,24852779
11902150,24857307
11906950,24861835
11911750,24866363
11916550,24870891
11921350,24875419
11926150,24879947
11930950,24884475
11935750,24889003
11940550,24893531
11945350,24898059
11950150,24902587
11954950,24907115
11959750,24911643
11964550,24916171
11969350,24920699
11974150,24925227
11978950,24929755
11983750,24934283
11988550,24938811
11993350,24943339
11998150,24947867
12002950,24952395
12007750,24956923
12012550,24961451
12017350,24965979
12022150,24970507
12026950,24975035
12031750,24979563
12036550,24984091
12041350,24988619
12046150,24993147
12050950,24997675
12055750,25002203
12060550,25006731
12065350,25011259
12070150,25015787
12074950,25020315
12079750,25024843
12084550,25029371
12089350,25033899
12094150,25038427
12098950,25042955
12103750,25047483
12108550,25052011
12113350,25056539
12118150,25061067
12122950,25065595
12127750,25070123
12132550,25074651
12137350,25079179
12142150,25083707
12146950,25088235
12151750,25092763
12156550,25097291
12161350,25101819
12166150,25106347
12170950,25110875
12175750,25115403
12180550,25119931
12185350,25124459
12190150,25128987
12194950,25133515
12199750,25138043
12204550,25142571
12209350,25147099
12214150,25151627
12218950,25156155
12223750,25160683
12228550,25165211
12233350,25169739
12238150,25174267
12242950,25178795
12247750,25183323
12252550,25187851
12257350,25192379
12262150,25196907
12266950,25201435
12271750,25205963
12276550,25210491
12281350,25215019
12286150,25219547
12290950,25224075
12295750,25228603
12300550,25233131
12305350,25237659
12310150,25242187
12314950,25246715
12319750,25251243
12324550,25255771
12329350,25260299
12334150,25264827
12338950,25269355
12343750,25273883
12348550,25278411
12353350,25282939
12358150,25287467
12362950,25291995
12367750,25296523
12372550,25301051
12377350,25305579
12382150,25310107
12386950,25314635
12391750,25319163
12396550,25323691
12401350,25328219
12406150,25332747
12410950,25337275
12415750,25341803
12420550,25346331
12425350,25350859
12430150,25355387
12434950,25359915
12439750,25364443
12444550,25368971
12449350,25373499
12454150,25378027
12458950,25382555
12463750,25387083
12468550,25391611
12473350,25396139
12478150,25400667
12482950,25405195
12487750,25409723
12492550,25414251
12497350,25418779
12502150,25423307
12506950,25427835
12511750,25432363
12516550,25436891
12521350,25441419
12526150,25445947
12530950,25450475
12535750,25455003
12540550,25459531
12545350,25464059
12550150,25468587
12554950,25473115
12559750,25477643
12564550,25482171
12569350,25486699
12574150,25491227
12578950,25495755
12583750,25500283
12588550,25504811
12593350,25509339
12598150,25513867
12602950,25518395
12607750,25522923
12612550,25527451
12617350,25531979
12622150,25536507
12626950,25541035
12631750,25545563
12636550,25550091
12641350,25554619
12646150,25559147
12650950,25563675
12655750,25568203
12660550,25572731
12665350,25577259
12670150,25581787
12674950,25586315
12679750,25590843
12684550,25595371
12689350,25599899
12694150,25604427
12698950,25608955
12703750,25613483
12708550,25618011
12713350,25622539
12718150,25627067
12722950,25631595
12727750,25636123
12732550,25640651
12737350,25645179
12742150,25649707
12746950,25654235
12751750,25658763
12756550,25663291
12761350,25667819
12766150,25672347
12770950,25676875
12775750,25681403
12780550,25685931
12785350,25690459
12790150,25694987
12794950,25699515
12799750,25704043
12804550,25708571
12809350,25713099
12814150,25717627
12818950,25722155
12823750,25726683
12828550,25731211
12833350,25735739
12838150,25740267
12842950,25744795
12847750,25749323
12852550,25753851
12857350,25758379
12862150,25762907
12866950,25767435
12871750,25771963
12876550,25776491
12881350,25781019
12886150,25785547
12890950,25790075
12895750,25794603
12900550,25799131
12905350,25803659
12910150,25808187
12914950,25812715
12919750,25817243
12924550,25821771
12929350,25826299
12934150,25830827
12938950,25835355
12943750,25839883
12948550,25844411
12953350,25848939
12958150,25853467
12962950,25857995
12967750,25862523
12972550,25867051
12977350,25871579
12982150,25876107
12986950,25880635
12991750,25885163
12996550,25889691
13001350,25894219
13006150,25898747
13010950,25903275
13015750,25907803
13020550,25912331
13025350,25916859
13030150,25921387
13034950,25925915
13039750,25930443
13044550,25934971
13049350,25939499
13054150,25944027
13058950,25948555
13063750,25953083
13068550,25957611
13073350,25962139
13078150,25966667
13082950,25971195
13087750,25975723
13092550,25980251
13097350,25984779
13102150,25989307
13106950,25993835
13111750,25998363
13116550,26002891
13121350,26007419
13126150,26011947
13130950,26016475
13135750,26021003
13140550,26025531
13145350,26030059
13150150,26034587
13154950,26039115
13159750,26043643
13164550,26048171
13169350,26052699
13174150,26057227
13178950,26061755
13183750,26066283
13188550,26070811
13193350,26075339
13198150,26079867
13202950,26084395
13207750,26088923
13212550,26093451
13217350,26097979
13222150,26102507
13226950,26107035
13231750,26111563
13236550,26116091
13241350,26120619
13246150,26125147
13250950,26129675
13255750,26134203
13260550,26138731
13265350,26143259
13270150,26147787
13274950,26152315
13279750,26156843
13284550,26161371
13289350,26165899
13294150,26170427
13298950,26174955
13303750,26179483
13308550,26184011
13313350,26188539
13318150,26193067
13322950,26197595
13327750,26202123
13332550,26206651
13337350,26211179
13342150,26215707
13346950,26220235
13351750,26224763
13356550,26229291
13361350,26233819
13366150,26238347
13370950,26242875
13375750,26247403
13380550,26251931
13385350,26256459
13390150,26260987
13394950,26265515
13399750,26270043
13404550,26274571
13409350,26279099
13414150,26283627
13418950,26288155
13423750,26292683
13428550,26297211
13433350,26301739
13438150,26306267
13442950,26310795
13447750,26315323
13452550,26319851
13457350,26324379
13462150,26328907
13466950,26333435
13471750,26337963
13476550,26342491
13481350,26347019
13486150,26351547
13490950,26356075
13495750,26360603
13500550,26365131
13505350,26369659
13510150,26374187
13514950,26378715
13519750,26383243
13524550,26387771
13529350,26392299
13534150,26396827
13538950,26401355
13543750,26405883
13548550,26410411
13553350,26414939
13558150,26419467
13562950,26423995
13567750,26428523
13572550,26433051
13577350,26437580
13582150,26442108
13586950,26446636
13591750,26451164
13596550,26455692
13601350,26460220
13606150,26464748
13610950,26469276
13615750,26473804
13620550,26478332
13625350,26482860
13630150,26487388
13634950,26491916
13639750,26496444
13644550,26500972
13649350,26505500
13654150,26510028
13658950,26514556
13663750,26519084
13668550,26523612
13673350,26528140
13678150,26532668
13682950,26537196
13687750,26541724
13692550,26546252
13697350,26550780
13702150,26555308
13706950,26559836
13711750,26564364
13716550,26568892
13721350,26573420
13726150,26577948
13730950,26582476
13735750,26587004
13740550,26591532
13745350,26596060
13750150,26600588
13754950,26605116
13759750,26609644
13764550,26614172
13769350,26618700
13774150,26623228
13778950,26627756
13783750,26632284
13788550,26636812
13793350,26641340
13798150,26645868
13802950,26650396
13807750,26654924
13812550,26659452
13817350,26663980
13822150,26668508
13826950,26673036
13831750,26677564
13836550,26682092
13841350,26686620
13846150,26691148
13850950,26695676
13855750,26700204
13860550,26704732
13865350,26709260
13870150,26713788
13874950,26718316
13879750,26722844
13884550,26727372
13889350,26731900
13894150,26736428
13898950,26740956
13903750,26745484
13908550,26750012
13913350,26754540
13918150,26759068
13922950,26763596
13927750,26768124
13932550,26772652
13937350,26777180
13942150,26781708
13946950,26786236
13951750,26790764
13956550,26795292
13961350,26799820
13966150,26804348
13970950,26808876
13975750,26813404
13980550,26817932
13985350,26822460
13990150,26826988
13994950,26831516
13999750,26836044
14004550,26840572
14009350,26845100
14014150,26849628
14018950,26854156
14023750,26858684
14028550,26863212
14033350,26867740
14038150,26872268
14042950,26876796
14047750,26881324
14052550,26885852
14057350,26890380
14062150,26894908
14066950,26899436
14071750,26903964
14076550,26908492
14081350,26913020
14086150,26917548
14090950,26922076
14095750,26926604
14100550,26931132
14105350,26935660
14110150,26940188
14114950,26944716
14119750,26949244
14124550,26953772
14129350,26958300
14134150,26962828
14138950,26967356
14143750,26971884
14148550,26976412
14153350,26980940
14158150,26985468
14162950,26989996
14167750,26994524
14172550,26999052
14177350,27003580
14182150,27008108
14186950,27012636
14191750,27017164
14196550,27021692
14201350,27026220
14206150,27030748
14210950,27035276
14215750,27039804
14220550,27044332
14225350,27048860
14230150,27053388
14234950,27057916
14239750,27062444
14244550,27066972
14249350,27071500
14254150,27076028
14258950,27080556
14263750,27085084
14268550,27089612
14273350,27094140
14278150,27098668
14282950,27103196
14287750,27107724
14292550,27112252
14297350,27116780
14302150,27121308
14306950,27125836
14311750,27130364
14316550,27134892
14321350,27139420
14326150,27143948
14330950,27148476
14335750,27153004
14340550,27157532
14345350,27162060
14350150,27166588
14354950,27171116
14359750,27175644
14364550,27180172
14369350,27184700
14374150,27189228
14378950,27193756
14383750,27198284
14388550,27202812
14393350,27207340
14398150,27211868
14402950,27216396
14407750,27220924
14412550,27225452
14417350,27229980
14422150,27234508
14426950,27239036
14431750,27243564
14436550,27248092
14441350,27252620
14446150,27257148
14450950,27261676
14455750,27266204
14460550,27270732
14465350,27275260
14470150,27279788
14474950,27284316
14479750,27288844
14484550,27293372
14489350,27297900
14494150,27302428
14498950,27306956
14503750,27311484
14508550,27316012
14513350,27320540
14518150,27325068
14522950,27329596
14527750,27334124
14532550,27338652
14537350,27343180
14542150,27347708
14546950,27352236
14551750,27356764
14556550,27361292
14561350,27365820
14566150,27370348
14570950,27374876
14575750,27379404
14580550,27383932
14585350,27388460
14590150,27392988
14594950,27397516
14599750,27402044
14604550,27406572
14609350,27411100
14614150,27415628
14618950,27420156
14623750,27424684
14628550,27429212
14633350,27433740
14638150,27438268
14642950,27442797
14647750,27447325
14652550,27451853
14657350,27456381
14662150,27460909
14666950,27465437
14671750,27469965
14676550,27474493
14681350,27479021
14686150,27483549
14690950,27488077
14695750,27492605
14700550,27497133
14705350,27501661
14710150,27506189
14714950,27510717
14719750,27515245
14724550,27519773
14729350,27524301
14734150,27528829
14738950,27533357
14743750,27537885
14748550,27542413
14753350,27546941
14758150,27551469
14762950,27555997
14767750,27560525
14772550,27565053
14777350,27569581
14782150,27574109
14786950,27578637
14791750,27583165
14796550,27587693
14801350,27592221
14806150,27596749
14810950,27601277
14815750,27605805
14820550,27610333
14825350,27614861
14830150,27619389
14834950,27623917
14839750,27628445
14844550,27632973
14849350,27637501
14854150,27642029
14858950,27646557
14863750,27651085
14868550,27655613
14873350,27660141
14878150,27664669
14882950,27669197
14887750,27673725
14892550,27678253
14897350,27682781
14902150,27687309
14906950,27691837
14911750,27696365
14916550,27700893
14921350,27705421
14926150,27709949
14930950,27714477
14935750,27719005
14940550,27723533
14945350,27728061
14950150,27732589
14954950,27737117
14959750,27741645
14964550,27746173
14969350,27750701
14974150,27755229
14978950,27759757
14983750,27764285
14988550,27768813
14993350,27773341
14998150,27777869
15002950,27782397
15007750,27786925
15012550,27791453
15017350,27795981
15022150,27800509
15026950,27805037
15031750,27809565
15036550,27814093
15041350,27818621
15046150,27823149
15050950,27827677
15055750,27832205
15060550,27836733
15065350,27841261
15070150,27845789
15074950,27850317
15079750,27854845
15084550,27859373
15089350,27863901
15094150,27868429
15098950,27872957
15103750,27877485
15108550,27882013
15113350,27886541
15118150,27891069
15122950,27895597
15127750,27900125
15132550,27904653
15137350,27909181
15142150,27913709
15146950,27918237
15151750,27922765
15156550,27927293
15161350,27931821
15166150,27936349
15170950,27940877
15175750,27945405
15180550,27949933
15185350,27954461
15190150,27958989
15194950,27963517
15199750,27968045
15204550,27972573
15209350,27977101
15214150,27981629
15218950,27986157
15223750,27990685
15228550,27995213
15233350,27999741
15238150,28004269
15242950,28008797
15247750,28013325
15252550,28017853
15257350,28022381
15262150,28026909
15266950,28031437
15271750,28035965
15276550,28040493
15281350,28045021
15286150,28049549
15290950,28054077
15295750,28058605
15300550,28063133
15305350,28067661
15310150,28072189
15314950,28076717
15319750,28081245
15324550,28085773
15329350,28090301
15334150,28094829
15338950,28099357
15343750,28103885
15348550,28108413
15353350,28112941
15358150,28117469
15362950,28121997
15367750,28126525
15372550,28131053
15377350,28135581
15382150,28140109
15386950,28144637
15391750,28149165
15396550,28153693
15401350,28158221
15406150,28162749
15410950,28167277
15415750,28171805
15420550,28176333
15425350,28180861
15430150,28185389
15434950,28189917
15439750,28194445
15444550,28198973
15449350,28203502
15454150,28208030
15458950,28212558
15463750,28217086
15468550,28221614
15473350,28226142
15478150,28230670
15482950,28235198
15487750,28239726
15492550,28244254
15497350,28248782
15502150,28253310
15506950,28257838
15511750,28262366
15516550,28266894
15521350,28271422
15526150,28275950
15530950,28280478
15535750,28285006
15540550,28289534
15545350,28294062
15550150,28298590
15554950,28303118
15559750,28307646
15564550,28312174
15569350,28316702
15574150,28321230
15578950,28325758
15583750,28330286
15588550,28334814
15593350,28339342
15598150,28343870
15602950,28348398
15607750,28352926
15612550,28357454
15617350,28361982
15622150,28366510
15626950,28371038
15631750,28375566
15636550,28380094
15641350,28384622
15646150,28389150
15650950,28393678
15655750,28398206
15660550,28402734
15665350,28407262
15670150,28411790
15674950,28416318
15679750,28420846
15684550,28425374
15689350,28429902
15694150,28434430
15698950,28438958
15703750,28443486
15708550,28448014
15713350,28452542
15718150,28457070
15722950,28461598
15727750,28466126
15732550,28470654
15737350,28475182
15742150,28479710
15746950,28484238
15751750,28488766
15756550,28493294
15761350,28497822
15766150,28502350
15770950,28506878
15775750,28511406
15780550,28515934
15785350,28520462
15790150,28524990
15794950,28529518
15799750,28534046
15804550,28538574
15809350,28543102
15814150,28547630
15818950,28552158
15823750,28556686
15828550,28561214
15833350,28565742
15838150,28570270
15842950,28574798
15847750,28579326
15852550,28583854
15857350,28588382
15862150,28592910
15866950,28597438
15871750,28601966
15876550,28606494
15881350,28611022
15886150,28615550
15890950,28620078
15895750,28624606
15900550,28629134
15905350,28633662
15910150,28638190
15914950,28642718
15919750,28647246
15924550,28651774
15929350,28656302
15934150,28660830
15938950,28665358
15943750,28669886
15948550,28674414
15953350,28678942
15958150,28683470
15962950,28687998
15967750,28692526
15972550,28697054
15977350,28701582
15982150,28706110
15986950,28710638
15991750,28715166
15996550,28719694
16001350,28724222
16006150,28728750
16010950,28733278
16015750,28737806
16020550,28742334
16025350,28746862
16030150,28751390
16034950,28755918
16039750,28760446
16044550,28764974
16049350,28769502
16054150,28774030
16058950,28778558
16063750,28783086
16068550,28787614
16073350,28792142
16078150,28796670
16082950,28801198
16087750,28805726
16092550,28810254
16097350,28814782
16102150,28819310
16106950,28823838
16111750,28828366
16116550,28832894
16121350,28837422
16126150,28841950
16130950,28846479
16135750,28851007
16140550,28855535
16145350,28860063
16150150,28864591
16154950,28869119
16159750,28873647
16164550,28878175
16169350,28882703
16174150,28887231
16178950,28891759
16183750,28896287
16188550,28900815
16193350,28905343
16198150,28909871
16202950,28914399
16207750,28918927
16212550,28923455
16217350,28927983
16222150,28932511
16226950,28937039
16231750,28941567
16236550,28946095
16241350,28950623
16246150,28955151
16250950,28959679
16255750,28964207
16260550,28968735
16265350,28973263
16270150,28977791
16274950,28982319
16279750,28986847
16284550,28991375
16289350,28995903
16294150,29000431
16298950,29004959
16303750,29009487
16308550,29014015
16313350,29018543
16318150,29023071
16322950,29027599
16327750,29032127
16332550,29036655
16337350,29041183
16342150,29045711
16346950,29050239
16351750,29054767
16356550,29059295
16361350,29063823
16366150,29068351
16370950,29072879
16375750,29077407
16380550,29081935
16385350,29086463
16390150,29090991
16394950,29095519
16399750,29100047
16404550,29104575
16409350,29109103
16414150,29113631
16418950,29118159
16423750,29122687
16428550,29127215
16433350,29131743
16438150,29136271
16442950,29140799
16447750,29145327
16452550,29149855
16457350,29154383
16462150,29158911
16466950,29163439
16471750,29167967
16476550,29172495
16481350,29177023
16486150,29181551
16490950,29186079
16495750,29190607
16500550,29195135
16505350,29199663
16510150,29204191
16514950,29208719
16519750,29213247
16524550,29217775
16529350,29222303
16534150,29226831
16538950,29231359
16543750,29235887
16548550,29240415
16553350,29244943
16558150,29249471
16562950,29253999
16567750,29258527
16572550,29263055
16577350,29267583
16582150,29272111
16586950,29276639
16591750,29281167
16596550,29285695
16601350,29290223
16606150,29294751
16610950,29299279
16615750,29303807
16620550,29308335
16625350,29312863
16630150,29317391
16634950,29321919
16639750,29326447
16644550,29330975
16649350,29335503
16654150,29340031
16658950,29344559
16663750,29349087
16668550,29353615
16673350,29358143
16678150,29362671
16682950,29367199
16687750,29371727
16692550,29376255
16697350,29380783
16702150,29385311
16706950,29389839
16711750,29394367
16716550,29398895
16721350,29403423
16726150,29407951
16730950,29412480
16735750,29417008
16740550,29421536
16745350,29426064
16750150,29430592
16754950,29435120
16759750,29439648
16764550,29444176
16769350,29448704
16774150,29453232
16778950,29457760
16783750,29462288
16788550,29466816
16793350,29471344
16798150,29475872
16802950,29480400
16807750,29484928
16812550,29489456
16817350,29493984
16822150,29498512
16826950,29503040
16831750,29507568
16836550,29512096
16841350,29516624
16846150,29521152
16850950,29525680
16855750,29530208
16860550,29534736
16865350,29539264
16870150,29543792
16874950,29548320
16879750,29552848
16884550,29557376
16889350,29561904
16894150,29566432
16898950,29570960
16903750,29575488
16908550,29580016
16913350,29584544
16918150,29589072
16922950,29593600
16927750,29598128
16932550,29602656
16937350,29607184
16942150,29611712
16946950,29616240
16951750,29620768
16956550,29625296
16961350,29629824
16966150,29634352
16970950,29638880
16975750,29643408
16980550,29647936
16985350,29652464
16990150,29656992
16994950,29661520
16999750,29666048
17004550,29670576
17009350,29675104
17014150,29679632
17018950,29684160
17023750,29688688
17028550,29693216
17033350,29697744
17038150,29702272
17042950,29706800
17047750,29711328
17052550,29715856
17057350,29720384
17062150,29724912
17066950,29729440
17071750,29733968
17076550,29738496
17081350,29743024
17086150,29747552
17090950,29752080
17095750,29756608
17100550,29761136
17105350,29765664
17110150,29770192
17114950,29774720
17119750,29779248
17124550,29783776
17129350,29788304
17134150,29792832
17138950,29797360
17143750,29801888
17148550,29806416
17153350,29810944
17158150,29815472
17162950,29820000
17167750,29824528
17172550,29829056
17177350,29833584
17182150,29838112
17186950,29842640
17191750,29847168
17196550,29851696
17201350,29856224
17206150,29860752
17210950,29865280
17215750,29869808
17220550,29874336
17225350,29878864
17230150,29883392
17234950,29887920
17239750,29892448
17244550,29896976
17249350,29901504
17254150,29906032
17258950,29910560
17263750,29915088
17268550,29919617
17273350,29924145
17278150,29928673
17282950,29933201
17287750,29937729
17292550,29942257
17297350,29946785
17302150,29951313
17306950,29955841
17311750,29960369
17316550,29964897
17321350,29969425
17326150,29973953
17330950,29978481
17335750,29983009
17340550,29987537
17345350,29992065
17350150,29996593
17354950,30001121
17359750,30005649
17364550,30010177
17369350,30014705
17374150,30019233
17378950,30023761
17383750,30028289
17388550,30032817
17393350,30037345
17398150,30041873
17402950,30046401
17407750,30050929
17412550,30055457
17417350,30059985
17422150,30064513
17426950,30069041
17431750,30073569
17436550,30078097
17441350,30082625
17446150,30087153
17450950,30091681
17455750,30096209
17460550,30100737
17465350,30105265
17470150,30109793
17474950,30114321
17479750,30118849
17484550,30123377
17489350,30127905
17494150,30132433
17498950,30136961
17503750,30141489
17508550,30146017
17513350,30150545
17518150,30155073
17522950,30159601
17527750,30164129
17532550,30168657
17537350,30173185
17542150,30177713
17546950,30182241
17551750,30186769
17556550,30191297
17561350,30195825
17566150,30200353
17570950,30204881
17575750,30209409
17580550,30213937
17585350,30218465
17590150,30222993
17594950,30227521
17599750,30232049
17604550,30236577
17609350,30241105
17614150,30245633
17618950,30250161
17623750,30254689
17628550,30259217
17633350,30263745
17638150,30268273
17642950,30272801
17647750,30277329
17652550,30281857
17657350,30286385
17662150,30290913
17666950,30295441
17671750,30299969
17676550,30304497
17681350,30309025
17686150,30313553
17690950,30318081
17695750,30322609
17700550,30327137
17705350,30331665
17710150,30336193
17714950,30340721
17719750,30345249
17724550,30349777
17729350,30354305
17734150,30358833
17738950,30363361
17743750,30367889
17748550,30372417
17753350,30376945
17758150,30381474
17762950,30386002
17767750,30390530
17772550,30395058
17777350,30399586
17782150,30404114
17786950,30408642
17791750,30413170
17796550,30417698
17801350,30422226
17806150,30426754
17810950,30431282
17815750,30435810
17820550,30440338
17825350,30444866
17830150,30449394
17834950,30453922
17839750,30458450
17844550,30462978
17849350,30467506
17854150,30472034
17858950,30476562
17863750,30481090
17868550,30485618
17873350,30490146
17878150,30494674
17882950,30499202
17887750,30503730
17892550,30508258
17897350,30512786
17902150,30517314
17906950,30521842
17911750,30526370
17916550,30530898
17921350,30535426
17926150,30539954
17930950,30544482
17935750,30549010
17940550,30553538
17945350,30558066
17950150,30562594
17954950,30567122
17959750,30571650
17964550,30576178
17969350,30580706
17974150,30585234
17978950,30589762
17983750,30594290
17988550,30598818
17993350,30603346
17998150,30607874
18002950,30612402
18007750,30616930
18012550,30621458
18017350,30625986
18022150,30630514
18026950,30635042
18031750,30639570
18036550,30644098
18041350,30648626
18046150,30653154
18050950,30657682
18055750,30662210
18060550,30666738
18065350,30671266
18070150,30675794
18074950,30680322
18079750,30684850
18084550,30689378
18089350,30693906
18094150,30698434
18098950,30702962
18103750,30707490
18108550,30712018
18113350,30716546
18118150,30721074
18122950,30725602
18127750,30730130
18132550,30734658
18137350,30739186
18142150,30743714
18146950,30748242
18151750,30752770
18156550,30757298
18161350,30761826
18166150,30766354
18170950,30770882
18175750,30775410
18180550,30779938
18185350,30784466
18190150,30788994
18194950,30793522
18199750,30798050
18204550,30802578
18209350,30807106
18214150,30811635
18218950,30816163
18223750,30820691
18228550,30825219
18233350,30829747
18238150,30834275
18242950,30838803
18247750,30843331
18252550,30847859
18257350,30852387
18262150,30856915
18266950,30861443
18271750,30865971
18276550,30870499
18281350,30875027
18286150,30879555
18290950,30884083
18295750,30888611
18300550,30893139
18305350,30897667
18310150,30902195
18314950,30906723
18319750,30911251
18324550,30915779
18329350,30920307
18334150,30924835
18338950,30929363
18343750,30933891
18348550,30938419
18353350,30942947
18358150,30947475
18362950,30952003
18367750,30956531
18372550,30961059
18377350,30965587
18382150,30970115
18386950,30974643
18391750,30979171
18396550,30983699
18401350,30988227
18406150,30992755
18410950,30997283
18415750,31001811
18420550,31006339
18425350,31010867
18430150,31015395
18434950,31019923
18439750,31024451
18444550,31028979
18449350,31033507
18454150,31038035
18458950,31042563
18463750,31047091
18468550,31051619
18473350,31056147
18478150,31060675
18482950,31065203
18487750,31069731
18492550,31074259
18497350,31078787
18502150,31083315
18506950,31087843
18511750,31092371
18516550,31096899
18521350,31101427
18526150,31105955
18530950,31110483
18535750,31115011
18540550,31119539
18545350,31124067
18550150,31128595
18554950,31133123
18559750,31137651
18564550,31142179
18569350,31146707
18574150,31151235
18578950,31155763
18583750,31160291
18588550,31164819
18593350,31169347
18598150,31173875
18602950,31178403
18607750,31182931
18612550,31187459
18617350,31191987
18622150,31196515
18626950,31201043
18631750,31205571
18636550,31210100
18641350,31214628
18646150,31219156
18650950,31223684
18655750,31228212
18660550,31232740
18665350,31237268
18670150,31241796
18674950,31246324
18679750,31250852
18684550,31255380
18689350,31259908
18694150,31264436
18698950,31268964
18703750,31273492
18708550,31278020
18713350,31282548
18718150,31287076
18722950,31291604
18727750,31296132
18732550,31300660
18737350,31305188
18742150,31309716
18746950,31314244
18751750,31318772
18756550,31323300
18761350,31327828
18766150,31332356
18770950,31336884
18775750,31341412
18780550,31345940
18785350,31350468
18790150,31354996
18794950,31359524
18799750,31364052
18804550,31368580
18809350,31373108
18814150,31377636
18818950,31382164
18823750,31386692
18828550,31391220
18833350,31395748
18838150,31400276
18842950,31404804
18847750,31409332
18852550,31413860
18857350,31418388
18862150,31422916
18866950,31427444
18871750,31431972
18876550,31436500
18881350,31441028
18886150,31445556
18890950,31450084
18895750,31454612
18900550,31459140
18905350,31463668
18910150,31468196
18914950,31472724
18919750,31477252
18924550,31481780
18929350,31486308
18934150,31490836
18938950,31495364
18943750,31499892
18948550,31504420
18953350,31508948
18958150,31513476
18962950,31518004
18967750,31522532
18972550,31527060
18977350,31531588
18982150,31536116
18986950,31540644
18991750,31545172
18996550,31549700
19001350,31554228
19006150,31558756
19010950,31563284
19015750,31567812
19020550,31572340
19025350,31576868
19030150,31581396
19034950,31585924
19039750,31590452
19044550,31594980
19049350,31599508
19054150,31604037
19058950,31608565
19063750,31613093
19068550,31617621
19073350,31622149
19078150,31626677
19082950,31631205
19087750,31635733
19092550,31640261
19097350,31644789
19102150,31649317
19106950,31653845
19111750,31658373
19116550,31662901
19121350,31667429
19126150,31671957
19130950,31676485
19135750,31681013
19140550,31685541
19145350,31690069
19150150,31694597
19154950,31699125
19159750,31703653
19164550,31708181
19169350,31712709
19174150,31717237
19178950,31721765
19183750,31726293
19188550,31730821
19193350,31735349
19198150,31739877
19202950,31744405
19207750,31748933
19212550,31753461
19217350,31757989
19222150,31762517
19226950,31767045
19231750,31771573
19236550,31776101
19241350,31780629
19246150,31785157
19250950,31789685
19255750,31794213
19260550,31798741
19265350,31803269
19270150,31807797
19274950,31812325
19279750,31816853
19284550,31821381
19289350,31825909
19294150,31830437
19298950,31834965
19303750,31839493
19308550,31844021
19313350,31848549
19318150,31853077
19322950,31857605
19327750,31862133
19332550,31866661
19337350,31871189
19342150,31875717
19346950,31880245
19351750,31884773
19356550,31889301
19361350,31893829
19366150,31898357
19370950,31902885
19375750,31907413
19380550,31911941
19385350,31916469
19390150,31920997
19394950,31925525
19399750,31930053
19404550,31934581
19409350,31939109
19414150,31943637
19418950,31948165
19423750,31952693
19428550,31957221
19433350,31961749
19438150,31966277
19442950,31970805
19447750,31975334
19452550,31979862
19457350,31984390
19462150,31988918
19466950,31993446
19471750,31997974
19476550,32002502
19481350,32007030
19486150,32011558
19490950,32016086
19495750,32020614
19500550,32025142
19505350,32029670
19510150,32034198
19514950,32038726
19519750,32043254
19524550,32047782
19529350,32052310
19534150,32056838
19538950,32061366
19543750,32065894
19548550,32070422
19553350,32074950
19558150,32079478
19562950,32084006
19567750,32088534
19572550,32093062
19577350,32097590
19582150,32102118
19586950,32106646
19591750,32111174
19596550,32115702
19601350,32120230
19606150,32124758
19610950,32129286
19615750,32133814
19620550,32138342
19625350,32142870
19630150,32147398
19634950,32151926
19639750,32156454
19644550,32160982
19649350,32165510
19654150,32170038
19658950,32174566
19663750,32179094
19668550,32183622
19673350,32188150
19678150,32192678
19682950,32197206
19687750,32201734
19692550,32206262
19697350,32210790
19702150,32215318
19706950,32219846
19711750,32224374
19716550,32228902
19721350,32233430
19726150,32237958
19730950,32242486
19735750,32247014
19740550,32251542
19745350,32256070
19750150,32260598
19754950,32265126
19759750,32269654
19764550,32274182
19769350,32278710
19774150,32283238
19778950,32287766
19783750,32292294
19788550,32296822
19793350,32301350
19798150,32305878
19802950,32310406
19807750,32314934
19812550,32319462
19817350,32323990
19822150,32328518
19826950,32333047
19831750,32337575
19836550,32342103
19841350,32346631
19846150,32351159
19850950,32355687
19855750,32360215
19860550,32364743
19865350,32369271
19870150,32373799
19874950,32378327
19879750,32382855
19884550,32387383
19889350,32391911
19894150,32396439
19898950,32400967
19903750,32405495
19908550,32410023
19913350,32414551
19918150,32419079
19922950,32423607
19927750,32428135
19932550,32432663
19937350,32437191
19942150,32441719
19946950,32446247
19951750,32450775
19956550,32455303
19961350,32459831
19966150,32464359
19970950,32468887
19975750,32473415
19980550,32477943
19985350,32482471
19990150,32486999
19994950,32491527
19999750,32496055
20004550,32500583
20009350,32505111
20014150,32509639
20018950,32514167
20023750,32518695
20028550,32523223
20033350,32527751
20038150,32532279
20042950,32536807
20047750,32541335
20052550,32545863
20057350,32550391
20062150,32554919
20066950,32559447
20071750,32563975
20076550,32568503
20081350,32573031
20086150,32577559
20090950,32582087
20095750,32586615
20100550,32591143
20105350,32595671
20110150,32600199
20114950,32604727
20119750,32609255
20124550,32613783
20129350,32618311
20134150,32622839
20138950,32627367
20143750,32631895
20148550,32636423
20153350,32640951
20158150,32645479
20162950,32650007
20167750,32654535
20172550,32659063
20177350,32663591
20182150,32668119
20186950,32672647
20191750,32677175
20196550,32681703
20201350,32686232
20206150,32690760
20210950,32695288
20215750,32699816
20220550,32704344
20225350,32708872
20230150,32713400
20234950,32717928
20239750,32722456
20244550,32726984
20249350,32731512
20254150,32736040
20258950,32740568
20263750,32745096
20268550,32749624
20273350,32754152
20278150,32758680
20282950,32763208
20287750,32767736
20292550,32772264
20297350,32776792
20302150,32781320
20306950,32785848
20311750,32790376
20316550,32794904
20321350,32799432
20326150,32803960
20330950,32808488
20335750,32813016
20340550,32817544
20345350,32822072
20350150,32826600
20354950,32831128
20359750,32835656
20364550,32840184
20369350,32844712
20374150,32849240
20378950,32853768
20383750,32858296
20388550,32862824
20393350,32867352
20398150,32871880
20402950,32876408
20407750,32880936
20412550,32885464
20417350,32889992
20422150,32894520
20426950,32899048
20431750,32903576
20436550,32908104
20441350,32912632
20446150,32917160
20450950,32921688
20455750,32926216
20460550,32930744
20465350,32935272
20470150,32939800
20474950,32944328
20479750,32948856
20484550,32953384
20489350,32957912
20494150,32962440
20498950,32966968
20503750,32971496
20508550,32976024
20513350,32980552
20518150,32985080
20522950,32989608
20527750,32994136
20532550,32998664
20537350,33003192
20542150,33007720
20546950,33012248
20551750,33016776
20556550,33021304
20561350,33025833
20566150,33030361
20570950,33034889
20575750,33039417
20580550,33043945
20585350,33048473
20590150,33053001
20594950,33057529
20599750,33062057
20604550,33066585
20609350,33071113
20614150,33075641
20618950,33080169
20623750,33084697
20628550,33089225
20633350,33093753
20638150,33098281
20642950,33102809
20647750,33107337
20652550,33111865
20657350,33116393
20662150,33120921
20666950,33125449
20671750,33129977
20676550,33134505
20681350,33139033
20686150,33143561
20690950,33148089
20695750,33152617
20700550,33157145
20705350,33161673
20710150,33166201
20714950,33170729
20719750,33175257
20724550,33179785
20729350,33184313
20734150,33188841
20738950,33193369
20743750,33197897
20748550,33202425
20753350,33206953
20758150,33211481
20762950,33216009
20767750,33220537
20772550,33225065
20777350,33229593
20782150,33234121
20786950,33238649
20791750,33243177
20796550,33247705
20801350,33252233
20806150,33256761
20810950,33261289
20815750,33265817
20820550,33270345
20825350,33274873
20830150,33279401
20834950,33283929
20839750,33288457
20844550,33292985
20849350,33297513
20854150,33302041
20858950,33306569
20863750,33311097
20868550,33315625
20873350,33320153
20878150,33324681
20882950,33329209
20887750,33333737
20892550,33338265
20897350,33342793
20902150,33347321
20906950,33351849
20911750,33356378
20916550,33360906
20921350,33365434
20926150,33369962
20930950,33374490
20935750,33379018
20940550,33383546
20945350,33388074
20950150,33392602
20954950,33397130
20959750,33401658
20964550,33406186
20969350,33410714
20974150,33415242
20978950,33419770
20983750,33424298
20988550,33428826
20993350,33433354
20998150,33437882
21002950,33442410
21007750,33446938
21012550,33451466
21017350,33455994
21022150,33460522
21026950,33465050
21031750,33469578
21036550,33474106
21041350,33478634
21046150,33483162
21050950,33487690
21055750,33492218
21060550,33496746
21065350,33501274
21070150,33505802
21074950,33510330
21079750,33514858
21084550,33519386
21089350,33523914
21094150,33528442
21098950,33532970
21103750,33537498
21108550,33542026
21113350,33546554
21118150,33551082
21122950,33555610
21127750,33560138
21132550,33564666
21137350,33569194
21142150,33573722
21146950,33578250
21151750,33582778
21156550,33587306
21161350,33591834
21166150,33596362
21170950,33600890
21175750,33605418
21180550,33609946
21185350,33614474
21190150,33619002
21194950,33623530
21199750,33628058
21204550,33632586
21209350,33637114
21214150,33641642
21218950,33646170
21223750,33650698
21228550,33655226
21233350,33659754
21238150,33664282
21242950,33668810
21247750,33673338
21252550,33677867
21257350,33682395
21262150,33686923
21266950,33691451
21271750,33695979
21276550,33700507
21281350,33705035
21286150,33709563
21290950,33714091
21295750,33718619
21300550,33723147
21305350,33727675
21310150,33732203
21314950,33736731
21319750,33741259
21324550,33745787
21329350,33750315
21334150,33754843
21338950,33759371
21343750,33763899
21348550,33768427
21353350,33772955
21358150,33777483
21362950,33782011
21367750,33786539
21372550,33791067
21377350,33795595
21382150,33800123
21386950,33804651
21391750,33809179
21396550,33813707
21401350,33818235
21406150,33822763
21410950,33827291
21415750,33831819
21420550,33836347
21425350,33840875
21430150,33845403
21434950,33849931
21439750,33854459
21444550,33858987
21449350,33863515
21454150,33868043
21458950,33872571
21463750,33877099
21468550,33881627
21473350,33886155
21478150,33890683
21482950,33895211
21487750,33899739
21492550,33904267
21497350,33908795
21502150,33913323
21506950,33917851
21511750,33922379
21516550,33926907
21521350,33931435
21526150,33935963
21530950,33940491
21535750,33945019
21540550,33949547
21545350,33954075
21550150,33958603
21554950,33963131
21559750,33967659
21564550,33972187
21569350,33976715
21574150,33981243
21578950,33985772
21583750,33990300
21588550,33994828
21593350,33999356
21598150,34003884
21602950,34008412
21607750,34012940
21612550,34017468
21617350,34021996
21622150,34026524
21626950,34031052
21631750,34035580
21636550,34040108
21641350,34044636
21646150,34049164
21650950,34053692
21655750,34058220
21660550,34062748
21665350,34067276
21670150,34071804
21674950,34076332
21679750,34080860
21684550,34085388
21689350,34089916
21694150,34094444
21698950,34098972
21703750,34103500
21708550,34108028
21713350,34112556
21718150,34117084
21722950,34121612
21727750,34126140
21732550,34130668
21737350,34135196
21742150,34139724
21746950,34144252
21751750,34148780
21756550,34153308
21761350,34157836
21766150,34162364
21770950,34166892
21775750,34171420
21780550,34175948
21785350,34180476
21790150,34185004
21794950,34189532
21799750,34194060
21804550,34198588
21809350,34203116
21814150,34207644
21818950,34212172
21823750,34216700
21828550,34221228
21833350,34225756
21838150,34230284
21842950,34234812
21847750,34239340
21852550,34243868
21857350,34248396
21862150,34252924
21866950,34257452
21871750,34261980
21876550,34266508
21881350,34271036
21886150,34275564
21890950,34280092
21895750,34284621
21900550,34289149
21905350,34293677
21910150,34298205
21914950,34302733
21919750,34307261
21924550,34311789
21929350,34316317
21934150,34320845
21938950,34325373
21943750,34329901
21948550,34334429
21953350,34338957
21958150,34343485
21962950,34348013
21967750,34352541
21972550,34357069
21977350,34361597
21982150,34366125
21986950,34370653
21991750,34375181
21996550,34379709
22001350,34384237
22006150,34388765
22010950,34393293
22015750,34397821
22020550,34402349
22025350,34406877
22030150,34411405
22034950,34415933
22039750,34420461
22044550,34424989
22049350,34429517
22054150,34434045
22058950,34438573
22063750,34443101
22068550,34447629
22073350,34452157
22078150,34456685
22082950,34461213
22087750,34465741
22092550,34470269
22097350,34474797
22102150,34479325
22106950,34483853
22111750,34488381
22116550,34492909
22121350,34497437
22126150,34501965
22130950,34506493
22135750,34511021
22140550,34515549
22145350,34520077
22150150,34524605
22154950,34529133
22159750,34533661
22164550,34538189
22169350,34542717
22174150,34547245
22178950,34551773
22183750,34556301
22188550,34560829
22193350,34565357
22198150,34569885
22202950,34574413
22207750,34578941
22212550,34583470
22217350,34587998
22222150,34592526
22226950,34597054
22231750,34601582
22236550,34606110
22241350,34610638
22246150,34615166
22250950,34619694
22255750,34624222
22260550,34628750
22265350,34633278
22270150,34637806
22274950,34642334
22279750,34646862
22284550,34651390
22289350,34655918
22294150,34660446
22298950,34664974
22303750,34669502
22308550,34674030
22313350,34678558
22318150,34683086
22322950,34687614
22327750,34692142
22332550,34696670
22337350,34701198
22342150,34705726
22346950,34710254
22351750,34714782
22356550,34719310
22361350,34723838
22366150,34728366
22370950,34732894
22375750,34737422
22380550,34741950
22385350,34746478
22390150,34751006
22394950,34755534
22399750,34760062
22404550,34764590
22409350,34769118
22414150,34773646
22418950,34778174
22423750,34782702
22428550,34787230
22433350,34791758
22438150,34796286
22442950,34800814
22447750,34805342
22452550,34809870
22457350,34814398
22462150,34818926
22466950,34823454
22471750,34827982
22476550,34832510
22481350,34837038
22486150,34841566
22490950,34846094
22495750,34850622
22500550,34855150
22505350,34859678
22510150,34864206
22514950,34868735
22519750,34873263
22524550,34877791
22529350,34882319
22534150,34886847
22538950,34891375
22543750,34895903
22548550,34900431
22553350,34904959
22558150,34909487
22562950,34914015
22567750,34918543
22572550,34923071
22577350,34927599
22582150,34932127
22586950,34936655
22591750,34941183
22596550,34945711
22601350,34950239
22606150,34954767
22610950,34959295
22615750,34963823
22620550,34968351
22625350,34972879
22630150,34977407
22634950,34981935
22639750,34986463
22644550,34990991
22649350,34995519
22654150,35000047
22658950,35004575
22663750,35009103
22668550,35013631
22673350,35018159
22678150,35022687
22682950,35027215
22687750,35031743
22692550,35036271
22697350,35040799
22702150,35045327
22706950,35049855
22711750,35054383
22716550,35058911
22721350,35063439
22726150,35067967
22730950,35072495
22735750,35077023
22740550,35081551
22745350,35086079
22750150,35090607
22754950,35095135
22759750,35099663
22764550,35104191
22769350,35108719
22774150,35113247
22778950,35117775
22783750,35122303
22788550,35126831
22793350,35131359
22798150,35135887
22802950,35140415
22807750,35144943
22812550,35149472
22817350,35154000
22822150,35158528
22826950,35163056
22831750,35167584
22836550,35172112
22841350,35176640
22846150,35181168
22850950,35185696
22855750,35190224
22860550,35194752
22865350,35199280
22870150,35203808
22874950,35208336
22879750,35212864
22884550,35217392
22889350,35221920
22894150,35226448
22898950,35230976
22903750,35235504
22908550,35240032
22913350,35244560
22918150,35249088
22922950,35253616
22927750,35258144
22932550,35262672
22937350,35267200
22942150,35271728
22946950,35276256
22951750,35280784
22956550,35285312
22961350,35289840
22966150,35294368
22970950,35298896
22975750,35303424
22980550,35307952
22985350,35312480
22990150,35317008
22994950,35321536
22999750,35326064
23004550,35330592
23009350,35335120
23014150,35339648
23018950,35344176
23023750,35348704
23028550,35353232
23033350,35357760
23038150,35362288
23042950,35366816
23047750,35371344
23052550,35375872
23057350,35380400
23062150,35384928
23066950,35389456
23071750,35393984
23076550,35398512
23081350,35403040
23086150,35407568
23090950,35412096
23095750,35416625
23100550,35421153
23105350,35425681
23110150,35430209
23114950,35434737
23119750,35439265
23124550,35443793
23129350,35448321
23134150,35452849
23138950,35457377
23143750,35461905
23148550,35466433
23153350,35470961
23158150,35475489
23162950,35480017
23167750,35484545
23172550,35489073
23177350,35493601
23182150,35498129
23186950,35502657
23191750,35507185
23196550,35511713
23201350,35516241
23206150,35520769
23210950,35525297
23215750,35529825
23220550,35534353
23225350,35538881
23230150,35543409
23234950,35547937
23239750,35552465
23244550,35556993
23249350,35561521
23254150,35566049
23258950,35570577
23263750,35575105
23268550,35579633
23273350,35584161
23278150,35588689
23282950,35593217
23287750,35597745
23292550,35602273
23297350,35606801
23302150,35611329
23306950,35615857
23311750,35620385
23316550,35624913
23321350,35629441
23326150,35633969
23330950,35638497
23335750,35643025
23340550,35647553
23345350,35652081
23350150,35656609
23354950,35661137
23359750,35665665
23364550,35670193
23369350,35674721
23374150,35679249
23378950,35683778
23383750,35688306
23388550,35692834
23393350,35697362
23398150,35701890
23402950,35706418
23407750,35710946
23412550,35715474
23417350,35720002
23422150,35724530
23426950,35729058
23431750,35733586
23436550,35738114
23441350,35742642
23446150,35747170
23450950,35751698
23455750,35756226
23460550,35760754
23465350,35765282
23470150,35769810
23474950,35774338
23479750,35778866
23484550,35783394
23489350,35787922
23494150,35792450
23498950,35796978
23503750,35801506
23508550,35806034
23513350,35810562
23518150,35815090
23522950,35819618
23527750,35824146
23532550,35828674
23537350,35833202
23542150,35837730
23546950,35842258
23551750,35846786
23556550,35851314
23561350,35855842
23566150,35860370
23570950,35864898
23575750,35869426
23580550,35873954
23585350,35878482
23590150,35883010
23594950,35887538
23599750,35892066
23604550,35896594
23609350,35901122
23614150,35905650
23618950,35910178
23623750,35914706
23628550,35919234
23633350,35923762
23638150,35928290
23642950,35932818
23647750,35937346
23652550,35941874
23657350,35946403
23662150,35950931
23666950,35955459
23671750,35959987
23676550,35964515
23681350,35969043
23686150,35973571
23690950,35978099
23695750,35982627
23700550,35987155
23705350,35991683
23710150,35996211
23714950,36000739
23719750,36005267
23724550,36009795
23729350,36014323
23734150,36018851
23738950,36023379
23743750,36027907
23748550,36032435
23753350,36036963
23758150,36041491
23762950,36046019
23767750,36050547
23772550,36055075
23777350,36059603
23782150,36064131
23786950,36068659
23791750,36073187
23796550,36077715
23801350,36082243
23806150,36086771
23810950,36091299
23815750,36095827
23820550,36100355
23825350,36104883
23830150,36109411
23834950,36113939
23839750,36118467
23844550,36122995
23849350,36127523
23854150,36132051
23858950,36136579
23863750,36141107
23868550,36145635
23873350,36150163
23878150,36154691
23882950,36159219
23887750,36163747
23892550,36168275
23897350,36172803
23902150,36177331
23906950,36181859
23911750,36186387
23916550,36190915
23921350,36195443
23926150,36199971
23930950,36204500
23935750,36209028
23940550,36213556
23945350,36218084
23950150,36222612
23954950,36227140
23959750,36231668
23964550,36236196
23969350,36240724
23974150,36245252
23978950,36249780
23983750,36254308
23988550,36258836
23993350,36263364
23998150,36267892
24002950,36272420
24007750,36276948
24012550,36281476
24017350,36286004
24022150,36290532
24026950,36295060
24031750,36299588
24036550,36304116
24041350,36308644
24046150,36313172
24050950,36317700
24055750,36322228
24060550,36326756
24065350,36331284
24070150,36335812
24074950,36340340
24079750,36344868
24084550,36349396
24089350,36353924
24094150,36358452
24098950,36362980
24103750,36367508
24108550,36372036
24113350,36376564
24118150,36381092
24122950,36385620
24127750,36390148
24132550,36394676
24137350,36399204
24142150,36403732
24146950,36408260
24151750,36412788
24156550,36417316
24161350,36421844
24166150,36426372
24170950,36430900
24175750,36435428
24180550,36439956
24185350,36444484
24190150,36449012
24194950,36453540
24199750,36458068
24204550,36462597
24209350,36467125
24214150,36471653
24218950,36476181
24223750,36480709
24228550,36485237
24233350,36489765
24238150,36494293
24242950,36498821
24247750,36503349
24252550,36507877
24257350,36512405
24262150,36516933
24266950,36521461
24271750,36525989
24276550,36530517
24281350,36535045
24286150,36539573
24290950,36544101
24295750,36548629
24300550,36553157
24305350,36557685
24310150,36562213
24314950,36566741
24319750,36571269
24324550,36575797
24329350,36580325
24334150,36584853
24338950,36589381
24343750,36593909
24348550,36598437
24353350,36602965
24358150,36607493
24362950,36612021
24367750,36616549
24372550,36621077
24377350,36625605
24382150,36630133
24386950,36634661
24391750,36639189
24396550,36643717
24401350,36648245
24406150,36652773
24410950,36657301
24415750,36661829
24420550,36666357
24425350,36670885
24430150,36675413
24434950,36679941
24439750,36684469
24444550,36688997
24449350,36693525
24454150,36698053
24458950,36702581
24463750,36707109
24468550,36711638
24473350,36716166
24478150,36720694
24482950,36725222
24487750,36729750
24492550,36734278
24497350,36738806
24502150,36743334
24506950,36747862
24511750,36752390
24516550,36756918
24521350,36761446
24526150,36765974
24530950,36770502
24535750,36775030
24540550,36779558
24545350,36784086
24550150,36788614
24554950,36793142
24559750,36797670
24564550,36802198
24569350,36806726
24574150,36811254
24578950,36815782
24583750,36820310
24588550,36824838
24593350,36829366
24598150,36833894
24602950,36838422
24607750,36842950
24612550,36847478
24617350,36852006
24622150,36856534
24626950,36861062
24631750,36865590
24636550,36870118
24641350,36874646
24646150,36879174
24650950,36883702
24655750,36888230
24660550,36892758
24665350,36897286
24670150,36901814
24674950,36906342
24679750,36910870
24684550,36915398
24689350,36919926
24694150,36924454
24698950,36928982
24703750,36933510
24708550,36938038
24713350,36942566
24718150,36947094
24722950,36951622
24727750,36956151
24732550,36960679
24737350,36965207
24742150,36969735
24746950,36974263
24751750,36978791
24756550,36983319
24761350,36987847
24766150,36992375
24770950,36996903
24775750,37001431
24780550,37005959
24785350,37010487
24790150,37015015
24794950,37019543
24799750,37024071
24804550,37028599
24809350,37033127
24814150,37037655
24818950,37042183
24823750,37046711
24828550,37051239
24833350,37055767
24838150,37060295
24842950,37064823
24847750,37069351
24852550,37073879
24857350,37078407
24862150,37082935
24866950,37087463
24871750,37091991
24876550,37096519
24881350,37101047
24886150,37105575
24890950,37110103
24895750,37114631
24900550,37119159
24905350,37123687
24910150,37128215
24914950,37132743
24919750,37137271
24924550,37141799
24929350,37146327
24934150,37150855
24938950,37155383
24943750,37159911
24948550,37164439
24953350,37168967
24958150,37173495
24962950,37178023
24967750,37182551
24972550,37187079
24977350,37191607
24982150,37196136
24986950,37200664
24991750,37205192
24996550,37209720
25001350,37214248
25006150,37218776
25010950,37223304
25015750,37227832
25020550,37232360
25025350,37236888
25030150,37241416
25034950,37245944
25039750,37250472
25044550,37255000
25049350,37259528
25054150,37264056
25058950,37268584
25063750,37273112
25068550,37277640
25073350,37282168
25078150,37286696
25082950,37291224
25087750,37295752
25092550,37300280
25097350,37304808
25102150,37309336
25106950,37313864
25111750,37318392
25116550,37322920
25121350,37327448
25126150,37331976
25130950,37336504
25135750,37341032
25140550,37345560
25145350,37350088
25150150,37354616
25154950,37359144
25159750,37363672
25164550,37368200
25169350,37372728
25174150,37377256
25178950,37381784
25183750,37386312
25188550,37390840
25193350,37395368
25198150,37399896
25202950,37404424
25207750,37408952
25212550,37413480
25217350,37418008
25222150,37422536
25226950,37427064
25231750,37431593
25236550,37436121
25241350,37440649
25246150,37445177
25250950,37449705
25255750,37454233
25260550,37458761
25265350,37463289
25270150,37467817
25274950,37472345
25279750,37476873
25284550,37481401
25289350,37485929
25294150,37490457
25298950,37494985
25303750,37499513
25308550,37504041
25313350,37508569
25318150,37513097
25322950,37517625
25327750,37522153
25332550,37526681
25337350,37531209
25342150,37535737
25346950,37540265
25351750,37544793
25356550,37549321
25361350,37553849
25366150,37558377
25370950,37562905
25375750,37567433
25380550,37571961
25385350,37576489
25390150,37581017
25394950,37585545
25399750,37590073
25404550,37594601
25409350,37599129
25414150,37603657
25418950,37608185
25423750,37612713
25428550,37617241
25433350,37621769
25438150,37626297
25442950,37630825
25447750,37635353
25452550,37639881
25457350,37644409
25462150,37648937
25466950,37653465
25471750,37657993
25476550,37662522
25481350,37667050
25486150,37671578
25490950,37676106
25495750,37680634
25500550,37685162
25505350,37689690
25510150,37694218
25514950,37698746
25519750,37703274
25524550,37707802
25529350,37712330
25534150,37716858
25538950,37721386
25543750,37725914
25548550,37730442
25553350,37734970
25558150,37739498
25562950,37744026
25567750,37748554
25572550,37753082
25577350,37757610
25582150,37762138
25586950,37766666
25591750,37771194
25596550,37775722
25601350,37780250
25606150,37784778
25610950,37789306
25615750,37793834
25620550,37798362
25625350,37802890
25630150,37807418
25634950,37811946
25639750,37816474
25644550,37821002
25649350,37825530
25654150,37830058
25658950,37834586
25663750,37839114
25668550,37843642
25673350,37848170
25678150,37852698
25682950,37857226
25687750,37861754
25692550,37866282
25697350,37870810
25702150,37875338
25706950,37879866
25711750,37884394
25716550,37888922
25721350,37893451
25726150,37897979
25730950,37902507
25735750,37907035
25740550,37911563
25745350,37916091
25750150,37920619
25754950,37925147
25759750,37929675
25764550,37934203
25769350,37938731
25774150,37943259
25778950,37947787
25783750,37952315
25788550,37956843
25793350,37961371
25798150,37965899
25802950,37970427
25807750,37974955
25812550,37979483
25817350,37984011
25822150,37988539
25826950,37993067
25831750,37997595
25836550,38002123
25841350,38006651
25846150,38011179
25850950,38015707
25855750,38020235
25860550,38024763
25865350,38029291
25870150,38033819
25874950,38038347
25879750,38042875
25884550,38047403
25889350,38051931
25894150,38056459
25898950,38060987
25903750,38065515
25908550,38070043
25913350,38074571
25918150,38079099
25922950,38083627
25927750,38088155
25932550,38092683
25937350,38097211
25942150,38101739
25946950,38106267
25951750,38110795
25956550,38115323
25961350,38119852
25966150,38124380
25970950,38128908
25975750,38133436
25980550,38137964
25985350,38142492
25990150,38147020
25994950,38151548
25999750,38156076
26004550,38160604
26009350,38165132
26014150,38169660
26018950,38174188
26023750,38178716
26028550,38183244
26033350,38187772
26038150,38192300
26042950,38196828
26047750,38201356
26052550,38205884
26057350,38210412
26062150,38214940
26066950,38219468
26071750,38223996
26076550,38228524
26081350,38233052
26086150,38237580
26090950,38242108
26095750,38246636
26100550,38251164
26105350,38255692
26110150,38260220
26114950,38264748
26119750,38269276
26124550,38273804
26129350,38278332
26134150,38282860
26138950,38287388
26143750,38291916
26148550,38296444
26153350,38300972
26158150,38305500
26162950,38310028
26167750,38314556
26172550,38319084
26177350,38323612
26182150,38328140
26186950,38332668
26191750,38337197
26196550,38341725
26201350,38346253
26206150,38350781
26210950,38355309
26215750,38359837
26220550,38364365
26225350,38368893
26230150,38373421
26234950,38377949
26239750,38382477
26244550,38387005
26249350,38391533
26254150,38396061
26258950,38400589
26263750,38405117
26268550,38409645
26273350,38414173
26278150,38418701
26282950,38423229
26287750,38427757
26292550,38432285
26297350,38436813
26302150,38441341
26306950,38445869
26311750,38450397
26316550,38454925
26321350,38459453
26326150,38463981
26330950,38468509
26335750,38473037
26340550,38477565
26345350,38482093
26350150,38486621
26354950,38491149
26359750,38495677
26364550,38500205
26369350,38504733
26374150,38509261
26378950,38513789
26383750,38518317
26388550,38522845
26393350,38527373
26398150,38531901
26402950,38536429
26407750,38540957
26412550,38545485
26417350,38550013
26422150,38554542
26426950,38559070
26431750,38563598
26436550,38568126
26441350,38572654
26446150,38577182
26450950,38581710
26455750,38586238
26460550,38590766
26465350,38595294
26470150,38599822
26474950,38604350
26479750,38608878
26484550,38613406
26489350,38617934
26494150,38622462
26498950,38626990
26503750,38631518
26508550,38636046
26513350,38640574
26518150,38645102
26522950,38649630
26527750,38654158
26532550,38658686
26537350,38663214
26542150,38667742
26546950,38672270
26551750,38676798
26556550,38681326
26561350,38685854
26566150,38690382
26570950,38694910
26575750,38699438
26580550,38703966
26585350,38708494
26590150,38713022
26594950,38717550
26599750,38722078
26604550,38726606
26609350,38731134
26614150,38735662
26618950,38740190
26623750,38744718
26628550,38749246
26633350,38753774
26638150,38758302
26642950,38762830
26647750,38767359
26652550,38771887
26657350,38776415
26662150,38780943
26666950,38785471
26671750,38789999
26676550,38794527
26681350,38799055
26686150,38803583
26690950,38808111
26695750,38812639
26700550,38817167
26705350,38821695
26710150,38826223
26714950,38830751
26719750,38835279
26724550,38839807
26729350,38844335
26734150,38848863
26738950,38853391
26743750,38857919
26748550,38862447
26753350,38866975
26758150,38871503
26762950,38876031
26767750,38880559
26772550,38885087
26777350,38889615
26782150,38894143
26786950,38898671
26791750,38903199
26796550,38907727
26801350,38912255
26806150,38916783
26810950,38921311
26815750,38925839
26820550,38930367
26825350,38934895
26830150,38939423
26834950,38943951
26839750,38948479
26844550,38953007
26849350,38957535
26854150,38962063
26858950,38966591
26863750,38971119
26868550,38975648
26873350,38980176
26878150,38984704
26882950,38989232
26887750,38993760
26892550,38998288
26897350,39002816
26902150,39007344
26906950,39011872
26911750,39016400
26916550,39020928
26921350,39025456
26926150,39029984
26930950,39034512
26935750,39039040
26940550,39043568
26945350,39048096
26950150,39052624
26954950,39057152
26959750,39061680
26964550,39066208
26969350,39070736
26974150,39075264
26978950,39079792
26983750,39084320
26988550,39088848
26993350,39093376
26998150,39097904
27002950,39102432
27007750,39106960
27012550,39111488
27017350,39116016
27022150,39120544
27026950,39125072
27031750,39129600
27036550,39134128
27041350,39138656
27046150,39143184
27050950,39147712
27055750,39152240
27060550,39156768
27065350,39161296
27070150,39165824
27074950,39170352
27079750,39174880
27084550,39179409
27089350,39183937
27094150,39188465
27098950,39192993
27103750,39197521
27108550,39202049
27113350,39206577
27118150,39211105
27122950,39215633
27127750,39220161
27132550,39224689
27137350,39229217
27142150,39233745
27146950,39238273
27151750,39242801
27156550,39247329
27161350,39251857
27166150,39256385
27170950,39260913
27175750,39265441
27180550,39269969
27185350,39274497
27190150,39279025
27194950,39283553
27199750,39288081
27204550,39292609
27209350,39297137
27214150,39301665
27218950,39306193
27223750,39310721
27228550,39315249
27233350,39319777
27238150,39324305
27242950,39328833
27247750,39333361
27252550,39337889
27257350,39342417
27262150,39346945
27266950,39351473
27271750,39356001
27276550,39360529
27281350,39365057
27286150,39369585
27290950,39374113
27295750,39378641
27300550,39383170
27305350,39387698
27310150,39392226
27314950,39396754
27319750,39401282
27324550,39405810
27329350,39410338
27334150,39414866
27338950,39419394
27343750,39423922
27348550,39428450
27353350,39432978
27358150,39437506
27362950,39442034
27367750,39446562
27372550,39451090
27377350,39455618
27382150,39460146
27386950,39464674
27391750,39469202
27396550,39473730
27401350,39478258
27406150,39482786
27410950,39487314
27415750,39491842
27420550,39496370
27425350,39500898
27430150,39505426
27434950,39509954
27439750,39514482
27444550,39519010
27449350,39523538
27454150,39528066
27458950,39532594
27463750,39537122
27468550,39541650
27473350,39546178
27478150,39550706
27482950,39555234
27487750,39559762
27492550,39564290
27497350,39568818
27502150,39573346
27506950,39577874
27511750,39582403
27516550,39586931
27521350,39591459
27526150,39595987
27530950,39600515
27535750,39605043
27540550,39609571
27545350,39614099
27550150,39618627
27554950,39623155
27559750,39627683
27564550,39632211
27569350,39636739
27574150,39641267
27578950,39645795
27583750,39650323
27588550,39654851
27593350,39659379
27598150,39663907
27602950,39668435
27607750,39672963
27612550,39677491
27617350,39682019
27622150,39686547
27626950,39691075
27631750,39695603
27636550,39700131
27641350,39704659
27646150,39709187
27650950,39713715
27655750,39718243
27660550,39722771
27665350,39727299
27670150,39731827
27674950,39736355
27679750,39740883
27684550,39745411
27689350,39749939
27694150,39754467
27698950,39758995
27703750,39763523
27708550,39768051
27713350,39772580
27718150,39777108
27722950,39781636
27727750,39786164
27732550,39790692
27737350,39795220
27742150,39799748
27746950,39804276
27751750,39808804
27756550,39813332
27761350,39817860
27766150,39822388
27770950,39826916
27775750,39831444
27780550,39835972
27785350,39840500
27790150,39845028
27794950,39849556
27799750,39854084
27804550,39858612
27809350,39863140
27814150,39867668
27818950,39872196
27823750,39876724
27828550,39881252
27833350,39885780
27838150,39890308
27842950,39894836
27847750,39899364
27852550,39903892
27857350,39908420
27862150,39912948
27866950,39917476
27871750,39922004
27876550,39926532
27881350,39931060
27886150,39935588
27890950,39940116
27895750,39944644
27900550,39949172
27905350,39953700
27910150,39958228
27914950,39962756
27919750,39967285
27924550,39971813
27929350,39976341
27934150,39980869
27938950,39985397
27943750,39989925
27948550,39994453
27953350,39998981
27958150,40003509
27962950,40008037
27967750,40012565
27972550,40017093
27977350,40021621
27982150,40026149
27986950,40030677
27991750,40035205
27996550,40039733
28001350,40044261
28006150,40048789
28010950,40053317
28015750,40057845
28020550,40062373
28025350,40066901
28030150,40071429
28034950,40075957
28039750,40080485
28044550,40085013
28049350,40089541
28054150,40094069
28058950,40098597
28063750,40103125
28068550,40107653
28073350,40112181
28078150,40116709
28082950,40121237
28087750,40125765
28092550,40130293
28097350,40134821
28102150,40139349
28106950,40143877
28111750,40148405
28116550,40152933
28121350,40157462
28126150,40161990
28130950,40166518
28135750,40171046
28140550,40175574
28145350,40180102
28150150,40184630
28154950,40189158
28159750,40193686
28164550,40198214
28169350,40202742
28174150,40207270
28178950,40211798
28183750,40216326
28188550,40220854
28193350,40225382
28198150,40229910
28202950,40234438
28207750,40238966
28212550,40243494
28217350,40248022
28222150,40252550
28226950,40257078
28231750,40261606
28236550,40266134
28241350,40270662
28246150,40275190
28250950,40279718
28255750,40284246
28260550,40288774
28265350,40293302
28270150,40297830
28274950,40302358
28279750,40306886
28284550,40311414
28289350,40315942
28294150,40320470
28298950,40324998
28303750,40329526
28308550,40334054
28313350,40338582
28318150,40343111
28322950,40347639
28327750,40352167
28332550,40356695
28337350,40361223
28342150,40365751
28346950,40370279
28351750,40374807
28356550,40379335
28361350,40383863
28366150,40388391
28370950,40392919
28375750,40397447
28380550,40401975
28385350,40406503
28390150,40411031
28394950,40415559
28399750,40420087
28404550,40424615
28409350,40429143
28414150,40433671
28418950,40438199
28423750,40442727
28428550,40447255
28433350,40451783
28438150,40456311
28442950,40460839
28447750,40465367
28452550,40469895
28457350,40474423
28462150,40478951
28466950,40483479
28471750,40488007
28476550,40492535
28481350,40497063
28486150,40501591
28490950,40506119
28495750,40510647
28500550,40515175
28505350,40519703
28510150,40524231
28514950,40528760
28519750,40533288
28524550,40537816
28529350,40542344
28534150,40546872
28538950,40551400
28543750,40555928
28548550,40560456
28553350,40564984
28558150,40569512
28562950,40574040
28567750,40578568
28572550,40583096
28577350,40587624
28582150,40592152
28586950,40596680
28591750,40601208
28596550,40605736
28601350,40610264
28606150,40614792
28610950,40619320
28615750,40623848
28620550,40628376
28625350,40632904
28630150,40637432
28634950,40641960
28639750,40646488
28644550,40651016
28649350,40655544
28654150,40660072
28658950,40664600
28663750,40669128
28668550,40673656
28673350,40678184
28678150,40682712
28682950,40687240
28687750,40691768
28692550,40696296
28697350,40700824
28702150,40705352
28706950,40709881
28711750,40714409
28716550,40718937
28721350,40723465
28726150,40727993
28730950,40732521
28735750,40737049
28740550,40741577
28745350,40746105
28750150,40750633
28754950,40755161
28759750,40759689
28764550,40764217
28769350,40768745
28774150,40773273
28778950,40777801
28783750,40782329
28788550,40786857
28793350,40791385
28798150,40795913
28802950,40800441
28807750,40804969
28812550,40809497
28817350,40814025
28822150,40818553
28826950,40823081
28831750,40827609
28836550,40832137
28841350,40836665
28846150,40841193
28850950,40845721
28855750,40850249
28860550,40854777
28865350,40859305
28870150,40863833
28874950,40868361
28879750,40872889
28884550,40877417
28889350,40881945
28894150,40886473
28898950,40891002
28903750,40895530
28908550,40900058
28913350,40904586
28918150,40909114
28922950,40913642
28927750,40918170
28932550,40922698
28937350,40927226
28942150,40931754
28946950,40936282
28951750,40940810
28956550,40945338
28961350,40949866
28966150,40954394
28970950,40958922
28975750,40963450
28980550,40967978
28985350,40972506
28990150,40977034
28994950,40981562
28999750,40986090
29004550,40990618
29009350,40995146
29014150,40999674
29018950,41004202
29023750,41008730
29028550,41013258
29033350,41017786
29038150,41022314
29042950,41026842
29047750,41031370
29052550,41035898
29057350,41040426
29062150,41044954
29066950,41049482
29071750,41054010
29076550,41058538
29081350,41063066
29086150,41067595
29090950,41072123
29095750,41076651
29100550,41081179
29105350,41085707
29110150,41090235
29114950,41094763
29119750,41099291
29124550,41103819
29129350,41108347
29134150,41112875
29138950,41117403
29143750,41121931
29148550,41126459
29153350,41130987
29158150,41135515
29162950,41140043
29167750,41144571
29172550,41149099
29177350,41153627
29182150,41158155
29186950,41162683
29191750,41167211
29196550,41171739
29201350,41176267
29206150,41180795
29210950,41185323
29215750,41189851
29220550,41194379
29225350,41198907
29230150,41203435
29234950,41207963
29239750,41212491
29244550,41217019
29249350,41221547
29254150,41226075
29258950,41230603
29263750,41235131
29268550,41239660
29273350,41244188
29278150,41248716
29282950,41253244
29287750,41257772
29292550,41262300
29297350,41266828
29302150,41271356
29306950,41275884
29311750,41280412
29316550,41284940
29321350,41289468
29326150,41293996
29330950,41298524
29335750,41303052
29340550,41307580
29345350,41312108
29350150,41316636
29354950,41321164
29359750,41325692
29364550,41330220
29369350,41334748
29374150,41339276
29378950,41343804
29383750,41348332
29388550,41352860
29393350,41357388
29398150,41361916
29402950,41366444
29407750,41370972
29412550,41375500
29417350,41380028
29422150,41384556
29426950,41389084
29431750,41393612
29436550,41398140
29441350,41402668
29446150,41407196
29450950,41411724
29455750,41416253
29460550,41420781
29465350,41425309
29470150,41429837
29474950,41434365
29479750,41438893
29484550,41443421
29489350,41447949
29494150,41452477
29498950,41457005
29503750,41461533
29508550,41466061
29513350,41470589
29518150,41475117
29522950,41479645
29527750,41484173
29532550,41488701
29537350,41493229
29542150,41497757
29546950,41502285
29551750,41506813
29556550,41511341
29561350,41515869
29566150,41520397
29570950,41524925
29575750,41529453
29580550,41533981
29585350,41538509
29590150,41543037
29594950,41547565
29599750,41552093
29604550,41556621
29609350,41561149
29614150,41565677
29618950,41570205
29623750,41574733
29628550,41579261
29633350,41583789
29638150,41588318
29642950,41592846
29647750,41597374
29652550,41601902
29657350,41606430
29662150,41610958
29666950,41615486
29671750,41620014
29676550,41624542
29681350,41629070
29686150,41633598
29690950,41638126
29695750,41642654
29700550,41647182
29705350,41651710
29710150,41656238
29714950,41660766
29719750,41665294
29724550,41669822
29729350,41674350
29734150,41678878
29738950,41683406
29743750,41687934
29748550,41692462
29753350,41696990
29758150,41701518
29762950,41706046
29767750,41710574
29772550,41715102
29777350,41719630
29782150,41724158
29786950,41728686
29791750,41733214
29796550,41737742
29801350,41742270
29806150,41746798
29810950,41751326
29815750,41755854
29820550,41760383
29825350,41764911
29830150,41769439
29834950,41773967
29839750,41778495
29844550,41783023
29849350,41787551
29854150,41792079
29858950,41796607
29863750,41801135
29868550,41805663
29873350,41810191
29878150,41814719
29882950,41819247
29887750,41823775
29892550,41828303
29897350,41832831
29902150,41837359
29906950,41841887
29911750,41846415
29916550,41850943
29921350,41855471
29926150,41859999
29930950,41864527
29935750,41869055
29940550,41873583
29945350,41878111
29950150,41882639
29954950,41887167
29959750,41891695
29964550,41896223
29969350,41900751
29974150,41905279
29978950,41909807
29983750,41914335
29988550,41918863
29993350,41923391
29998150,41927920
30002950,41932448
30007750,41936976
30012550,41941504
30017350,41946032
30022150,41950560
30026950,41955088
30031750,41959616
30036550,41964144
30041350,41968672
30046150,41973200
30050950,41977728
30055750,41982256
30060550,41986784
30065350,41991312
30070150,41995840
30074950,42000368
30079750,42004896
30084550,42009424
30089350,42013952
30094150,42018480
30098950,42023008
30103750,42027536
30108550,42032064
30113350,42036592
30118150,42041120
30122950,42045648
30127750,42050176
30132550,42054704
30137350,42059232
30142150,42063760
30146950,42068288
30151750,42072816
30156550,42077344
30161350,42081872
30166150,42086400
30170950,42090928
30175750,42095457
30180550,42099985
30185350,42104513
30190150,42109041
30194950,42113569
30199750,42118097
30204550,42122625
30209350,42127153
30214150,42131681
30218950,42136209
30223750,42140737
30228550,42145265
30233350,42149793
30238150,42154321
30242950,42158849
30247750,42163377
30252550,42167905
30257350,42172433
30262150,42176961
30266950,42181489
30271750,42186017
30276550,42190545
30281350,42195073
30286150,42199601
30290950,42204129
30295750,42208657
30300550,42213185
30305350,42217713
30310150,42222241
30314950,42226769
30319750,42231297
30324550,42235825
30329350,42240353
30334150,42244881
30338950,42249409
30343750,42253937
30348550,42258465
30353350,42262994
30358150,42267522
30362950,42272050
30367750,42276578
30372550,42281106
30377350,42285634
30382150,42290162
30386950,42294690
30391750,42299218
30396550,42303746
30401350,42308274
30406150,42312802
30410950,42317330
30415750,42321858
30420550,42326386
30425350,42330914
30430150,42335442
30434950,42339970
30439750,42344498
30444550,42349026
30449350,42353554
30454150,42358082
30458950,42362610
30463750,42367138
30468550,42371666
30473350,42376194
30478150,42380722
30482950,42385250
30487750,42389778
30492550,42394306
30497350,42398834
30502150,42403362
30506950,42407890
30511750,42412418
30516550,42416946
30521350,42421474
30526150,42426003
30530950,42430531
30535750,42435059
30540550,42439587
30545350,42444115
30550150,42448643
30554950,42453171
30559750,42457699
30564550,42462227
30569350,42466755
30574150,42471283
30578950,42475811
30583750,42480339
30588550,42484867
30593350,42489395
30598150,42493923
30602950,42498451
30607750,42502979
30612550,42507507
30617350,42512035
30622150,42516563
30626950,42521091
30631750,42525619
30636550,42530147
30641350,42534675
30646150,42539203
30650950,42543731
30655750,42548259
30660550,42552787
30665350,42557315
30670150,42561843
30674950,42566371
30679750,42570899
30684550,42575427
30689350,42579955
30694150,42584483
30698950,42589012
30703750,42593540
30708550,42598068
30713350,42602596
30718150,42607124
30722950,42611652
30727750,42616180
30732550,42620708
30737350,42625236
30742150,42629764
30746950,42634292
30751750,42638820
30756550,42643348
30761350,42647876
30766150,42652404
30770950,42656932
30775750,42661460
30780550,42665988
30785350,42670516
30790150,42675044
30794950,42679572
30799750,42684100
30804550,42688628
30809350,42693156
30814150,42697684
30818950,42702212
30823750,42706740
30828550,42711268
30833350,42715796
30838150,42720324
30842950,42724852
30847750,42729380
30852550,42733908
30857350,42738436
30862150,42742964
30866950,42747493
30871750,42752021
30876550,42756549
30881350,42761077
30886150,42765605
30890950,42770133
30895750,42774661
30900550,42779189
30905350,42783717
30910150,42788245
30914950,42792773
30919750,42797301
30924550,42801829
30929350,42806357
30934150,42810885
30938950,42815413
30943750,42819941
30948550,42824469
30953350,42828997
30958150,42833525
30962950,42838053
30967750,42842581
30972550,42847109
30977350,42851637
30982150,42856165
30986950,42860693
30991750,42865221
30996550,42869749
31001350,42874277
31006150,42878805
31010950,42883333
31015750,42887861
31020550,42892389
31025350,42896917
31030150,42901445
31034950,42905973
31039750,42910502
31044550,42915030
31049350,42919558
31054150,42924086
31058950,42928614
31063750,42933142
31068550,42937670
31073350,42942198
31078150,42946726
31082950,42951254
31087750,42955782
31092550,42960310
31097350,42964838
31102150,42969366
31106950,42973894
31111750,42978422
31116550,42982950
31121350,42987478
31126150,42992006
31130950,42996534
31135750,43001062
31140550,43005590
31145350,43010118
31150150,43014646
31154950,43019174
31159750,43023702
31164550,43028230
31169350,43032758
31174150,43037286
31178950,43041814
31183750,43046342
31188550,43050870
31193350,43055398
31198150,43059926
31202950,43064454
31207750,43068983
31212550,43073511
31217350,43078039
31222150,43082567
31226950,43087095
31231750,43091623
31236550,43096151
31241350,43100679
31246150,43105207
31250950,43109735
31255750,43114263
31260550,43118791
31265350,43123319
31270150,43127847
31274950,43132375
31279750,43136903
31284550,43141431
31289350,43145959
31294150,43150487
31298950,43155015
31303750,43159543
31308550,43164071
31313350,43168599
31318150,43173127
31322950,43177655
31327750,43182183
31332550,43186711
31337350,43191239
31342150,43195767
31346950,43200295
31351750,43204823
31356550,43209351
31361350,43213879
31366150,43218407
31370950,43222936
31375750,43227464
31380550,43231992
31385350,43236520
31390150,43241048
31394950,43245576
31399750,43250104
31404550,43254632
31409350,43259160
31414150,43263688
31418950,43268216
31423750,43272744
31428550,43277272
31433350,43281800
31438150,43286328
31442950,43290856
31447750,43295384
31452550,43299912
31457350,43304440
31462150,43308968
31466950,43313496
31471750,43318024
31476550,43322552
31481350,43327080
31486150,43331608
31490950,43336136
31495750,43340664
31500550,43345192
31505350,43349720
31510150,43354248
31514950,43358776
31519750,43363304
31524550,43367832
31529350,43372360
31534150,43376888
31538950,43381417
31543750,43385945
31548550,43390473
31553350,43395001
31558150,43399529
31562950,43404057
31567750,43408585
31572550,43413113
31577350,43417641
31582150,43422169
31586950,43426697
31591750,43431225
31596550,43435753
31601350,43440281
31606150,43444809
31610950,43449337
31615750,43453865
31620550,43458393
31625350,43462921
31630150,43467449
31634950,43471977
31639750,43476505
31644550,43481033
31649350,43485561
31654150,43490089
31658950,43494617
31663750,43499145
31668550,43503673
31673350,43508201
31678150,43512729
31682950,43517257
31687750,43521785
31692550,43526313
31697350,43530841
31702150,43535370
31706950,43539898
31711750,43544426
31716550,43548954
31721350,43553482
31726150,43558010
31730950,43562538
31735750,43567066
31740550,43571594
31745350,43576122
31750150,43580650
31754950,43585178
31759750,43589706
31764550,43594234
31769350,43598762
31774150,43603290
31778950,43607818
31783750,43612346
31788550,43616874
31793350,43621402
31798150,43625930
31802950,43630458
31807750,43634986
31812550,43639514
31817350,43644042
31822150,43648570
31826950,43653098
31831750,43657626
31836550,43662154
31841350,43666682
31846150,43671210
31850950,43675738
31855750,43680266
31860550,43684795
31865350,43689323
31870150,43693851
31874950,43698379
31879750,43702907
31884550,43707435
31889350,43711963
31894150,43716491
31898950,43721019
31903750,43725547
31908550,43730075
31913350,43734603
31918150,43739131
31922950,43743659
31927750,43748187
31932550,43752715
31937350,43757243
31942150,43761771
31946950,43766299
31951750,43770827
31956550,43775355
31961350,43779883
31966150,43784411
31970950,43788939
31975750,43793467
31980550,43797995
31985350,43802523
31990150,43807051
31994950,43811579
31999750,43816107
32004550,43820635
32009350,43825163
32014150,43829691
32018950,43834219
32023750,43838748
32028550,43843276
32033350,43847804
32038150,43852332
32042950,43856860
32047750,43861388
32052550,43865916
32057350,43870444
32062150,43874972
32066950,43879500
32071750,43884028
32076550,43888556
32081350,43893084
32086150,43897612
32090950,43902140
32095750,43906668
32100550,43911196
32105350,43915724
32110150,43920252
32114950,43924780
32119750,43929308
32124550,43933836
32129350,43938364
32134150,43942892
32138950,43947420
32143750,43951948
32148550,43956476
32153350,43961004
32158150,43965532
32162950,43970060
32167750,43974588
32172550,43979116
32177350,43983644
32182150,43988173
32186950,43992701
32191750,43997229
32196550,44001757
32201350,44006285
32206150,44010813
32210950,44015341
32215750,44019869
32220550,44024397
32225350,44028925
32230150,44033453
32234950,44037981
32239750,44042509
32244550,44047037
32249350,44051565
32254150,44056093
32258950,44060621
32263750,44065149
32268550,44069677
32273350,44074205
32278150,44078733
32282950,44083261
32287750,44087789
32292550,44092317
32297350,44096845
32302150,44101373
32306950,44105901
32311750,44110429
32316550,44114957
32321350,44119485
32326150,44124013
32330950,44128541
32335750,44133069
32340550,44137598
32345350,44142126
32350150,44146654
32354950,44151182
32359750,44155710
32364550,44160238
32369350,44164766
32374150,44169294
32378950,44173822
32383750,44178350
32388550,44182878
32393350,44187406
32398150,44191934
32402950,44196462
32407750,44200990
32412550,44205518
32417350,44210046
32422150,44214574
32426950,44219102
32431750,44223630
32436550,44228158
32441350,44232686
32446150,44237214
32450950,44241742
32455750,44246270
32460550,44250798
32465350,44255326
32470150,44259854
32474950,44264382
32479750,44268910
32484550,44273438
32489350,44277966
32494150,44282495
32498950,44287023
32503750,44291551
32508550,44296079
32513350,44300607
32518150,44305135
32522950,44309663
32527750,44314191
32532550,44318719
32537350,44323247
32542150,44327775
32546950,44332303
32551750,44336831
32556550,44341359
32561350,44345887
32566150,44350415
32570950,44354943
32575750,44359471
32580550,44363999
32585350,44368527
32590150,44373055
32594950,44377583
32599750,44382111
32604550,44386639
32609350,44391167
32614150,44395695
32618950,44400223
32623750,44404751
32628550,44409279
32633350,44413807
32638150,44418335
32642950,44422863
32647750,44427392
32652550,44431920
32657350,44436448
32662150,44440976
32666950,44445504
32671750,44450032
32676550,44454560
32681350,44459088
32686150,44463616
32690950,44468144
32695750,44472672
32700550,44477200
32705350,44481728
32710150,44486256
32714950,44490784
32719750,44495312
32724550,44499840
32729350,44504368
32734150,44508896
32738950,44513424
32743750,44517952
32748550,44522480
32753350,44527008
32758150,44531536
32762950,44536064
32767750,44540592
32772550,44545120
32777350,44549648
32782150,44554176
32786950,44558704
32791750,44563232
32796550,44567760
32801350,44572289
32806150,44576817
32810950,44581345
32815750,44585873
32820550,44590401
32825350,44594929
32830150,44599457
32834950,44603985
32839750,44608513
32844550,44613041
32849350,44617569
32854150,44622097
32858950,44626625
32863750,44631153
32868550,44635681
32873350,44640209
32878150,44644737
32882950,44649265
32887750,44653793
32892550,44658321
32897350,44662849
32902150,44667377
32906950,44671905
32911750,44676433
32916550,44680961
32921350,44685489
32926150,44690017
32930950,44694545
32935750,44699073
32940550,44703601
32945350,44708129
32950150,44712657
32954950,44717186
32959750,44721714
32964550,44726242
32969350,44730770
32974150,44735298
32978950,44739826
32983750,44744354
32988550,44748882
32993350,44753410
32998150,44757938
33002950,44762466
33007750,44766994
33012550,44771522
33017350,44776050
33022150,44780578
33026950,44785106
33031750,44789634
33036550,44794162
33041350,44798690
33046150,44803218
33050950,44807746
33055750,44812274
33060550,44816802
33065350,44821330
33070150,44825858
33074950,44830386
33079750,44834914
33084550,44839442
33089350,44843970
33094150,44848498
33098950,44853026
33103750,44857554
33108550,44862083
33113350,44866611
33118150,44871139
33122950,44875667
33127750,44880195
33132550,44884723
33137350,44889251
33142150,44893779
33146950,44898307
33151750,44902835
33156550,44907363
33161350,44911891
33166150,44916419
33170950,44920947
33175750,44925475
33180550,44930003
33185350,44934531
33190150,44939059
33194950,44943587
33199750,44948115
33204550,44952643
33209350,44957171
33214150,44961699
33218950,44966227
33223750,44970755
33228550,44975283
33233350,44979811
33238150,44984339
33242950,44988867
33247750,44993395
33252550,44997923
33257350,45002452
33262150,45006980
33266950,45011508
33271750,45016036
33276550,45020564
33281350,45025092
33286150,45029620
33290950,45034148
33295750,45038676
33300550,45043204
33305350,45047732
33310150,45052260
33314950,45056788
33319750,45061316
33324550,45065844
33329350,45070372
33334150,45074900
33338950,45079428
33343750,45083956
33348550,45088484
33353350,45093012
33358150,45097540
33362950,45102068
33367750,45106596
33372550,45111124
33377350,45115652
33382150,45120180
33386950,45124708
33391750,45129236
33396550,45133764
33401350,45138292
33406150,45142820
33410950,45147349
33415750,45151877
33420550,45156405
33425350,45160933
33430150,45165461
33434950,45169989
33439750,45174517
33444550,45179045
33449350,45183573
33454150,45188101
33458950,45192629
33463750,45197157
33468550,45201685
33473350,45206213
33478150,45210741
33482950,45215269
33487750,45219797
33492550,45224325
33497350,45228853
33502150,45233381
33506950,45237909
33511750,45242437
33516550,45246965
33521350,45251493
33526150,45256021
33530950,45260549
33535750,45265077
33540550,45269605
33545350,45274133
33550150,45278661
33554950,45283189
33559750,45287718
33564550,45292246
33569350,45296774
33574150,45301302
33578950,45305830
33583750,45310358
33588550,45314886
33593350,45319414
33598150,45323942
33602950,45328470
33607750,45332998
33612550,45337526
33617350,45342054
33622150,45346582
33626950,45351110
33631750,45355638
33636550,45360166
33641350,45364694
33646150,45369222
33650950,45373750
33655750,45378278
33660550,45382806
33665350,45387334
33670150,45391862
33674950,45396390
33679750,45400918
33684550,45405446
33689350,45409974
33694150,45414502
33698950,45419030
33703750,45423558
33708550,45428087
33713350,45432615
33718150,45437143
33722950,45441671
33727750,45446199
33732550,45450727
33737350,45455255
33742150,45459783
33746950,45464311
33751750,45468839
33756550,45473367
33761350,45477895
33766150,45482423
33770950,45486951
33775750,45491479
33780550,45496007
33785350,45500535
33790150,45505063
33794950,45509591
33799750,45514119
33804550,45518647
33809350,45523175
33814150,45527703
33818950,45532231
33823750,45536759
33828550,45541287
33833350,45545815
33838150,45550343
33842950,45554871
33847750,45559399
33852550,45563928
33857350,45568456
33862150,45572984
33866950,45577512
33871750,45582040
33876550,45586568
33881350,45591096
33886150,45595624
33890950,45600152
33895750,45604680
33900550,45609208
33905350,45613736
33910150,45618264
33914950,45622792
33919750,45627320
33924550,45631848
33929350,45636376
33934150,45640904
33938950,45645432
33943750,45649960
33948550,45654488
33953350,45659016
33958150,45663544
33962950,45668072
33967750,45672600
33972550,45677128
33977350,45681656
33982150,45686184
33986950,45690712
33991750,45695240
33996550,45699768
34001350,45704297
34006150,45708825
34010950,45713353
34015750,45717881
34020550,45722409
34025350,45726937
34030150,45731465
34034950,45735993
34039750,45740521
34044550,45745049
34049350,45749577
34054150,45754105
34058950,45758633
34063750,45763161
34068550,45767689
34073350,45772217
34078150,45776745
34082950,45781273
34087750,45785801
34092550,45790329
34097350,45794857
34102150,45799385
34106950,45803913
34111750,45808441
34116550,45812969
34121350,45817497
34126150,45822025
34130950,45826553
34135750,45831081
34140550,45835609
34145350,45840137
34150150,45844666
34154950,45849194
34159750,45853722
34164550,45858250
34169350,45862778
34174150,45867306
34178950,45871834
34183750,45876362
34188550,45880890
34193350,45885418
34198150,45889946
34202950,45894474
34207750,45899002
34212550,45903530
34217350,45908058
34222150,45912586
34226950,45917114
34231750,45921642
34236550,45926170
34241350,45930698
34246150,45935226
34250950,45939754
34255750,45944282
34260550,45948810
34265350,45953338
34270150,45957866
34274950,45962394
34279750,45966922
34284550,45971450
34289350,45975978
34294150,45980507
34298950,45985035
34303750,45989563
34308550,45994091
34313350,45998619
34318150,46003147
34322950,46007675
34327750,46012203
34332550,46016731
34337350,46021259
34342150,46025787
34346950,46030315
34351750,46034843
34356550,46039371
34361350,46043899
34366150,46048427
34370950,46052955
34375750,46057483
34380550,46062011
34385350,46066539
34390150,46071067
34394950,46075595
34399750,46080123
34404550,46084651
34409350,46089179
34414150,46093707
34418950,46098235
34423750,46102763
34428550,46107291
34433350,46111819
34438150,46116347
34442950,46120876
34447750,46125404
34452550,46129932
34457350,46134460
34462150,46138988
34466950,46143516
34471750,46148044
34476550,46152572
34481350,46157100
34486150,46161628
34490950,46166156
34495750,46170684
34500550,46175212
34505350,46179740
34510150,46184268
34514950,46188796
34519750,46193324
34524550,46197852
34529350,46202380
34534150,46206908
34538950,46211436
34543750,46215964
34548550,46220492
34553350,46225020
34558150,46229548
34562950,46234076
34567750,46238604
34572550,46243132
34577350,46247660
34582150,46252188
34586950,46256717
34591750,46261245
34596550,46265773
34601350,46270301
34606150,46274829
34610950,46279357
34615750,46283885
34620550,46288413
34625350,46292941
34630150,46297469
34634950,46301997
34639750,46306525
34644550,46311053
34649350,46315581
34654150,46320109
34658950,46324637
34663750,46329165
34668550,46333693
34673350,46338221
34678150,46342749
34682950,46347277
34687750,46351805
34692550,46356333
34697350,46360861
34702150,46365389
34706950,46369917
34711750,46374445
34716550,46378973
34721350,46383501
34726150,46388029
34730950,46392558
34735750,46397086
34740550,46401614
34745350,46406142
34750150,46410670
34754950,46415198
34759750,46419726
34764550,46424254
34769350,46428782
34774150,46433310
34778950,46437838
34783750,46442366
34788550,46446894
34793350,46451422
34798150,46455950
34802950,46460478
34807750,46465006
34812550,46469534
34817350,46474062
34822150,46478590
34826950,46483118
34831750,46487646
34836550,46492174
34841350,46496702
34846150,46501230
34850950,46505758
34855750,46510286
34860550,46514814
34865350,46519342
34870150,46523870
34874950,46528399
34879750,46532927
34884550,46537455
34889350,46541983
34894150,46546511
34898950,46551039
34903750,46555567
34908550,46560095
34913350,46564623
34918150,46569151
34922950,46573679
34927750,46578207
34932550,46582735
34937350,46587263
34942150,46591791
34946950,46596319
34951750,46600847
34956550,46605375
34961350,46609903
34966150,46614431
34970950,46618959
34975750,46623487
34980550,46628015
34985350,46632543
34990150,46637071
34994950,46641599
34999750,46646127
35004550,46650655
35009350,46655183
35014150,46659711
35018950,46664240
35023750,46668768
35028550,46673296
35033350,46677824
35038150,46682352
35042950,46686880
35047750,46691408
35052550,46695936
35057350,46700464
35062150,46704992
35066950,46709520
35071750,46714048
35076550,46718576
35081350,46723104
35086150,46727632
35090950,46732160
35095750,46736688
35100550,46741216
35105350,46745744
35110150,46750272
35114950,46754800
35119750,46759328
35124550,46763856
35129350,46768384
35134150,46772912
35138950,46777440
35143750,46781968
35148550,46786496
35153350,46791024
35158150,46795553
35162950,46800081
35167750,46804609
35172550,46809137
35177350,46813665
35182150,46818193
35186950,46822721
35191750,46827249
35196550,46831777
35201350,46836305
35206150,46840833
35210950,46845361
35215750,46849889
35220550,46854417
35225350,46858945
35230150,46863473
35234950,46868001
35239750,46872529
35244550,46877057
35249350,46881585
35254150,46886113
35258950,46890641
35263750,46895169
35268550,46899697
35273350,46904225
35278150,46908753
35282950,46913281
35287750,46917809
35292550,46922337
35297350,46926865
35302150,46931394
35306950,46935922
35311750,46940450
35316550,46944978
35321350,46949506
35326150,46954034
35330950,46958562
35335750,46963090
35340550,46967618
35345350,46972146
35350150,46976674
35354950,46981202
35359750,46985730
35364550,46990258
35369350,46994786
35374150,46999314
35378950,47003842
35383750,47008370
35388550,47012898
35393350,47017426
35398150,47021954
35402950,47026482
35407750,47031010
35412550,47035538
35417350,47040066
35422150,47044594
35426950,47049122
35431750,47053650
35436550,47058178
35441350,47062707
35446150,47067235
35450950,47071763
35455750,47076291
35460550,47080819
35465350,47085347
35470150,47089875
35474950,47094403
35479750,47098931
35484550,47103459
35489350,47107987
35494150,47112515
35498950,47117043
35503750,47121571
35508550,47126099
35513350,47130627
35518150,47135155
35522950,47139683
35527750,47144211
35532550,47148739
35537350,47153267
35542150,47157795
35546950,47162323
35551750,47166851
35556550,47171379
35561350,47175907
35566150,47180435
35570950,47184963
35575750,47189491
35580550,47194020
35585350,47198548
35590150,47203076
35594950,47207604
35599750,47212132
35604550,47216660
35609350,47221188
35614150,47225716
35618950,47230244
35623750,47234772
35628550,47239300
35633350,47243828
35638150,47248356
35642950,47252884
35647750,47257412
35652550,47261940
35657350,47266468
35662150,47270996
35666950,47275524
35671750,47280052
35676550,47284580
35681350,47289108
35686150,47293636
35690950,47298164
35695750,47302692
35700550,47307220
35705350,47311748
35710150,47316276
35714950,47320804
35719750,47325333
35724550,47329861
35729350,47334389
35734150,47338917
35738950,47343445
35743750,47347973
35748550,47352501
35753350,47357029
35758150,47361557
35762950,47366085
35767750,47370613
35772550,47375141
35777350,47379669
35782150,47384197
35786950,47388725
35791750,47393253
35796550,47397781
35801350,47402309
35806150,47406837
35810950,47411365
35815750,47415893
35820550,47420421
35825350,47424949
35830150,47429477
35834950,47434005
35839750,47438533
35844550,47443061
35849350,47447589
35854150,47452117
35858950,47456646
35863750,47461174
35868550,47465702
35873350,47470230
35878150,47474758
35882950,47479286
35887750,47483814
35892550,47488342
35897350,47492870
35902150,47497398
35906950,47501926
35911750,47506454
35916550,47510982
35921350,47515510
35926150,47520038
35930950,47524566
35935750,47529094
35940550,47533622
35945350,47538150
35950150,47542678
35954950,47547206
35959750,47551734
35964550,47556262
35969350,47560790
35974150,47565318
35978950,47569846
35983750,47574374
35988550,47578902
35993350,47583431
35998150,47587959
36002950,47592487
36007750,47597015
36012550,47601543
36017350,47606071
36022150,47610599
36026950,47615127
36031750,47619655
36036550,47624183
36041350,47628711
36046150,47633239
36050950,47637767
36055750,47642295
36060550,47646823
36065350,47651351
36070150,47655879
36074950,47660407
36079750,47664935
36084550,47669463
36089350,47673991
36094150,47678519
36098950,47683047
36103750,47687575
36108550,47692103
36113350,47696631
36118150,47701159
36122950,47705687
36127750,47710215
36132550,47714744
36137350,47719272
36142150,47723800
36146950,47728328
36151750,47732856
36156550,47737384
36161350,47741912
36166150,47746440
36170950,47750968
36175750,47755496
36180550,47760024
36185350,47764552
36190150,47769080
36194950,47773608
36199750,47778136
36204550,47782664
36209350,47787192
36214150,47791720
36218950,47796248
36223750,47800776
36228550,47805304
36233350,47809832
36238150,47814360
36242950,47818888
36247750,47823416
36252550,47827944
36257350,47832472
36262150,47837000
36266950,47841529
36271750,47846057
36276550,47850585
36281350,47855113
36286150,47859641
36290950,47864169
36295750,47868697
36300550,47873225
36305350,47877753
36310150,47882281
36314950,47886809
36319750,47891337
36324550,47895865
36329350,47900393
36334150,47904921
36338950,47909449
36343750,47913977
36348550,47918505
36353350,47923033
36358150,47927561
36362950,47932089
36367750,47936617
36372550,47941145
36377350,47945673
36382150,47950201
36386950,47954729
36391750,47959257
36396550,47963785
36401350,47968314
36406150,47972842
36410950,47977370
36415750,47981898
36420550,47986426
36425350,47990954
36430150,47995482
36434950,48000010
36439750,48004538
36444550,48009066
36449350,48013594
36454150,48018122
36458950,48022650
36463750,48027178
36468550,48031706
36473350,48036234
36478150,48040762
36482950,48045290
36487750,48049818
36492550,48054346
36497350,48058874
36502150,48063402
36506950,48067930
36511750,48072458
36516550,48076986
36521350,48081514
36526150,48086042
36530950,48090570
36535750,48095099
36540550,48099627
36545350,48104155
36550150,48108683
36554950,48113211
36559750,48117739
36564550,48122267
36569350,48126795
36574150,48131323
36578950,48135851
36583750,48140379
36588550,48144907
36593350,48149435
36598150,48153963
36602950,48158491
36607750,48163019
36612550,48167547
36617350,48172075
36622150,48176603
36626950,48181131
36631750,48185659
36636550,48190187
36641350,48194715
36646150,48199243
36650950,48203771
36655750,48208299
36660550,48212827
36665350,48217355
36670150,48221884
36674950,48226412
36679750,48230940
36684550,48235468
36689350,48239996
36694150,48244524
36698950,48249052
36703750,48253580
36708550,48258108
36713350,48262636
36718150,48267164
36722950,48271692
36727750,48276220
36732550,48280748
36737350,48285276
36742150,48289804
36746950,48294332
36751750,48298860
36756550,48303388
36761350,48307916
36766150,48312444
36770950,48316972
36775750,48321500
36780550,48326028
36785350,48330556
36790150,48335084
36794950,48339612
36799750,48344140
36804550,48348669
36809350,48353197
36814150,48357725
36818950,48362253
36823750,48366781
36828550,48371309
36833350,48375837
36838150,48380365
36842950,48384893
36847750,48389421
36852550,48393949
36857350,48398477
36862150,48403005
36866950,48407533
36871750,48412061
36876550,48416589
36881350,48421117
36886150,48425645
36890950,48430173
36895750,48434701
36900550,48439229
36905350,48443757
36910150,48448285
36914950,48452813
36919750,48457341
36924550,48461869
36929350,48466397
36934150,48470926
36938950,48475454
36943750,48479982
36948550,48484510
36953350,48489038
36958150,48493566
36962950,48498094
36967750,48502622
36972550,48507150
36977350,48511678
36982150,48516206
36986950,48520734
36991750,48525262
36996550,48529790
37001350,48534318
37006150,48538846
37010950,48543374
37015750,48547902
37020550,48552430
37025350,48556958
37030150,48561486
37034950,48566014
37039750,48570542
37044550,48575070
37049350,48579598
37054150,48584126
37058950,48588654
37063750,48593182
37068550,48597711
37073350,48602239
37078150,48606767
37082950,48611295
37087750,48615823
37092550,48620351
37097350,48624879
37102150,48629407
37106950,48633935
37111750,48638463
37116550,48642991
37121350,48647519
37126150,48652047
37130950,48656575
37135750,48661103
37140550,48665631
37145350,48670159
37150150,48674687
37154950,48679215
37159750,48683743
37164550,48688271
37169350,48692799
37174150,48697327
37178950,48701855
37183750,48706383
37188550,48710911
37193350,48715439
37198150,48719968
37202950,48724496
37207750,48729024
37212550,48733552
37217350,48738080
37222150,48742608
37226950,48747136
37231750,48751664
37236550,48756192
37241350,48760720
37246150,48765248
37250950,48769776
37255750,48774304
37260550,48778832
37265350,48783360
37270150,48787888
37274950,48792416
37279750,48796944
37284550,48801472
37289350,48806000
37294150,48810528
37298950,48815056
37303750,48819584
37308550,48824112
37313350,48828640
37318150,48833168
37322950,48837696
37327750,48842225
37332550,48846753
37337350,48851281
37342150,48855809
37346950,48860337
37351750,48864865
37356550,48869393
37361350,48873921
37366150,48878449
37370950,48882977
37375750,48887505
37380550,48892033
37385350,48896561
37390150,48901089
37394950,48905617
37399750,48910145
37404550,48914673
37409350,48919201
37414150,48923729
37418950,48928257
37423750,48932785
37428550,48937313
37433350,48941841
37438150,48946369
37442950,48950897
37447750,48955425
37452550,48959953
37457350,48964482
37462150,48969010
37466950,48973538
37471750,48978066
37476550,48982594
37481350,48987122
37486150,48991650
37490950,48996178
37495750,49000706
37500550,49005234
37505350,49009762
37510150,49014290
37514950,49018818
37519750,49023346
37524550,49027874
37529350,49032402
37534150,49036930
37538950,49041458
37543750,49045986
37548550,49050514
37553350,49055042
37558150,49059570
37562950,49064098
37567750,49068626
37572550,49073154
37577350,49077682
37582150,49082210
37586950,49086739
37591750,49091267
37596550,49095795
37601350,49100323
37606150,49104851
37610950,49109379
37615750,49113907
37620550,49118435
37625350,49122963
37630150,49127491
37634950,49132019
37639750,49136547
37644550,49141075
37649350,49145603
37654150,49150131
37658950,49154659
37663750,49159187
37668550,49163715
37673350,49168243
37678150,49172771
37682950,49177299
37687750,49181827
37692550,49186355
37697350,49190883
37702150,49195411
37706950,49199939
37711750,49204468
37716550,49208996
37721350,49213524
37726150,49218052
37730950,49222580
37735750,49227108
37740550,49231636
37745350,49236164
37750150,49240692
37754950,49245220
37759750,49249748
37764550,49254276
37769350,49258804
37774150,49263332
37778950,49267860
37783750,49272388
37788550,49276916
37793350,49281444
37798150,49285972
37802950,49290500
37807750,49295028
37812550,49299556
37817350,49304084
37822150,49308612
37826950,49313140
37831750,49317668
37836550,49322196
37841350,49326725
37846150,49331253
37850950,49335781
37855750,49340309
37860550,49344837
37865350,49349365
37870150,49353893
37874950,49358421
37879750,49362949
37884550,49367477
37889350,49372005
37894150,49376533
37898950,49381061
37903750,49385589
37908550,49390117
37913350,49394645
37918150,49399173
37922950,49403701
37927750,49408229
37932550,49412757
37937350,49417285
37942150,49421813
37946950,49426341
37951750,49430869
37956550,49435397
37961350,49439925
37966150,49444454
37970950,49448982
37975750,49453510
37980550,49458038
37985350,49462566
37990150,49467094
37994950,49471622
37999750,49476150
38004550,49480678
38009350,49485206
38014150,49489734
38018950,49494262
38023750,49498790
38028550,49503318
38033350,49507846
38038150,49512374
38042950,49516902
38047750,49521430
38052550,49525958
38057350,49530486
38062150,49535014
38066950,49539542
38071750,49544070
38076550,49548598
38081350,49553126
38086150,49557654
38090950,49562182
38095750,49566711
38100550,49571239
38105350,49575767
38110150,49580295
38114950,49584823
38119750,49589351
38124550,49593879
38129350,49598407
38134150,49602935
38138950,49607463
38143750,49611991
38148550,49616519
38153350,49621047
38158150,49625575
38162950,49630103
38167750,49634631
38172550,49639159
38177350,49643687
38182150,49648215
38186950,49652743
38191750,49657271
38196550,49661799
38201350,49666327
38206150,49670855
38210950,49675383
38215750,49679911
38220550,49684440
38225350,49688968
38230150,49693496
38234950,49698024
38239750,49702552
38244550,49707080
38249350,49711608
38254150,49716136
38258950,49720664
38263750,49725192
38268550,49729720
38273350,49734248
38278150,49738776
38282950,49743304
38287750,49747832
38292550,49752360
38297350,49756888
38302150,49761416
38306950,49765944
38311750,49770472
38316550,49775000
38321350,49779528
38326150,49784056
38330950,49788584
38335750,49793112
38340550,49797640
38345350,49802169
38350150,49806697
38354950,49811225
38359750,49815753
38364550,49820281
38369350,49824809
38374150,49829337
38378950,49833865
38383750,49838393
38388550,49842921
38393350,49847449
38398150,49851977
38402950,49856505
38407750,49861033
38412550,49865561
38417350,49870089
38422150,49874617
38426950,49879145
38431750,49883673
38436550,49888201
38441350,49892729
38446150,49897257
38450950,49901785
38455750,49906313
38460550,49910841
38465350,49915369
38470150,49919898
38474950,49924426
38479750,49928954
38484550,49933482
38489350,49938010
38494150,49942538
38498950,49947066
38503750,49951594
38508550,49956122
38513350,49960650
38518150,49965178
38522950,49969706
38527750,49974234
38532550,49978762
38537350,49983290
38542150,49987818
38546950,49992346
38551750,49996874
38556550,50001402
38561350,50005930
38566150,50010458
38570950,50014986
38575750,50019514
38580550,50024042
38585350,50028570
38590150,50033098
38594950,50037627
38599750,50042155
38604550,50046683
38609350,50051211
38614150,50055739
38618950,50060267
38623750,50064795
38628550,50069323
38633350,50073851
38638150,50078379
38642950,50082907
38647750,50087435
38652550,50091963
38657350,50096491
38662150,50101019
38666950,50105547
38671750,50110075
38676550,50114603
38681350,50119131
38686150,50123659
38690950,50128187
38695750,50132715
38700550,50137243
38705350,50141771
38710150,50146299
38714950,50150827
38719750,50155356
38724550,50159884
38729350,50164412
38734150,50168940
38738950,50173468
38743750,50177996
38748550,50182524
38753350,50187052
38758150,50191580
38762950,50196108
38767750,50200636
38772550,50205164
38777350,50209692
38782150,50214220
38786950,50218748
38791750,50223276
38796550,50227804
38801350,50232332
38806150,50236860
38810950,50241388
38815750,50245916
38820550,50250444
38825350,50254972
38830150,50259500
38834950,50264028
38839750,50268557
38844550,50273085
38849350,50277613
38854150,50282141
38858950,50286669
38863750,50291197
38868550,50295725
38873350,50300253
38878150,50304781
38882950,50309309
38887750,50313837
38892550,50318365
38897350,50322893
38902150,50327421
38906950,50331949
38911750,50336477
38916550,50341005
38921350,50345533
38926150,50350061
38930950,50354589
38935750,50359117
38940550,50363645
38945350,50368173
38950150,50372701
38954950,50377229
38959750,50381757
38964550,50386286
38969350,50390814
38974150,50395342
38978950,50399870
38983750,50404398
38988550,50408926
38993350,50413454
38998150,50417982
39002950,50422510
39007750,50427038
39012550,50431566
39017350,50436094
39022150,50440622
39026950,50445150
39031750,50449678
39036550,50454206
39041350,50458734
39046150,50463262
39050950,50467790
39055750,50472318
39060550,50476846
39065350,50481374
39070150,50485902
39074950,50490430
39079750,50494958
39084550,50499486
39089350,50504015
39094150,50508543
39098950,50513071
39103750,50517599
39108550,50522127
39113350,50526655
39118150,50531183
39122950,50535711
39127750,50540239
39132550,50544767
39137350,50549295
39142150,50553823
39146950,50558351
39151750,50562879
39156550,50567407
39161350,50571935
39166150,50576463
39170950,50580991
39175750,50585519
39180550,50590047
39185350,50594575
39190150,50599103
39194950,50603631
39199750,50608159
39204550,50612687
39209350,50617216
39214150,50621744
39218950,50626272
39223750,50630800
39228550,50635328
39233350,50639856
39238150,50644384
39242950,50648912
39247750,50653440
39252550,50657968
39257350,50662496
39262150,50667024
39266950,50671552
39271750,50676080
39276550,50680608
39281350,50685136
39286150,50689664
39290950,50694192
39295750,50698720
39300550,50703248
39305350,50707776
39310150,50712304
39314950,50716832
39319750,50721360
39324550,50725888
39329350,50730417
39334150,50734945
39338950,50739473
39343750,50744001
39348550,50748529
39353350,50753057
39358150,50757585
39362950,50762113
39367750,50766641
39372550,50771169
39377350,50775697
39382150,50780225
39386950,50784753
39391750,50789281
39396550,50793809
39401350,50798337
39406150,50802865
39410950,50807393
39415750,50811921
39420550,50816449
39425350,50820977
39430150,50825505
39434950,50830033
39439750,50834561
39444550,50839089
39449350,50843617
39454150,50848146
39458950,50852674
39463750,50857202
39468550,50861730
39473350,50866258
39478150,50870786
39482950,50875314
39487750,50879842
39492550,50884370
39497350,50888898
39502150,50893426
39506950,50897954
39511750,50902482
39516550,50907010
39521350,50911538
39526150,50916066
39530950,50920594
39535750,50925122
39540550,50929650
39545350,50934178
39550150,50938706
39554950,50943234
39559750,50947762
39564550,50952290
39569350,50956818
39574150,50961347
39578950,50965875
39583750,50970403
39588550,50974931
39593350,50979459
39598150,50983987
39602950,50988515
39607750,50993043
39612550,50997571
39617350,51002099
39622150,51006627
39626950,51011155
39631750,51015683
39636550,51020211
39641350,51024739
39646150,51029267
39650950,51033795
39655750,51038323
39660550,51042851
39665350,51047379
39670150,51051907
39674950,51056435
39679750,51060963
39684550,51065491
39689350,51070019
39694150,51074548
39698950,51079076
39703750,51083604
39708550,51088132
39713350,51092660
39718150,51097188
39722950,51101716
39727750,51106244
39732550,51110772
39737350,51115300
39742150,51119828
39746950,51124356
39751750,51128884
39756550,51133412
39761350,51137940
39766150,51142468
39770950,51146996
39775750,51151524
39780550,51156052
39785350,51160580
39790150,51165108
39794950,51169636
39799750,51174164
39804550,51178692
39809350,51183220
39814150,51187749
39818950,51192277
39823750,51196805
39828550,51201333
39833350,51205861
39838150,51210389
39842950,51214917
39847750,51219445
39852550,51223973
39857350,51228501
39862150,51233029
39866950,51237557
39871750,51242085
39876550,51246613
39881350,51251141
39886150,51255669
39890950,51260197
39895750,51264725
39900550,51269253
39905350,51273781
39910150,51278309
39914950,51282837
39919750,51287365
39924550,51291893
39929350,51296422
39934150,51300950
39938950,51305478
39943750,51310006
39948550,51314534
39953350,51319062
39958150,51323590
39962950,51328118
39967750,51332646
39972550,51337174
39977350,51341702
39982150,51346230
39986950,51350758
39991750,51355286
39996550,51359814
40001350,51364342
40006150,51368870
40010950,51373398
40015750,51377926
40020550,51382454
40025350,51386982
40030150,51391510
40034950,51396038
40039750,51400566
40044550,51405094
40049350,51409623
40054150,51414151
40058950,51418679
40063750,51423207
40068550,51427735
40073350,51432263
40078150,51436791
40082950,51441319
40087750,51445847
40092550,51450375
40097350,51454903
40102150,51459431
40106950,51463959
40111750,51468487
40116550,51473015
40121350,51477543
40126150,51482071
40130950,51486599
40135750,51491127
40140550,51495655
40145350,51500183
40150150,51504711
40154950,51509239
40159750,51513767
40164550,51518295
40169350,51522824
40174150,51527352
40178950,51531880
40183750,51536408
40188550,51540936
40193350,51545464
40198150,51549992
40202950,51554520
40207750,51559048
40212550,51563576
40217350,51568104
40222150,51572632
40226950,51577160
40231750,51581688
40236550,51586216
40241350,51590744
40246150,51595272
40250950,51599800
40255750,51604328
40260550,51608856
40265350,51613384
40270150,51617912
40274950,51622440
40279750,51626968
40284550,51631497
40289350,51636025
40294150,51640553
40298950,51645081
40303750,51649609
40308550,51654137
40313350,51658665
40318150,51663193
40322950,51667721
40327750,51672249
40332550,51676777
40337350,51681305
40342150,51685833
40346950,51690361
40351750,51694889
40356550,51699417
40361350,51703945
40366150,51708473
40370950,51713001
40375750,51717529
40380550,51722057
40385350,51726585
40390150,51731113
40394950,51735641
40399750,51740170
40404550,51744698
40409350,51749226
40414150,51753754
40418950,51758282
40423750,51762810
40428550,51767338
40433350,51771866
40438150,51776394
40442950,51780922
40447750,51785450
40452550,51789978
40457350,51794506
40462150,51799034
40466950,51803562
40471750,51808090
40476550,51812618
40481350,51817146
40486150,51821674
40490950,51826202
40495750,51830730
40500550,51835258
40505350,51839786
40510150,51844314
40514950,51848843
40519750,51853371
40524550,51857899
40529350,51862427
40534150,51866955
40538950,51871483
40543750,51876011
40548550,51880539
40553350,51885067
40558150,51889595
40562950,51894123
40567750,51898651
40572550,51903179
40577350,51907707
40582150,51912235
40586950,51916763
40591750,51921291
40596550,51925819
40601350,51930347
40606150,51934875
40610950,51939403
40615750,51943931
40620550,51948459
40625350,51952987
40630150,51957516
40634950,51962044
40639750,51966572
40644550,51971100
40649350,51975628
40654150,51980156
40658950,51984684
40663750,51989212
40668550,51993740
40673350,51998268
40678150,52002796
40682950,52007324
40687750,52011852
40692550,52016380
40697350,52020908
40702150,52025436
40706950,52029964
40711750,52034492
40716550,52039020
40721350,52043548
40726150,52048076
40730950,52052604
40735750,52057132
40740550,52061660
40745350,52066189
40750150,52070717
40754950,52075245
40759750,52079773
40764550,52084301
40769350,52088829
40774150,52093357
40778950,52097885
40783750,52102413
40788550,52106941
40793350,52111469
40798150,52115997
40802950,52120525
40807750,52125053
40812550,52129581
40817350,52134109
40822150,52138637
40826950,52143165
40831750,52147693
40836550,52152221
40841350,52156749
40846150,52161277
40850950,52165805
40855750,52170333
40860550,52174862
40865350,52179390
40870150,52183918
40874950,52188446
40879750,52192974
40884550,52197502
40889350,52202030
40894150,52206558
40898950,52211086
40903750,52215614
40908550,52220142
40913350,52224670
40918150,52229198
40922950,52233726
40927750,52238254
40932550,52242782
40937350,52247310
40942150,52251838
40946950,52256366
40951750,52260894
40956550,52265422
40961350,52269950
40966150,52274478
40970950,52279006
40975750,52283535
40980550,52288063
40985350,52292591
40990150,52297119
40994950,52301647
40999750,52306175
41004550,52310703
41009350,52315231
41014150,52319759
41018950,52324287
41023750,52328815
41028550,52333343
41033350,52337871
41038150,52342399
41042950,52346927
41047750,52351455
41052550,52355983
41057350,52360511
41062150,52365039
41066950,52369567
41071750,52374095
41076550,52378623
41081350,52383151
41086150,52387680
41090950,52392208
41095750,52396736
41100550,52401264
41105350,52405792
41110150,52410320
41114950,52414848
41119750,52419376
41124550,52423904
41129350,52428432
41134150,52432960
41138950,52437488
41143750,52442016
41148550,52446544
41153350,52451072
41158150,52455600
41162950,52460128
41167750,52464656
41172550,52469184
41177350,52473712
41182150,52478240
41186950,52482768
41191750,52487296
41196550,52491824
41201350,52496353
41206150,52500881
41210950,52505409
41215750,52509937
41220550,52514465
41225350,52518993
41230150,52523521
41234950,52528049
41239750,52532577
41244550,52537105
41249350,52541633
41254150,52546161
41258950,52550689
41263750,52555217
41268550,52559745
41273350,52564273
41278150,52568801
41282950,52573329
41287750,52577857
41292550,52582385
41297350,52586913
41302150,52591441
41306950,52595969
41311750,52600497
41316550,52605026
41321350,52609554
41326150,52614082
41330950,52618610
41335750,52623138
41340550,52627666
41345350,52632194
41350150,52636722
41354950,52641250
41359750,52645778
41364550,52650306
41369350,52654834
41374150,52659362
41378950,52663890
41383750,52668418
41388550,52672946
41393350,52677474
41398150,52682002
41402950,52686530
41407750,52691058
41412550,52695586
41417350,52700114
41422150,52704642
41426950,52709171
41431750,52713699
41436550,52718227
41441350,52722755
41446150,52727283
41450950,52731811
41455750,52736339
41460550,52740867
41465350,52745395
41470150,52749923
41474950,52754451
41479750,52758979
41484550,52763507
41489350,52768035
41494150,52772563
41498950,52777091
41503750,52781619
41508550,52786147
41513350,52790675
41518150,52795203
41522950,52799731
41527750,52804259
41532550,52808787
41537350,52813316
41542150,52817844
41546950,52822372
41551750,52826900
41556550,52831428
41561350,52835956
41566150,52840484
41570950,52845012
41575750,52849540
41580550,52854068
41585350,52858596
41590150,52863124
41594950,52867652
41599750,52872180
41604550,52876708
41609350,52881236
41614150,52885764
41618950,52890292
41623750,52894820
41628550,52899348
41633350,52903876
41638150,52908404
41642950,52912932
41647750,52917460
41652550,52921989
41657350,52926517
41662150,52931045
41666950,52935573
41671750,52940101
41676550,52944629
41681350,52949157
41686150,52953685
41690950,52958213
41695750,52962741
41700550,52967269
41705350,52971797
41710150,52976325
41714950,52980853
41719750,52985381
41724550,52989909
41729350,52994437
41734150,52998965
41738950,53003493
41743750,53008021
41748550,53012549
41753350,53017077
41758150,53021605
41762950,53026134
41767750,53030662
41772550,53035190
41777350,53039718
41782150,53044246
41786950,53048774
41791750,53053302
41796550,53057830
41801350,53062358
41806150,53066886
41810950,53071414
41815750,53075942
41820550,53080470
41825350,53084998
41830150,53089526
41834950,53094054
41839750,53098582
41844550,53103110
41849350,53107638
41854150,53112166
41858950,53116694
41863750,53121222
41868550,53125750
41873350,53130279
41878150,53134807
41882950,53139335
41887750,53143863
41892550,53148391
41897350,53152919
41902150,53157447
41906950,53161975
41911750,53166503
41916550,53171031
41921350,53175559
41926150,53180087
41930950,53184615
41935750,53189143
41940550,53193671
41945350,53198199
41950150,53202727
41954950,53207255
41959750,53211783
41964550,53216311
41969350,53220839
41974150,53225367
41978950,53229895
41983750,53234424
41988550,53238952
41993350,53243480
41998150,53248008
42002950,53252536
42007750,53257064
42012550,53261592
42017350,53266120
42022150,53270648
42026950,53275176
42031750,53279704
42036550,53284232
42041350,53288760
42046150,53293288
42050950,53297816
42055750,53302344
42060550,53306872
42065350,53311400
42070150,53315928
42074950,53320456
42079750,53324984
42084550,53329512
42089350,53334040
42094150,53338569
42098950,53343097
42103750,53347625
42108550,53352153
42113350,53356681
42118150,53361209
42122950,53365737
42127750,53370265
42132550,53374793
42137350,53379321
42142150,53383849
42146950,53388377
42151750,53392905
42156550,53397433
42161350,53401961
42166150,53406489
42170950,53411017
42175750,53415545
42180550,53420073
42185350,53424601
42190150,53429129
42194950,53433657
42199750,53438185
42204550,53442714
42209350,53447242
42214150,53451770
42218950,53456298
42223750,53460826
42228550,53465354
42233350,53469882
42238150,53474410
42242950,53478938
42247750,53483466
42252550,53487994
42257350,53492522
42262150,53497050
42266950,53501578
42271750,53506106
42276550,53510634
42281350,53515162
42286150,53519690
42290950,53524218
42295750,53528746
42300550,53533274
42305350,53537802
42310150,53542330
42314950,53546859
42319750,53551387
42324550,53555915
42329350,53560443
42334150,53564971
42338950,53569499
42343750,53574027
42348550,53578555
42353350,53583083
42358150,53587611
42362950,53592139
42367750,53596667
42372550,53601195
42377350,53605723
42382150,53610251
42386950,53614779
42391750,53619307
42396550,53623835
42401350,53628363
42406150,53632891
42410950,53637419
42415750,53641947
42420550,53646475
42425350,53651004
42430150,53655532
42434950,53660060
42439750,53664588
42444550,53669116
42449350,53673644
42454150,53678172
42458950,53682700
42463750,53687228
42468550,53691756
42473350,53696284
42478150,53700812
42482950,53705340
42487750,53709868
42492550,53714396
42497350,53718924
42502150,53723452
42506950,53727980
42511750,53732508
42516550,53737036
42521350,53741564
42526150,53746092
42530950,53750620
42535750,53755149
42540550,53759677
42545350,53764205
42550150,53768733
42554950,53773261
42559750,53777789
42564550,53782317
42569350,53786845
42574150,53791373
42578950,53795901
42583750,53800429
42588550,53804957
42593350,53809485
42598150,53814013
42602950,53818541
42607750,53823069
42612550,53827597
42617350,53832125
42622150,53836653
42626950,53841181
42631750,53845709
42636550,53850237
42641350,53854765
42646150,53859294
42650950,53863822
42655750,53868350
42660550,53872878
42665350,53877406
42670150,53881934
42674950,53886462
42679750,53890990
42684550,53895518
42689350,53900046
42694150,53904574
42698950,53909102
42703750,53913630
42708550,53918158
42713350,53922686
42718150,53927214
42722950,53931742
42727750,53936270
42732550,53940798
42737350,53945326
42742150,53949854
42746950,53954382
42751750,53958911
42756550,53963439
42761350,53967967
42766150,53972495
42770950,53977023
42775750,53981551
42780550,53986079
42785350,53990607
42790150,53995135
42794950,53999663
42799750,54004191
42804550,54008719
42809350,54013247
42814150,54017775
42818950,54022303
42823750,54026831
42828550,54031359
42833350,54035887
42838150,54040415
42842950,54044943
42847750,54049471
42852550,54053999
42857350,54058527
42862150,54063056
42866950,54067584
42871750,54072112
42876550,54076640
42881350,54081168
42886150,54085696
42890950,54090224
42895750,54094752
42900550,54099280
42905350,54103808
42910150,54108336
42914950,54112864
42919750,54117392
42924550,54121920
42929350,54126448
42934150,54130976
42938950,54135504
42943750,54140032
42948550,54144560
42953350,54149088
42958150,54153616
42962950,54158144
42967750,54162673
42972550,54167201
42977350,54171729
42982150,54176257
42986950,54180785
42991750,54185313
42996550,54189841
43001350,54194369
43006150,54198897
43010950,54203425
43015750,54207953
43020550,54212481
43025350,54217009
43030150,54221537
43034950,54226065
43039750,54230593
43044550,54235121
43049350,54239649
43054150,54244177
43058950,54248705
43063750,54253233
43068550,54257761
43073350,54262289
43078150,54266818
43082950,54271346
43087750,54275874
43092550,54280402
43097350,54284930
43102150,54289458
43106950,54293986
43111750,54298514
43116550,54303042
43121350,54307570
43126150,54312098
43130950,54316626
43135750,54321154
43140550,54325682
43145350,54330210
43150150,54334738
43154950,54339266
43159750,54343794
43164550,54348322
43169350,54352850
43174150,54357378
43178950,54361906
43183750,54366435
43188550,54370963
43193350,54375491
43198150,54380019
43202950,54384547
43207750,54389075
43212550,54393603
43217350,54398131
43222150,54402659
43226950,54407187
43231750,54411715
43236550,54416243
43241350,54420771
43246150,54425299
43250950,54429827
43255750,54434355
43260550,54438883
43265350,54443411
43270150,54447939
43274950,54452467
43279750,54456995
43284550,54461523
43289350,54466051
43294150,54470580
43298950,54475108
43303750,54479636
43308550,54484164
43313350,54488692
43318150,54493220
43322950,54497748
43327750,54502276
43332550,54506804
43337350,54511332
43342150,54515860
43346950,54520388
43351750,54524916
43356550,54529444
43361350,54533972
43366150,54538500
43370950,54543028
43375750,54547556
43380550,54552084
43385350,54556612
43390150,54561140
43394950,54565668
43399750,54570197
43404550,54574725
43409350,54579253
43414150,54583781
43418950,54588309
43423750,54592837
43428550,54597365
43433350,54601893
43438150,54606421
43442950,54610949
43447750,54615477
43452550,54620005
43457350,54624533
43462150,54629061
43466950,54633589
43471750,54638117
43476550,54642645
43481350,54647173
43486150,54651701
43490950,54656229
43495750,54660757
43500550,54665285
43505350,54669813
43510150,54674342
43514950,54678870
43519750,54683398
43524550,54687926
43529350,54692454
43534150,54696982
43538950,54701510
43543750,54706038
43548550,54710566
43553350,54715094
43558150,54719622
43562950,54724150
43567750,54728678
43572550,54733206
43577350,54737734
43582150,54742262
43586950,54746790
43591750,54751318
43596550,54755846
43601350,54760374
43606150,54764902
43610950,54769430
43615750,54773959
43620550,54778487
43625350,54783015
43630150,54787543
43634950,54792071
43639750,54796599
43644550,54801127
43649350,54805655
43654150,54810183
43658950,54814711
43663750,54819239
43668550,54823767
43673350,54828295
43678150,54832823
43682950,54837351
43687750,54841879
43692550,54846407
43697350,54850935
43702150,54855463
43706950,54859991
43711750,54864519
43716550,54869047
43721350,54873576
43726150,54878104
43730950,54882632
43735750,54887160
43740550,54891688
43745350,54896216
43750150,54900744
43754950,54905272
43759750,54909800
43764550,54914328
43769350,54918856
43774150,54923384
43778950,54927912
43783750,54932440
43788550,54936968
43793350,54941496
43798150,54946024
43802950,54950552
43807750,54955080
43812550,54959608
43817350,54964136
43822150,54968664
43826950,54973192
43831750,54977721
43836550,54982249
43841350,54986777
43846150,54991305
43850950,54995833
43855750,55000361
43860550,55004889
43865350,55009417
43870150,55013945
43874950,55018473
43879750,55023001
43884550,55027529
43889350,55032057
43894150,55036585
43898950,55041113
43903750,55045641
43908550,55050169
43913350,55054697
43918150,55059225
43922950,55063753
43927750,55068281
43932550,55072809
43937350,55077338
43942150,55081866
43946950,55086394
43951750,55090922
43956550,55095450
43961350,55099978
43966150,55104506
43970950,55109034
43975750,55113562
43980550,55118090
43985350,55122618
43990150,55127146
43994950,55131674
43999750,55136202
44004550,55140730
44009350,55145258
44014150,55149786
44018950,55154314
44023750,55158842
44028550,55163370
44033350,55167898
44038150,55172426
44042950,55176955
44047750,55181483
44052550,55186011
44057350,55190539
44062150,55195067
44066950,55199595
44071750,55204123
44076550,55208651
44081350,55213179
44086150,55217707
44090950,55222235
44095750,55226763
44100550,55231291
44105350,55235819
44110150,55240347
44114950,55244875
44119750,55249403
44124550,55253931
44129350,55258459
44134150,55262987
44138950,55267515
44143750,55272043
44148550,55276572
44153350,55281100
44158150,55285628
44162950,55290156
44167750,55294684
44172550,55299212
44177350,55303740
44182150,55308268
44186950,55312796
44191750,55317324
44196550,55321852
44201350,55326380
44206150,55330908
44210950,55335436
44215750,55339964
44220550,55344492
44225350,55349020
44230150,55353548
44234950,55358076
44239750,55362604
44244550,55367132
44249350,55371660
44254150,55376189
44258950,55380717
44263750,55385245
44268550,55389773
44273350,55394301
44278150,55398829
44282950,55403357
44287750,55407885
44292550,55412413
44297350,55416941
44302150,55421469
44306950,55425997
44311750,55430525
44316550,55435053
44321350,55439581
44326150,55444109
44330950,55448637
44335750,55453165
44340550,55457693
44345350,55462221
44350150,55466749
44354950,55471277
44359750,55475806
44364550,55480334
44369350,55484862
44374150,55489390
44378950,55493918
44383750,55498446
44388550,55502974
44393350,55507502
44398150,55512030
44402950,55516558
44407750,55521086
44412550,55525614
44417350,55530142
44422150,55534670
44426950,55539198
44431750,55543726
44436550,55548254
44441350,55552782
44446150,55557310
44450950,55561838
44455750,55566366
44460550,55570894
44465350,55575423
44470150,55579951
44474950,55584479
44479750,55589007
44484550,55593535
44489350,55598063
44494150,55602591
44498950,55607119
44503750,55611647
44508550,55616175
44513350,55620703
44518150,55625231
44522950,55629759
44527750,55634287
44532550,55638815
44537350,55643343
44542150,55647871
44546950,55652399
44551750,55656927
44556550,55661455
44561350,55665983
44566150,55670511
44570950,55675040
44575750,55679568
44580550,55684096
44585350,55688624
44590150,55693152
44594950,55697680
44599750,55702208
44604550,55706736
44609350,55711264
44614150,55715792
44618950,55720320
44623750,55724848
44628550,55729376
44633350,55733904
44638150,55738432
44642950,55742960
44647750,55747488
44652550,55752016
44657350,55756544
44662150,55761072
44666950,55765600
44671750,55770128
44676550,55774657
44681350,55779185
44686150,55783713
44690950,55788241
44695750,55792769
44700550,55797297
44705350,55801825
44710150,55806353
44714950,55810881
44719750,55815409
44724550,55819937
44729350,55824465
44734150,55828993
44738950,55833521
44743750,55838049
44748550,55842577
44753350,55847105
44758150,55851633
44762950,55856161
44767750,55860689
44772550,55865217
44777350,55869746
44782150,55874274
44786950,55878802
44791750,55883330
44796550,55887858
44801350,55892386
44806150,55896914
44810950,55901442
44815750,55905970
44820550,55910498
44825350,55915026
44830150,55919554
44834950,55924082
44839750,55928610
44844550,55933138
44849350,55937666
44854150,55942194
44858950,55946722
44863750,55951250
44868550,55955778
44873350,55960306
44878150,55964834
44882950,55969363
44887750,55973891
44892550,55978419
44897350,55982947
44902150,55987475
44906950,55992003
44911750,55996531
44916550,56001059
44921350,56005587
44926150,56010115
44930950,56014643
44935750,56019171
44940550,56023699
44945350,56028227
44950150,56032755
44954950,56037283
44959750,56041811
44964550,56046339
44969350,56050867
44974150,56055395
44978950,56059923
44983750,56064451
44988550,56068980
44993350,56073508
44998150,56078036
45002950,56082564
45007750,56087092
45012550,56091620
45017350,56096148
45022150,56100676
45026950,56105204
45031750,56109732
45036550,56114260
45041350,56118788
45046150,56123316
45050950,56127844
45055750,56132372
45060550,56136900
45065350,56141428
45070150,56145956
45074950,56150484
45079750,56155012
45084550,56159540
45089350,56164069
45094150,56168597
45098950,56173125
45103750,56177653
45108550,56182181
45113350,56186709
45118150,56191237
45122950,56195765
45127750,56200293
45132550,56204821
45137350,56209349
45142150,56213877
45146950,56218405
45151750,56222933
45156550,56227461
45161350,56231989
45166150,56236517
45170950,56241045
45175750,56245573
45180550,56250101
45185350,56254629
45190150,56259157
45194950,56263686
45199750,56268214
45204550,56272742
45209350,56277270
45214150,56281798
45218950,56286326
45223750,56290854
45228550,56295382
45233350,56299910
45238150,56304438
45242950,56308966
45247750,56313494
45252550,56318022
45257350,56322550
45262150,56327078
45266950,56331606
45271750,56336134
45276550,56340662
45281350,56345190
45286150,56349718
45290950,56354246
45295750,56358775
45300550,56363303
45305350,56367831
45310150,56372359
45314950,56376887
45319750,56381415
45324550,56385943
45329350,56390471
45334150,56394999
45338950,56399527
45343750,56404055
45348550,56408583
45353350,56413111
45358150,56417639
45362950,56422167
45367750,56426695
45372550,56431223
45377350,56435751
45382150,56440279
45386950,56444807
45391750,56449335
45396550,56453864
45401350,56458392
45406150,56462920
45410950,56467448
45415750,56471976
45420550,56476504
45425350,56481032
45430150,56485560
45434950,56490088
45439750,56494616
45444550,56499144
45449350,56503672
45454150,56508200
45458950,56512728
45463750,56517256
45468550,56521784
45473350,56526312
45478150,56530840
45482950,56535368
45487750,56539896
45492550,56544424
45497350,56548952
45502150,56553481
45506950,56558009
45511750,56562537
45516550,56567065
45521350,56571593
45526150,56576121
45530950,56580649
45535750,56585177
45540550,56589705
45545350,56594233
45550150,56598761
45554950,56603289
45559750,56607817
45564550,56612345
45569350,56616873
45574150,56621401
45578950,56625929
45583750,56630457
45588550,56634985
45593350,56639513
45598150,56644041
45602950,56648570
45607750,56653098
45612550,56657626
45617350,56662154
45622150,56666682
45626950,56671210
45631750,56675738
45636550,56680266
45641350,56684794
45646150,56689322
45650950,56693850
45655750,56698378
45660550,56702906
45665350,56707434
45670150,56711962
45674950,56716490
45679750,56721018
45684550,56725546
45689350,56730074
45694150,56734602
45698950,56739130
45703750,56743659
45708550,56748187
45713350,56752715
45718150,56757243
45722950,56761771
45727750,56766299
45732550,56770827
45737350,56775355
45742150,56779883
45746950,56784411
45751750,56788939
45756550,56793467
45761350,56797995
45766150,56802523
45770950,56807051
45775750,56811579
45780550,56816107
45785350,56820635
45790150,56825163
45794950,56829691
45799750,56834219
45804550,56838747
45809350,56843276
45814150,56847804
45818950,56852332
45823750,56856860
45828550,56861388
45833350,56865916
45838150,56870444
45842950,56874972
45847750,56879500
45852550,56884028
45857350,56888556
45862150,56893084
45866950,56897612
45871750,56902140
45876550,56906668
45881350,56911196
45886150,56915724
45890950,56920252
45895750,56924780
45900550,56929308
45905350,56933836
45910150,56938365
45914950,56942893
45919750,56947421
45924550,56951949
45929350,56956477
45934150,56961005
45938950,56965533
45943750,56970061
45948550,56974589
45953350,56979117
45958150,56983645
45962950,56988173
45967750,56992701
45972550,56997229
45977350,57001757
45982150,57006285
45986950,57010813
45991750,57015341
45996550,57019869
46001350,57024397
46006150,57028925
46010950,57033454
46015750,57037982
46020550,57042510
46025350,57047038
46030150,57051566
46034950,57056094
46039750,57060622
46044550,57065150
46049350,57069678
46054150,57074206
46058950,57078734
46063750,57083262
46068550,57087790
46073350,57092318
46078150,57096846
46082950,57101374
46087750,57105902
46092550,57110430
46097350,57114958
46102150,57119486
46106950,57124014
46111750,57128543
46116550,57133071
46121350,57137599
46126150,57142127
46130950,57146655
46135750,57151183
46140550,57155711
46145350,57160239
46150150,57164767
46154950,57169295
46159750,57173823
46164550,57178351
46169350,57182879
46174150,57187407
46178950,57191935
46183750,57196463
46188550,57200991
46193350,57205519
46198150,57210047
46202950,57214575
46207750,57219103
46212550,57223632
46217350,57228160
46222150,57232688
46226950,57237216
46231750,57241744
46236550,57246272
46241350,57250800
46246150,57255328
46250950,57259856
46255750,57264384
46260550,57268912
46265350,57273440
46270150,57277968
46274950,57282496
46279750,57287024
46284550,57291552
46289350,57296080
46294150,57300608
46298950,57305136
46303750,57309664
46308550,57314192
46313350,57318721
46318150,57323249
46322950,57327777
46327750,57332305
46332550,57336833
46337350,57341361
46342150,57345889
46346950,57350417
46351750,57354945
46356550,57359473
46361350,57364001
46366150,57368529
46370950,57373057
46375750,57377585
46380550,57382113
46385350,57386641
46390150,57391169
46394950,57395697
46399750,57400225
46404550,57404753
46409350,57409281
46414150,57413810
46418950,57418338
46423750,57422866
46428550,57427394
46433350,57431922
46438150,57436450
46442950,57440978
46447750,57445506
46452550,57450034
46457350,57454562
46462150,57459090
46466950,57463618
46471750,57468146
46476550,57472674
46481350,57477202
46486150,57481730
46490950,57486258
46495750,57490786
46500550,57495314
46505350,57499842
46510150,57504370
46514950,57508899
46519750,57513427
46524550,57517955
46529350,57522483
46534150,57527011
46538950,57531539
46543750,57536067
46548550,57540595
46553350,57545123
46558150,57549651
46562950,57554179
46567750,57558707
46572550,57563235
46577350,57567763
46582150,57572291
46586950,57576819
46591750,57581347
46596550,57585875
46601350,57590403
46606150,57594931
46610950,57599459
46615750,57603988
46620550,57608516
46625350,57613044
46630150,57617572
46634950,57622100
46639750,57626628
46644550,57631156
46649350,57635684
46654150,57640212
46658950,57644740
46663750,57649268
46668550,57653796
46673350,57658324
46678150,57662852
46682950,57667380
46687750,57671908
46692550,57676436
46697350,57680964
46702150,57685492
46706950,57690020
46711750,57694548
46716550,57699077
46721350,57703605
46726150,57708133
46730950,57712661
46735750,57717189
46740550,57721717
46745350,57726245
46750150,57730773
46754950,57735301
46759750,57739829
46764550,57744357
46769350,57748885
46774150,57753413
46778950,57757941
46783750,57762469
46788550,57766997
46793350,57771525
46798150,57776053
46802950,57780581
46807750,57785109
46812550,57789637
46817350,57794166
46822150,57798694
46826950,57803222
46831750,57807750
46836550,57812278
46841350,57816806
46846150,57821334
46850950,57825862
46855750,57830390
46860550,57834918
46865350,57839446
46870150,57843974
46874950,57848502
46879750,57853030
46884550,57857558
46889350,57862086
46894150,57866614
46898950,57871142
46903750,57875670
46908550,57880198
46913350,57884726
46918150,57889255
46922950,57893783
46927750,57898311
46932550,57902839
46937350,57907367
46942150,57911895
46946950,57916423
46951750,57920951
46956550,57925479
46961350,57930007
46966150,57934535
46970950,57939063
46975750,57943591
46980550,57948119
46985350,57952647
46990150,57957175
46994950,57961703
46999750,57966231
47004550,57970759
47009350,57975287
47014150,57979815
47018950,57984344
47023750,57988872
47028550,57993400
47033350,57997928
47038150,58002456
47042950,58006984
47047750,58011512
47052550,58016040
47057350,58020568
47062150,58025096
47066950,58029624
47071750,58034152
47076550,58038680
47081350,58043208
47086150,58047736
47090950,58052264
47095750,58056792
47100550,58061320
47105350,58065848
47110150,58070376
47114950,58074905
47119750,58079433
47124550,58083961
47129350,58088489
47134150,58093017
47138950,58097545
47143750,58102073
47148550,58106601
47153350,58111129
47158150,58115657
47162950,58120185
47167750,58124713
47172550,58129241
47177350,58133769
47182150,58138297
47186950,58142825
47191750,58147353
47196550,58151881
47201350,58156409
47206150,58160937
47210950,58165465
47215750,58169994
47220550,58174522
47225350,58179050
47230150,58183578
47234950,58188106
47239750,58192634
47244550,58197162
47249350,58201690
47254150,58206218
47258950,58210746
47263750,58215274
47268550,58219802
47273350,58224330
47278150,58228858
47282950,58233386
47287750,58237914
47292550,58242442
47297350,58246970
47302150,58251498
47306950,58256026
47311750,58260554
47316550,58265083
47321350,58269611
47326150,58274139
47330950,58278667
47335750,58283195
47340550,58287723
47345350,58292251
47350150,58296779
47354950,58301307
47359750,58305835
47364550,58310363
47369350,58314891
47374150,58319419
47378950,58323947
47383750,58328475
47388550,58333003
47393350,58337531
47398150,58342059
47402950,58346587
47407750,58351115
47412550,58355644
47417350,58360172
47422150,58364700
47426950,58369228
47431750,58373756
47436550,58378284
47441350,58382812
47446150,58387340
47450950,58391868
47455750,58396396
47460550,58400924
47465350,58405452
47470150,58409980
47474950,58414508
47479750,58419036
47484550,58423564
47489350,58428092
47494150,58432620
47498950,58437148
47503750,58441676
47508550,58446204
47513350,58450733
47518150,58455261
47522950,58459789
47527750,58464317
47532550,58468845
47537350,58473373
47542150,58477901
47546950,58482429
47551750,58486957
47556550,58491485
47561350,58496013
47566150,58500541
47570950,58505069
47575750,58509597
47580550,58514125
47585350,58518653
47590150,58523181
47594950,58527709
47599750,58532237
47604550,58536765
47609350,58541294
47614150,58545822
47618950,58550350
47623750,58554878
47628550,58559406
47633350,58563934
47638150,58568462
47642950,58572990
47647750,58577518
47652550,58582046
47657350,58586574
47662150,58591102
47666950,58595630
47671750,58600158
47676550,58604686
47681350,58609214
47686150,58613742
47690950,58618270
47695750,58622798
47700550,58627326
47705350,58631854
47710150,58636383
47714950,58640911
47719750,58645439
47724550,58649967
47729350,58654495
47734150,58659023
47738950,58663551
47743750,58668079
47748550,58672607
47753350,58677135
47758150,58681663
47762950,58686191
47767750,58690719
47772550,58695247
47777350,58699775
47782150,58704303
47786950,58708831
47791750,58713359
47796550,58717887
47801350,58722415
47806150,58726944
47810950,58731472
47815750,58736000
47820550,58740528
47825350,58745056
47830150,58749584
47834950,58754112
47839750,58758640
47844550,58763168
47849350,58767696
47854150,58772224
47858950,58776752
47863750,58781280
47868550,58785808
47873350,58790336
47878150,58794864
47882950,58799392
47887750,58803920
47892550,58808448
47897350,58812976
47902150,58817505
47906950,58822033
47911750,58826561
47916550,58831089
47921350,58835617
47926150,58840145
47930950,58844673
47935750,58849201
47940550,58853729
47945350,58858257
47950150,58862785
47954950,58867313
47959750,58871841
47964550,58876369
47969350,58880897
47974150,58885425
47978950,58889953
47983750,58894481
47988550,58899009
47993350,58903537
47998150,58908065
48002950,58912594
48007750,58917122
48012550,58921650
48017350,58926178
48022150,58930706
48026950,58935234
48031750,58939762
48036550,58944290
48041350,58948818
48046150,58953346
48050950,58957874
48055750,58962402
48060550,58966930
48065350,58971458
48070150,58975986
48074950,58980514
48079750,58985042
48084550,58989570
48089350,58994098
48094150,58998626
48098950,59003155
48103750,59007683
48108550,59012211
48113350,59016739
48118150,59021267
48122950,59025795
48127750,59030323
48132550,59034851
48137350,59039379
48142150,59043907
48146950,59048435
48151750,59052963
48156550,59057491
48161350,59062019
48166150,59066547
48170950,59071075
48175750,59075603
48180550,59080131
48185350,59084659
48190150,59089187
48194950,59093716
48199750,59098244
48204550,59102772
48209350,59107300
48214150,59111828
48218950,59116356
48223750,59120884
48228550,59125412
48233350,59129940
48238150,59134468
48242950,59138996
48247750,59143524
48252550,59148052
48257350,59152580
48262150,59157108
48266950,59161636
48271750,59166164
48276550,59170692
48281350,59175220
48286150,59179748
48290950,59184277
48295750,59188805
48300550,59193333
48305350,59197861
48310150,59202389
48314950,59206917
48319750,59211445
48324550,59215973
48329350,59220501
48334150,59225029
48338950,59229557
48343750,59234085
48348550,59238613
48353350,59243141
48358150,59247669
48362950,59252197
48367750,59256725
48372550,59261253
48377350,59265781
48382150,59270309
48386950,59274838
48391750,59279366
48396550,59283894
48401350,59288422
48406150,59292950
48410950,59297478
48415750,59302006
48420550,59306534
48425350,59311062
48430150,59315590
48434950,59320118
48439750,59324646
48444550,59329174
48449350,59333702
48454150,59338230
48458950,59342758
48463750,59347286
48468550,59351814
48473350,59356342
48478150,59360870
48482950,59365399
48487750,59369927
48492550,59374455
48497350,59378983
48502150,59383511
48506950,59388039
48511750,59392567
48516550,59397095
48521350,59401623
48526150,59406151
48530950,59410679
48535750,59415207
48540550,59419735
48545350,59424263
48550150,59428791
48554950,59433319
48559750,59437847
48564550,59442375
48569350,59446903
48574150,59451431
48578950,59455960
48583750,59460488
48588550,59465016
48593350,59469544
48598150,59474072
48602950,59478600
48607750,59483128
48612550,59487656
48617350,59492184
48622150,59496712
48626950,59501240
48631750,59505768
48636550,59510296
48641350,59514824
48646150,59519352
48650950,59523880
48655750,59528408
48660550,59532936
48665350,59537464
48670150,59541992
48674950,59546521
48679750,59551049
48684550,59555577
48689350,59560105
48694150,59564633
48698950,59569161
48703750,59573689
48708550,59578217
48713350,59582745
48718150,59587273
48722950,59591801
48727750,59596329
48732550,59600857
48737350,59605385
48742150,59609913
48746950,59614441
48751750,59618969
48756550,59623497
48761350,59628025
48766150,59632553
48770950,59637082
48775750,59641610
48780550,59646138
48785350,59650666
48790150,59655194
48794950,59659722
48799750,59664250
48804550,59668778
48809350,59673306
48814150,59677834
48818950,59682362
48823750,59686890
48828550,59691418
48833350,59695946
48838150,59700474
48842950,59705002
48847750,59709530
48852550,59714058
48857350,59718586
48862150,59723114
48866950,59727643
48871750,59732171
48876550,59736699
48881350,59741227
48886150,59745755
48890950,59750283
48895750,59754811
48900550,59759339
48905350,59763867
48910150,59768395
48914950,59772923
48919750,59777451
48924550,59781979
48929350,59786507
48934150,59791035
48938950,59795563
48943750,59800091
48948550,59804619
48953350,59809147
48958150,59813676
48962950,59818204
48967750,59822732
48972550,59827260
48977350,59831788
48982150,59836316
48986950,59840844
48991750,59845372
48996550,59849900
49001350,59854428
49006150,59858956
49010950,59863484
49015750,59868012
49020550,59872540
49025350,59877068
49030150,59881596
49034950,59886124
49039750,59890652
49044550,59895180
49049350,59899708
49054150,59904237
49058950,59908765
49063750,59913293
49068550,59917821
49073350,59922349
49078150,59926877
49082950,59931405
49087750,59935933
49092550,59940461
49097350,59944989
49102150,59949517
49106950,59954045
49111750,59958573
49116550,59963101
49121350,59967629
49126150,59972157
49130950,59976685
49135750,59981213
49140550,59985741
49145350,59990269
49150150,59994798
49154950,59999326
49159750,60003854
49164550,60008382
49169350,60012910
49174150,60017438
49178950,60021966
49183750,60026494
49188550,60031022
49193350,60035550
49198150,60040078
49202950,60044606
49207750,60049134
49212550,60053662
49217350,60058190
49222150,60062718
49226950,60067246
49231750,60071774
49236550,60076302
49241350,60080831
49246150,60085359
49250950,60089887
49255750,60094415
49260550,60098943
49265350,60103471
49270150,60107999
49274950,60112527
49279750,60117055
49284550,60121583
49289350,60126111
49294150,60130639
49298950,60135167
49303750,60139695
49308550,60144223
49313350,60148751
49318150,60153279
49322950,60157807
49327750,60162335
49332550,60166863
49337350,60171392
49342150,60175920
49346950,60180448
49351750,60184976
49356550,60189504
49361350,60194032
49366150,60198560
49370950,60203088
49375750,60207616
49380550,60212144
49385350,60216672
49390150,60221200
49394950,60225728
49399750,60230256
49404550,60234784
49409350,60239312
49414150,60243840
49418950,60248368
49423750,60252896
49428550,60257425
49433350,60261953
49438150,60266481
49442950,60271009
49447750,60275537
49452550,60280065
49457350,60284593
49462150,60289121
49466950,60293649
49471750,60298177
49476550,60302705
49481350,60307233
49486150,60311761
49490950,60316289
49495750,60320817
49500550,60325345
49505350,60329873
49510150,60334401
49514950,60338929
49519750,60343457
49524550,60347986
49529350,60352514
49534150,60357042
49538950,60361570
49543750,60366098
49548550,60370626
49553350,60375154
49558150,60379682
49562950,60384210
49567750,60388738
49572550,60393266
49577350,60397794
49582150,60402322
49586950,60406850
49591750,60411378
49596550,60415906
49601350,60420434
49606150,60424962
49610950,60429490
49615750,60434019
49620550,60438547
49625350,60443075
49630150,60447603
49634950,60452131
49639750,60456659
49644550,60461187
49649350,60465715
49654150,60470243
49658950,60474771
49663750,60479299
49668550,60483827
49673350,60488355
49678150,60492883
49682950,60497411
49687750,60501939
49692550,60506467
49697350,60510995
49702150,60515523
49706950,60520051
49711750,60524580
49716550,60529108
49721350,60533636
49726150,60538164
49730950,60542692
49735750,60547220
49740550,60551748
49745350,60556276
49750150,60560804
49754950,60565332
49759750,60569860
49764550,60574388
49769350,60578916
49774150,60583444
49778950,60587972
49783750,60592500
49788550,60597028
49793350,60601556
49798150,60606084
49802950,60610613
49807750,60615141
49812550,60619669
49817350,60624197
49822150,60628725
49826950,60633253
49831750,60637781
49836550,60642309
49841350,60646837
49846150,60651365
49850950,60655893
49855750,60660421
49860550,60664949
49865350,60669477
49870150,60674005
49874950,60678533
49879750,60683061
49884550,60687589
49889350,60692117
49894150,60696646
49898950,60701174
49903750,60705702
49908550,60710230
49913350,60714758
49918150,60719286
49922950,60723814
49927750,60728342
49932550,60732870
49937350,60737398
49942150,60741926
49946950,60746454
49951750,60750982
49956550,60755510
49961350,60760038
49966150,60764566
49970950,60769094
49975750,60773622
49980550,60778150
49985350,60782678
49990150,60787207
49994950,60791735
49999750,60796263
50004550,60800791
50009350,60805319
50014150,60809847
50018950,60814375
50023750,60818903
50028550,60823431
50033350,60827959
50038150,60832487
50042950,60837015
50047750,60841543
50052550,60846071
50057350,60850599
50062150,60855127
50066950,60859655
50071750,60864183
50076550,60868711
50081350,60873240
50086150,60877768
50090950,60882296
50095750,60886824
50100550,60891352
50105350,60895880
50110150,60900408
50114950,60904936
50119750,60909464
50124550,60913992
50129350,60918520
50134150,60923048
50138950,60927576
50143750,60932104
50148550,60936632
50153350,60941160
50158150,60945688
50162950,60950216
50167750,60954744
50172550,60959273
50177350,60963801
50182150,60968329
50186950,60972857
50191750,60977385
50196550,60981913
50201350,60986441
50206150,60990969
50210950,60995497
50215750,61000025
50220550,61004553
50225350,61009081
50230150,61013609
50234950,61018137
50239750,61022665
50244550,61027193
50249350,61031721
50254150,61036249
50258950,61040777
50263750,61045306
50268550,61049834
50273350,61054362
50278150,61058890
50282950,61063418
50287750,61067946
50292550,61072474
50297350,61077002
50302150,61081530
50306950,61086058
50311750,61090586
50316550,61095114
50321350,61099642
50326150,61104170
50330950,61108698
50335750,61113226
50340550,61117754
50345350,61122282
50350150,61126810
50354950,61131339
50359750,61135867
50364550,61140395
50369350,61144923
50374150,61149451
50378950,61153979
50383750,61158507
50388550,61163035
50393350,61167563
50398150,61172091
50402950,61176619
50407750,61181147
50412550,61185675
50417350,61190203
50422150,61194731
50426950,61199259
50431750,61203787
50436550,61208315
50441350,61212843
50446150,61217371
50450950,61221900
50455750,61226428
50460550,61230956
50465350,61235484
50470150,61240012
50474950,61244540
50479750,61249068
50484550,61253596
50489350,61258124
50494150,61262652
50498950,61267180
50503750,61271708
50508550,61276236
50513350,61280764
50518150,61285292
50522950,61289820
50527750,61294348
50532550,61298876
50537350,61303404
50542150,61307933
50546950,61312461
50551750,61316989
50556550,61321517
50561350,61326045
50566150,61330573
50570950,61335101
50575750,61339629
50580550,61344157
50585350,61348685
50590150,61353213
50594950,61357741
50599750,61362269
50604550,61366797
50609350,61371325
50614150,61375853
50618950,61380381
50623750,61384909
50628550,61389437
50633350,61393966
50638150,61398494
50642950,61403022
50647750,61407550
50652550,61412078
50657350,61416606
50662150,61421134
50666950,61425662
50671750,61430190
50676550,61434718
50681350,61439246
50686150,61443774
50690950,61448302
50695750,61452830
50700550,61457358
50705350,61461886
50710150,61466414
50714950,61470942
50719750,61475470
50724550,61479999
50729350,61484527
50734150,61489055
50738950,61493583
50743750,61498111
50748550,61502639
50753350,61507167
50758150,61511695
50762950,61516223
50767750,61520751
50772550,61525279
50777350,61529807
50782150,61534335
50786950,61538863
50791750,61543391
50796550,61547919
50801350,61552447
50806150,61556975
50810950,61561503
50815750,61566032
50820550,61570560
50825350,61575088
50830150,61579616
50834950,61584144
50839750,61588672
50844550,61593200
50849350,61597728
50854150,61602256
50858950,61606784
50863750,61611312
50868550,61615840
50873350,61620368
50878150,61624896
50882950,61629424
50887750,61633952
50892550,61638480
50897350,61643008
50902150,61647536
50906950,61652065
50911750,61656593
50916550,61661121
50921350,61665649
50926150,61670177
50930950,61674705
50935750,61679233
50940550,61683761
50945350,61688289
50950150,61692817
50954950,61697345
50959750,61701873
50964550,61706401
50969350,61710929
50974150,61715457
50978950,61719985
50983750,61724513
50988550,61729041
50993350,61733569
50998150,61738098
51002950,61742626
51007750,61747154
51012550,61751682
51017350,61756210
51022150,61760738
51026950,61765266
51031750,61769794
51036550,61774322
51041350,61778850
51046150,61783378
51050950,61787906
51055750,61792434
51060550,61796962
51065350,61801490
51070150,61806018
51074950,61810546
51079750,61815074
51084550,61819602
51089350,61824131
51094150,61828659
51098950,61833187
51103750,61837715
51108550,61842243
51113350,61846771
51118150,61851299
51122950,61855827
51127750,61860355
51132550,61864883
51137350,61869411
51142150,61873939
51146950,61878467
51151750,61882995
51156550,61887523
51161350,61892051
51166150,61896579
51170950,61901107
51175750,61905635
51180550,61910164
51185350,61914692
51190150,61919220
51194950,61923748
51199750,61928276
51204550,61932804
51209350,61937332
51214150,61941860
51218950,61946388
51223750,61950916
51228550,61955444
51233350,61959972
51238150,61964500
51242950,61969028
51247750,61973556
51252550,61978084
51257350,61982612
51262150,61987140
51266950,61991668
51271750,61996197
51276550,62000725
51281350,62005253
51286150,62009781
51290950,62014309
51295750,62018837
51300550,62023365
51305350,62027893
51310150,62032421
51314950,62036949
51319750,62041477
51324550,62046005
51329350,62050533
51334150,62055061
51338950,62059589
51343750,62064117
51348550,62068645
51353350,62073173
51358150,62077701
51362950,62082230
51367750,62086758
51372550,62091286
51377350,62095814
51382150,62100342
51386950,62104870
51391750,62109398
51396550,62113926
51401350,62118454
51406150,62122982
51410950,62127510
51415750,62132038
51420550,62136566
51425350,62141094
51430150,62145622
51434950,62150150
51439750,62154678
51444550,62159206
51449350,62163734
51454150,62168263
51458950,62172791
51463750,62177319
51468550,62181847
51473350,62186375
51478150,62190903
51482950,62195431
51487750,62199959
51492550,62204487
51497350,62209015
51502150,62213543
51506950,62218071
51511750,62222599
51516550,62227127
51521350,62231655
51526150,62236183
51530950,62240711
51535750,62245239
51540550,62249767
51545350,62254296
51550150,62258824
51554950,62263352
51559750,62267880
51564550,62272408
51569350,62276936
51574150,62281464
51578950,62285992
51583750,62290520
51588550,62295048
51593350,62299576
51598150,62304104
51602950,62308632
51607750,62313160
51612550,62317688
51617350,62322216
51622150,62326744
51626950,62331272
51631750,62335801
51636550,62340329
51641350,62344857
51646150,62349385
51650950,62353913
51655750,62358441
51660550,62362969
51665350,62367497
51670150,62372025
51674950,62376553
51679750,62381081
51684550,62385609
51689350,62390137
51694150,62394665
51698950,62399193
51703750,62403721
51708550,62408249
51713350,62412777
51718150,62417305
51722950,62421834
51727750,62426362
51732550,62430890
51737350,62435418
51742150,62439946
51746950,62444474
51751750,62449002
51756550,62453530
51761350,62458058
51766150,62462586
51770950,62467114
51775750,62471642
51780550,62476170
51785350,62480698
51790150,62485226
51794950,62489754
51799750,62494282
51804550,62498810
51809350,62503338
51814150,62507867
51818950,62512395
51823750,62516923
51828550,62521451
51833350,62525979
51838150,62530507
51842950,62535035
51847750,62539563
51852550,62544091
51857350,62548619
51862150,62553147
51866950,62557675
51871750,62562203
51876550,62566731
51881350,62571259
51886150,62575787
51890950,62580315
51895750,62584843
51900550,62589371
51905350,62593900
51910150,62598428
51914950,62602956
51919750,62607484
51924550,62612012
51929350,62616540
51934150,62621068
51938950,62625596
51943750,62630124
51948550,62634652
51953350,62639180
51958150,62643708
51962950,62648236
51967750,62652764
51972550,62657292
51977350,62661820
51982150,62666348
51986950,62670876
51991750,62675405
51996550,62679933
52001350,62684461
52006150,62688989
52010950,62693517
52015750,62698045
52020550,62702573
52025350,62707101
52030150,62711629
52034950,62716157
52039750,62720685
52044550,62725213
52049350,62729741
52054150,62734269
52058950,62738797
52063750,62743325
52068550,62747853
52073350,62752381
52078150,62756909
52082950,62761438
52087750,62765966
52092550,62770494
52097350,62775022
52102150,62779550
52106950,62784078
52111750,62788606
52116550,62793134
52121350,62797662
52126150,62802190
52130950,62806718
52135750,62811246
52140550,62815774
52145350,62820302
52150150,62824830
52154950,62829358
52159750,62833886
52164550,62838414
52169350,62842942
52174150,62847471
52178950,62851999
52183750,62856527
52188550,62861055
52193350,62865583
52198150,62870111
52202950,62874639
52207750,62879167
52212550,62883695
52217350,62888223
52222150,62892751
52226950,62897279
52231750,62901807
52236550,62906335
52241350,62910863
52246150,62915391
52250950,62919919
52255750,62924447
52260550,62928976
52265350,62933504
52270150,62938032
52274950,62942560
52279750,62947088
52284550,62951616
52289350,62956144
52294150,62960672
52298950,62965200
52303750,62969728
52308550,62974256
52313350,62978784
52318150,62983312
52322950,62987840
52327750,62992368
52332550,62996896
52337350,63001424
52342150,63005952
52346950,63010480
52351750,63015009
52356550,63019537
52361350,63024065
52366150,63028593
52370950,63033121
52375750,63037649
52380550,63042177
52385350,63046705
52390150,63051233
52394950,63055761
52399750,63060289
52404550,63064817
52409350,63069345
52414150,63073873
52418950,63078401
52423750,63082929
52428550,63087457
52433350,63091985
52438150,63096514
52442950,63101042
52447750,63105570
52452550,63110098
52457350,63114626
52462150,63119154
52466950,63123682
52471750,63128210
52476550,63132738
52481350,63137266
52486150,63141794
52490950,63146322
52495750,63150850
52500550,63155378
52505350,63159906
52510150,63164434
52514950,63168962
52519750,63173490
52524550,63178019
52529350,63182547
52534150,63187075
52538950,63191603
52543750,63196131
52548550,63200659
52553350,63205187
52558150,63209715
52562950,63214243
52567750,63218771
52572550,63223299
52577350,63227827
52582150,63232355
52586950,63236883
52591750,63241411
52596550,63245939
52601350,63250467
52606150,63254995
52610950,63259523
52615750,63264052
52620550,63268580
52625350,63273108
52630150,63277636
52634950,63282164
52639750,63286692
52644550,63291220
52649350,63295748
52654150,63300276
52658950,63304804
52663750,63309332
52668550,63313860
52673350,63318388
52678150,63322916
52682950,63327444
52687750,63331972
52692550,63336500
52697350,63341028
52702150,63345557
52706950,63350085
52711750,63354613
52716550,63359141
52721350,63363669
52726150,63368197
52730950,63372725
52735750,63377253
52740550,63381781
52745350,63386309
52750150,63390837
52754950,63395365
52759750,63399893
52764550,63404421
52769350,63408949
52774150,63413477
52778950,63418005
52783750,63422533
52788550,63427061
52793350,63431590
52798150,63436118
52802950,63440646
52807750,63445174
52812550,63449702
52817350,63454230
52822150,63458758
52826950,63463286
52831750,63467814
52836550,63472342
52841350,63476870
52846150,63481398
52850950,63485926
52855750,63490454
52860550,63494982
52865350,63499510
52870150,63504038
52874950,63508566
52879750,63513095
52884550,63517623
52889350,63522151
52894150,63526679
52898950,63531207
52903750,63535735
52908550,63540263
52913350,63544791
52918150,63549319
52922950,63553847
52927750,63558375
52932550,63562903
52937350,63567431
52942150,63571959
52946950,63576487
52951750,63581015
52956550,63585543
52961350,63590071
52966150,63594600
52970950,63599128
52975750,63603656
52980550,63608184
52985350,63612712
52990150,63617240
52994950,63621768
52999750,63626296
53004550,63630824
53009350,63635352
53014150,63639880
53018950,63644408
53023750,63648936
53028550,63653464
53033350,63657992
53038150,63662520
53042950,63667048
53047750,63671576
53052550,63676105
53057350,63680633
53062150,63685161
53066950,63689689
53071750,63694217
53076550,63698745
53081350,63703273
53086150,63707801
53090950,63712329
53095750,63716857
53100550,63721385
53105350,63725913
53110150,63730441
53114950,63734969
53119750,63739497
53124550,63744025
53129350,63748553
53134150,63753081
53138950,63757610
53143750,63762138
53148550,63766666
53153350,63771194
53158150,63775722
53162950,63780250
53167750,63784778
53172550,63789306
53177350,63793834
53182150,63798362
53186950,63802890
53191750,63807418
53196550,63811946
53201350,63816474
53206150,63821002
53210950,63825530
53215750,63830058
53220550,63834586
53225350,63839115
53230150,63843643
53234950,63848171
53239750,63852699
53244550,63857227
53249350,63861755
53254150,63866283
53258950,63870811
53263750,63875339
53268550,63879867
53273350,63884395
53278150,63888923
53282950,63893451
53287750,63897979
53292550,63902507
53297350,63907035
53302150,63911563
53306950,63916091
53311750,63920620
53316550,63925148
53321350,63929676
53326150,63934204
53330950,63938732
53335750,63943260
53340550,63947788
53345350,63952316
53350150,63956844
53354950,63961372
53359750,63965900
53364550,63970428
53369350,63974956
53374150,63979484
53378950,63984012
53383750,63988540
53388550,63993068
53393350,63997596
53398150,64002125
53402950,64006653
53407750,64011181
53412550,64015709
53417350,64020237
53422150,64024765
53426950,64029293
53431750,64033821
53436550,64038349
53441350,64042877
53446150,64047405
53450950,64051933
53455750,64056461
53460550,64060989
53465350,64065517
53470150,64070045
53474950,64074573
53479750,64079101
53484550,64083630
53489350,64088158
53494150,64092686
53498950,64097214
53503750,64101742
53508550,64106270
53513350,64110798
53518150,64115326
53522950,64119854
53527750,64124382
53532550,64128910
53537350,64133438
53542150,64137966
53546950,64142494
53551750,64147022
53556550,64151550
53561350,64156078
53566150,64160606
53570950,64165135
53575750,64169663
53580550,64174191
53585350,64178719
53590150,64183247
53594950,64187775
53599750,64192303
53604550,64196831
53609350,64201359
53614150,64205887
53618950,64210415
53623750,64214943
53628550,64219471
53633350,64223999
53638150,64228527
53642950,64233055
53647750,64237583
53652550,64242111
53657350,64246640
53662150,64251168
53666950,64255696
53671750,64260224
53676550,64264752
53681350,64269280
53686150,64273808
53690950,64278336
53695750,64282864
53700550,64287392
53705350,64291920
53710150,64296448
53714950,64300976
53719750,64305504
53724550,64310032
53729350,64314560
53734150,64319088
53738950,64323616
53743750,64328145
53748550,64332673
53753350,64337201
53758150,64341729
53762950,64346257
53767750,64350785
53772550,64355313
53777350,64359841
53782150,64364369
53786950,64368897
53791750,64373425
53796550,64377953
53801350,64382481
53806150,64387009
53810950,64391537
53815750,64396065
53820550,64400593
53825350,64405121
53830150,64409650
53834950,64414178
53839750,64418706
53844550,64423234
53849350,64427762
53854150,64432290
53858950,64436818
53863750,64441346
53868550,64445874
53873350,64450402
53878150,64454930
53882950,64459458
53887750,64463986
53892550,64468514
53897350,64473042
53902150,64477570
53906950,64482098
53911750,64486626
53916550,64491155
53921350,64495683
53926150,64500211
53930950,64504739
53935750,64509267
53940550,64513795
53945350,64518323
53950150,64522851
53954950,64527379
53959750,64531907
53964550,64536435
53969350,64540963
53974150,64545491
53978950,64550019
53983750,64554547
53988550,64559075
53993350,64563603
53998150,64568132
54002950,64572660
54007750,64577188
54012550,64581716
54017350,64586244
54022150,64590772
54026950,64595300
54031750,64599828
54036550,64604356
54041350,64608884
54046150,64613412
54050950,64617940
54055750,64622468
54060550,64626996
54065350,64631524
54070150,64636052
54074950,64640580
54079750,64645108
54084550,64649637
54089350,64654165
54094150,64658693
54098950,64663221
54103750,64667749
54108550,64672277
54113350,64676805
54118150,64681333
54122950,64685861
54127750,64690389
54132550,64694917
54137350,64699445
54142150,64703973
54146950,64708501
54151750,64713029
54156550,64717557
54161350,64722085
54166150,64726613
54170950,64731142
54175750,64735670
54180550,64740198
54185350,64744726
54190150,64749254
54194950,64753782
54199750,64758310
54204550,64762838
54209350,64767366
54214150,64771894
54218950,64776422
54223750,64780950
54228550,64785478
54233350,64790006
54238150,64794534
54242950,64799062
54247750,64803590
54252550,64808119
54257350,64812647
54262150,64817175
54266950,64821703
54271750,64826231
54276550,64830759
54281350,64835287
54286150,64839815
54290950,64844343
54295750,64848871
54300550,64853399
54305350,64857927
54310150,64862455
54314950,64866983
54319750,64871511
54324550,64876039
54329350,64880567
54334150,64885095
54338950,64889624
54343750,64894152
54348550,64898680
54353350,64903208
54358150,64907736
54362950,64912264
54367750,64916792
54372550,64921320
54377350,64925848
54382150,64930376
54386950,64934904
54391750,64939432
54396550,64943960
54401350,64948488
54406150,64953016
54410950,64957544
54415750,64962072
54420550,64966600
54425350,64971129
54430150,64975657
54434950,64980185
54439750,64984713
54444550,64989241
54449350,64993769
54454150,64998297
54458950,65002825
54463750,65007353
54468550,65011881
54473350,65016409
54478150,65020937
54482950,65025465
54487750,65029993
54492550,65034521
54497350,65039049
54502150,65043577
54506950,65048106
54511750,65052634
54516550,65057162
54521350,65061690
54526150,65066218
54530950,65070746
54535750,65075274
54540550,65079802
54545350,65084330
54550150,65088858
54554950,65093386
54559750,65097914
54564550,65102442
54569350,65106970
54574150,65111498
54578950,65116026
54583750,65120554
54588550,65125082
54593350,65129611
54598150,65134139
54602950,65138667
54607750,65143195
54612550,65147723
54617350,65152251
54622150,65156779
54626950,65161307
54631750,65165835
54636550,65170363
54641350,65174891
54646150,65179419
54650950,65183947
54655750,65188475
54660550,65193003
54665350,65197531
54670150,65202059
54674950,65206588
54679750,65211116
54684550,65215644
54689350,65220172
54694150,65224700
54698950,65229228
54703750,65233756
54708550,65238284
54713350,65242812
54718150,65247340
54722950,65251868
54727750,65256396
54732550,65260924
54737350,65265452
54742150,65269980
54746950,65274508
54751750,65279036
54756550,65283564
54761350,65288093
54766150,65292621
54770950,65297149
54775750,65301677
54780550,65306205
54785350,65310733
54790150,65315261
54794950,65319789
54799750,65324317
54804550,65328845
54809350,65333373
54814150,65337901
54818950,65342429
54823750,65346957
54828550,65351485
54833350,65356013
54838150,65360541
54842950,65365070
54847750,65369598
54852550,65374126
54857350,65378654
54862150,65383182
54866950,65387710
54871750,65392238
54876550,65396766
54881350,65401294
54886150,65405822
54890950,65410350
54895750,65414878
54900550,65419406
54905350,65423934
54910150,65428462
54914950,65432990
54919750,65437518
54924550,65442046
54929350,65446575
54934150,65451103
54938950,65455631
54943750,65460159
54948550,65464687
54953350,65469215
54958150,65473743
54962950,65478271
54967750,65482799
54972550,65487327
54977350,65491855
54982150,65496383
54986950,65500911
54991750,65505439
54996550,65509967
55001350,65514495
55006150,65519023
55010950,65523552
55015750,65528080
55020550,65532608
55025350,65537136
55030150,65541664
55034950,65546192
55039750,65550720
55044550,65555248
55049350,65559776
55054150,65564304
55058950,65568832
55063750,65573360
55068550,65577888
55073350,65582416
55078150,65586944
55082950,65591472
55087750,65596000
55092550,65600529
55097350,65605057
55102150,65609585
55106950,65614113
55111750,65618641
55116550,65623169
55121350,65627697
55126150,65632225
55130950,65636753
55135750,65641281
55140550,65645809
55145350,65650337
55150150,65654865
55154950,65659393
55159750,65663921
55164550,65668449
55169350,65672977
55174150,65677505
55178950,65682034
55183750,65686562
55188550,65691090
55193350,65695618
55198150,65700146
55202950,65704674
55207750,65709202
55212550,65713730
55217350,65718258
55222150,65722786
55226950,65727314
55231750,65731842
55236550,65736370
55241350,65740898
55246150,65745426
55250950,65749954
55255750,65754482
55260550,65759011
55265350,65763539
55270150,65768067
55274950,65772595
55279750,65777123
55284550,65781651
55289350,65786179
55294150,65790707
55298950,65795235
55303750,65799763
55308550,65804291
55313350,65808819
55318150,65813347
55322950,65817875
55327750,65822403
55332550,65826931
55337350,65831459
55342150,65835988
55346950,65840516
55351750,65845044
55356550,65849572
55361350,65854100
55366150,65858628
55370950,65863156
55375750,65867684
55380550,65872212
55385350,65876740
55390150,65881268
55394950,65885796
55399750,65890324
55404550,65894852
55409350,65899380
55414150,65903908
55418950,65908436
55423750,65912964
55428550,65917493
55433350,65922021
55438150,65926549
55442950,65931077
55447750,65935605
55452550,65940133
55457350,65944661
55462150,65949189
55466950,65953717
55471750,65958245
55476550,65962773
55481350,65967301
55486150,65971829
55490950,65976357
55495750,65980885
55500550,65985413
55505350,65989941
55510150,65994470
55514950,65998998
55519750,66003526
55524550,66008054
55529350,66012582
55534150,66017110
55538950,66021638
55543750,66026166
55548550,66030694
55553350,66035222
55558150,66039750
55562950,66044278
55567750,66048806
55572550,66053334
55577350,66057862
55582150,66062390
55586950,66066918
55591750,66071446
55596550,66075975
55601350,66080503
55606150,66085031
55610950,66089559
55615750,66094087
55620550,66098615
55625350,66103143
55630150,66107671
55634950,66112199
55639750,66116727
55644550,66121255
55649350,66125783
55654150,66130311
55658950,66134839
55663750,66139367
55668550,66143895
55673350,66148423
55678150,66152952
55682950,66157480
55687750,66162008
55692550,66166536
55697350,66171064
55702150,66175592
55706950,66180120
55711750,66184648
55716550,66189176
55721350,66193704
55726150,66198232
55730950,66202760
55735750,66207288
55740550,66211816
55745350,66216344
55750150,66220872
55754950,66225400
55759750,66229929
55764550,66234457
55769350,66238985
55774150,66243513
55778950,66248041
55783750,66252569
55788550,66257097
55793350,66261625
55798150,66266153
55802950,66270681
55807750,66275209
55812550,66279737
55817350,66284265
55822150,66288793
55826950,66293321
55831750,66297849
55836550,66302377
55841350,66306906
55846150,66311434
55850950,66315962
55855750,66320490
55860550,66325018
55865350,66329546
55870150,66334074
55874950,66338602
55879750,66343130
55884550,66347658
55889350,66352186
55894150,66356714
55898950,66361242
55903750,66365770
55908550,66370298
55913350,66374826
55918150,66379354
55922950,66383882
55927750,66388411
55932550,66392939
55937350,66397467
55942150,66401995
55946950,66406523
55951750,66411051
55956550,66415579
55961350,66420107
55966150,66424635
55970950,66429163
55975750,66433691
55980550,66438219
55985350,66442747
55990150,66447275
55994950,66451803
55999750,66456331
56004550,66460859
56009350,66465388
56014150,66469916
56018950,66474444
56023750,66478972
56028550,66483500
56033350,66488028
56038150,66492556
56042950,66497084
56047750,66501612
56052550,66506140
56057350,66510668
56062150,66515196
56066950,66519724
56071750,66524252
56076550,66528780
56081350,66533308
56086150,66537836
56090950,66542365
56095750,66546893
56100550,66551421
56105350,66555949
56110150,66560477
56114950,66565005
56119750,66569533
56124550,66574061
56129350,66578589
56134150,66583117
56138950,66587645
56143750,66592173
56148550,66596701
56153350,66601229
56158150,66605757
56162950,66610285
56167750,66614813
56172550,66619342
56177350,66623870
56182150,66628398
56186950,66632926
56191750,66637454
56196550,66641982
56201350,66646510
56206150,66651038
56210950,66655566
56215750,66660094
56220550,66664622
56225350,66669150
56230150,66673678
56234950,66678206
56239750,66682734
56244550,66687262
56249350,66691790
56254150,66696319
56258950,66700847
56263750,66705375
56268550,66709903
56273350,66714431
56278150,66718959
56282950,66723487
56287750,66728015
56292550,66732543
56297350,66737071
56302150,66741599
56306950,66746127
56311750,66750655
56316550,66755183
56321350,66759711
56326150,66764239
56330950,66768767
56335750,66773295
56340550,66777824
56345350,66782352
56350150,66786880
56354950,66791408
56359750,66795936
56364550,66800464
56369350,66804992
56374150,66809520
56378950,66814048
56383750,66818576
56388550,66823104
56393350,66827632
56398150,66832160
56402950,66836688
56407750,66841216
56412550,66845744
56417350,66850272
56422150,66854801
56426950,66859329
56431750,66863857
56436550,66868385
56441350,66872913
56446150,66877441
56450950,66881969
56455750,66886497
56460550,66891025
56465350,66895553
56470150,66900081
56474950,66904609
56479750,66909137
56484550,66913665
56489350,66918193
56494150,66922721
56498950,66927249
56503750,66931778
56508550,66936306
56513350,66940834
56518150,66945362
56522950,66949890
56527750,66954418
56532550,66958946
56537350,66963474
56542150,66968002
56546950,66972530
56551750,66977058
56556550,66981586
56561350,66986114
56566150,66990642
56570950,66995170
56575750,66999698
56580550,67004226
56585350,67008755
56590150,67013283
56594950,67017811
56599750,67022339
56604550,67026867
56609350,67031395
56614150,67035923
56618950,67040451
56623750,67044979
56628550,67049507
56633350,67054035
56638150,67058563
56642950,67063091
56647750,67067619
56652550,67072147
56657350,67076675
56662150,67081203
56666950,67085732
56671750,67090260
56676550,67094788
56681350,67099316
56686150,67103844
56690950,67108372
56695750,67112900
56700550,67117428
56705350,67121956
56710150,67126484
56714950,67131012
56719750,67135540
56724550,67140068
56729350,67144596
56734150,67149124
56738950,67153652
56743750,67158180
56748550,67162709
56753350,67167237
56758150,67171765
56762950,67176293
56767750,67180821
56772550,67185349
56777350,67189877
56782150,67194405
56786950,67198933
56791750,67203461
56796550,67207989
56801350,67212517
56806150,67217045
56810950,67221573
56815750,67226101
56820550,67230629
56825350,67235157
56830150,67239686
56834950,67244214
56839750,67248742
56844550,67253270
56849350,67257798
56854150,67262326
56858950,67266854
56863750,67271382
56868550,67275910
56873350,67280438
56878150,67284966
56882950,67289494
56887750,67294022
56892550,67298550
56897350,67303078
56902150,67307606
56906950,67312134
56911750,67316663
56916550,67321191
56921350,67325719
56926150,67330247
56930950,67334775
56935750,67339303
56940550,67343831
56945350,67348359
56950150,67352887
56954950,67357415
56959750,67361943
56964550,67366471
56969350,67370999
56974150,67375527
56978950,67380055
56983750,67384583
56988550,67389111
56993350,67393640
56998150,67398168
57002950,67402696
57007750,67407224
57012550,67411752
57017350,67416280
57022150,67420808
57026950,67425336
57031750,67429864
57036550,67434392
57041350,67438920
57046150,67443448
57050950,67447976
57055750,67452504
57060550,67457032
57065350,67461560
57070150,67466088
57074950,67470617
57079750,67475145
57084550,67479673
57089350,67484201
57094150,67488729
57098950,67493257
57103750,67497785
57108550,67502313
57113350,67506841
57118150,67511369
57122950,67515897
57127750,67520425
57132550,67524953
57137350,67529481
57142150,67534009
57146950,67538537
57151750,67543065
57156550,67547594
57161350,67552122
57166150,67556650
57170950,67561178
57175750,67565706
57180550,67570234
57185350,67574762
57190150,67579290
57194950,67583818
57199750,67588346
57204550,67592874
57209350,67597402
57214150,67601930
57218950,67606458
57223750,67610986
57228550,67615514
57233350,67620042
57238150,67624571
57242950,67629099
57247750,67633627
57252550,67638155
57257350,67642683
57262150,67647211
57266950,67651739
57271750,67656267
57276550,67660795
57281350,67665323
57286150,67669851
57290950,67674379
57295750,67678907
57300550,67683435
57305350,67687963
57310150,67692491
57314950,67697019
57319750,67701548
57324550,67706076
57329350,67710604
57334150,67715132
57338950,67719660
57343750,67724188
57348550,67728716
57353350,67733244
57358150,67737772
57362950,67742300
57367750,67746828
57372550,67751356
57377350,67755884
57382150,67760412
57386950,67764940
57391750,67769468
57396550,67773996
57401350,67778525
57406150,67783053
57410950,67787581
57415750,67792109
57420550,67796637
57425350,67801165
57430150,67805693
57434950,67810221
57439750,67814749
57444550,67819277
57449350,67823805
57454150,67828333
57458950,67832861
57463750,67837389
57468550,67841917
57473350,67846445
57478150,67850973
57482950,67855502
57487750,67860030
57492550,67864558
57497350,67869086
57502150,67873614
57506950,67878142
57511750,67882670
57516550,67887198
57521350,67891726
57526150,67896254
57530950,67900782
57535750,67905310
57540550,67909838
57545350,67914366
57550150,67918894
57554950,67923422
57559750,67927950
57564550,67932479
57569350,67937007
57574150,67941535
57578950,67946063
57583750,67950591
57588550,67955119
57593350,67959647
57598150,67964175
57602950,67968703
57607750,67973231
57612550,67977759
57617350,67982287
57622150,67986815
57626950,67991343
57631750,67995871
57636550,68000399
57641350,68004927
57646150,68009456
57650950,68013984
57655750,68018512
57660550,68023040
57665350,68027568
57670150,68032096
57674950,68036624
57679750,68041152
57684550,68045680
57689350,68050208
57694150,68054736
57698950,68059264
57703750,68063792
57708550,68068320
57713350,68072848
57718150,68077376
57722950,68081904
57727750,68086433
57732550,68090961
57737350,68095489
57742150,68100017
57746950,68104545
57751750,68109073
57756550,68113601
57761350,68118129
57766150,68122657
57770950,68127185
57775750,68131713
57780550,68136241
57785350,68140769
57790150,68145297
57794950,68149825
57799750,68154353
57804550,68158881
57809350,68163410
57814150,68167938
57818950,68172466
57823750,68176994
57828550,68181522
57833350,68186050
57838150,68190578
57842950,68195106
57847750,68199634
57852550,68204162
57857350,68208690
57862150,68213218
57866950,68217746
57871750,68222274
57876550,68226802
57881350,68231330
57886150,68235859
57890950,68240387
57895750,68244915
57900550,68249443
57905350,68253971
57910150,68258499
57914950,68263027
57919750,68267555
57924550,68272083
57929350,68276611
57934150,68281139
57938950,68285667
57943750,68290195
57948550,68294723
57953350,68299251
57958150,68303779
57962950,68308307
57967750,68312836
57972550,68317364
57977350,68321892
57982150,68326420
57986950,68330948
57991750,68335476
57996550,68340004
58001350,68344532
58006150,68349060
58010950,68353588
58015750,68358116
58020550,68362644
58025350,68367172
58030150,68371700
58034950,68376228
58039750,68380756
58044550,68385284
58049350,68389813
58054150,68394341
58058950,68398869
58063750,68403397
58068550,68407925
58073350,68412453
58078150,68416981
58082950,68421509
58087750,68426037
58092550,68430565
58097350,68435093
58102150,68439621
58106950,68444149
58111750,68448677
58116550,68453205
58121350,68457733
58126150,68462261
58130950,68466790
58135750,68471318
58140550,68475846
58145350,68480374
58150150,68484902
58154950,68489430
58159750,68493958
58164550,68498486
58169350,68503014
58174150,68507542
58178950,68512070
58183750,68516598
58188550,68521126
58193350,68525654
58198150,68530182
58202950,68534710
58207750,68539238
58212550,68543767
58217350,68548295
58222150,68552823
58226950,68557351
58231750,68561879
58236550,68566407
58241350,68570935
58246150,68575463
58250950,68579991
58255750,68584519
58260550,68589047
58265350,68593575
58270150,68598103
58274950,68602631
58279750,68607159
58284550,68611687
58289350,68616215
58294150,68620744
58298950,68625272
58303750,68629800
58308550,68634328
58313350,68638856
58318150,68643384
58322950,68647912
58327750,68652440
58332550,68656968
58337350,68661496
58342150,68666024
58346950,68670552
58351750,68675080
58356550,68679608
58361350,68684136
58366150,68688664
58370950,68693193
58375750,68697721
58380550,68702249
58385350,68706777
58390150,68711305
58394950,68715833
58399750,68720361
58404550,68724889
58409350,68729417
58414150,68733945
58418950,68738473
58423750,68743001
58428550,68747529
58433350,68752057
58438150,68756585
58442950,68761113
58447750,68765641
58452550,68770170
58457350,68774698
58462150,68779226
58466950,68783754
58471750,68788282
58476550,68792810
58481350,68797338
58486150,68801866
58490950,68806394
58495750,68810922
58500550,68815450
58505350,68819978
58510150,68824506
58514950,68829034
58519750,68833562
58524550,68838090
58529350,68842618
58534150,68847147
58538950,68851675
58543750,68856203
58548550,68860731
58553350,68865259
58558150,68869787
58562950,68874315
58567750,68878843
58572550,68883371
58577350,68887899
58582150,68892427
58586950,68896955
58591750,68901483
58596550,68906011
58601350,68910539
58606150,68915067
58610950,68919595
58615750,68924124
58620550,68928652
58625350,68933180
58630150,68937708
58634950,68942236
58639750,68946764
58644550,68951292
58649350,68955820
58654150,68960348
58658950,68964876
58663750,68969404
58668550,68973932
58673350,68978460
58678150,68982988
58682950,68987516
58687750,68992044
58692550,68996573
58697350,69001101
58702150,69005629
58706950,69010157
58711750,69014685
58716550,69019213
58721350,69023741
58726150,69028269
58730950,69032797
58735750,69037325
58740550,69041853
58745350,69046381
58750150,69050909
58754950,69055437
58759750,69059965
58764550,69064493
58769350,69069021
58774150,69073550
58778950,69078078
58783750,69082606
58788550,69087134
58793350,69091662
58798150,69096190
58802950,69100718
58807750,69105246
58812550,69109774
58817350,69114302
58822150,69118830
58826950,69123358
58831750,69127886
58836550,69132414
58841350,69136942
58846150,69141470
58850950,69145999
58855750,69150527
58860550,69155055
58865350,69159583
58870150,69164111
58874950,69168639
58879750,69173167
58884550,69177695
58889350,69182223
58894150,69186751
58898950,69191279
58903750,69195807
58908550,69200335
58913350,69204863
58918150,69209391
58922950,69213919
58927750,69218447
58932550,69222976
58937350,69227504
58942150,69232032
58946950,69236560
58951750,69241088
58956550,69245616
58961350,69250144
58966150,69254672
58970950,69259200
58975750,69263728
58980550,69268256
58985350,69272784
58990150,69277312
58994950,69281840
58999750,69286368
59004550,69290896
59009350,69295424
59014150,69299953
59018950,69304481
59023750,69309009
59028550,69313537
59033350,69318065
59038150,69322593
59042950,69327121
59047750,69331649
59052550,69336177
59057350,69340705
59062150,69345233
59066950,69349761
59071750,69354289
59076550,69358817
59081350,69363345
59086150,69367873
59090950,69372402
59095750,69376930
59100550,69381458
59105350,69385986
59110150,69390514
59114950,69395042
59119750,69399570
59124550,69404098
59129350,69408626
59134150,69413154
59138950,69417682
59143750,69422210
59148550,69426738
59153350,69431266
59158150,69435794
59162950,69440322
59167750,69444851
59172550,69449379
59177350,69453907
59182150,69458435
59186950,69462963
59191750,69467491
59196550,69472019
59201350,69476547
59206150,69481075
59210950,69485603
59215750,69490131
59220550,69494659
59225350,69499187
59230150,69503715
59234950,69508243
59239750,69512771
59244550,69517299
59249350,69521828
59254150,69526356
59258950,69530884
59263750,69535412
59268550,69539940
59273350,69544468
59278150,69548996
59282950,69553524
59287750,69558052
59292550,69562580
59297350,69567108
59302150,69571636
59306950,69576164
59311750,69580692
59316550,69585220
59321350,69589748
59326150,69594277
59330950,69598805
59335750,69603333
59340550,69607861
59345350,69612389
59350150,69616917
59354950,69621445
59359750,69625973
59364550,69630501
59369350,69635029
59374150,69639557
59378950,69644085
59383750,69648613
59388550,69653141
59393350,69657669
59398150,69662197
59402950,69666725
59407750,69671254
59412550,69675782
59417350,69680310
59422150,69684838
59426950,69689366
59431750,69693894
59436550,69698422
59441350,69702950
59446150,69707478
59450950,69712006
59455750,69716534
59460550,69721062
59465350,69725590
59470150,69730118
59474950,69734646
59479750,69739174
59484550,69743703
59489350,69748231
59494150,69752759
59498950,69757287
59503750,69761815
59508550,69766343
59513350,69770871
59518150,69775399
59522950,69779927
59527750,69784455
59532550,69788983
59537350,69793511
59542150,69798039
59546950,69802567
59551750,69807095
59556550,69811623
59561350,69816152
59566150,69820680
59570950,69825208
59575750,69829736
59580550,69834264
59585350,69838792
59590150,69843320
59594950,69847848
59599750,69852376
59604550,69856904
59609350,69861432
59614150,69865960
59618950,69870488
59623750,69875016
59628550,69879544
59633350,69884072
59638150,69888600
59642950,69893129
59647750,69897657
59652550,69902185
59657350,69906713
59662150,69911241
59666950,69915769
59671750,69920297
59676550,69924825
59681350,69929353
59686150,69933881
59690950,69938409
59695750,69942937
59700550,69947465
59705350,69951993
59710150,69956521
59714950,69961049
59719750,69965578
59724550,69970106
59729350,69974634
59734150,69979162
59738950,69983690
59743750,69988218
59748550,69992746
59753350,69997274
59758150,70001802
59762950,70006330
59767750,70010858
59772550,70015386
59777350,70019914
59782150,70024442
59786950,70028970
59791750,70033498
59796550,70038027
59801350,70042555
59806150,70047083
59810950,70051611
59815750,70056139
59820550,70060667
59825350,70065195
59830150,70069723
59834950,70074251
59839750,70078779
59844550,70083307
59849350,70087835
59854150,70092363
59858950,70096891
59863750,70101419
59868550,70105947
59873350,70110475
59878150,70115004
59882950,70119532
59887750,70124060
59892550,70128588
59897350,70133116
59902150,70137644
59906950,70142172
59911750,70146700
59916550,70151228
59921350,70155756
59926150,70160284
59930950,70164812
59935750,70169340
59940550,70173868
59945350,70178396
59950150,70182924
59954950,70187453
59959750,70191981
59964550,70196509
59969350,70201037
59974150,70205565
59978950,70210093
59983750,70214621
59988550,70219149
59993350,70223677
59998150,70228205
60002950,70232733
60007750,70237261
60012550,70241789
60017350,70246317
60022150,70250845
60026950,70255373
60031750,70259902
60036550,70264430
60041350,70268958
60046150,70273486
60050950,70278014
60055750,70282542
60060550,70287070
60065350,70291598
60070150,70296126
60074950,70300654
60079750,70305182
60084550,70309710
60089350,70314238
60094150,70318766
60098950,70323294
60103750,70327822
60108550,70332350
60113350,70336879
60118150,70341407
60122950,70345935
60127750,70350463
60132550,70354991
60137350,70359519
60142150,70364047
60146950,70368575
60151750,70373103
60156550,70377631
60161350,70382159
60166150,70386687
60170950,70391215
60175750,70395743
60180550,70400271
60185350,70404799
60190150,70409328
60194950,70413856
60199750,70418384
60204550,70422912
60209350,70427440
60214150,70431968
60218950,70436496
60223750,70441024
60228550,70445552
60233350,70450080
60238150,70454608
60242950,70459136
60247750,70463664
60252550,70468192
60257350,70472720
60262150,70477248
60266950,70481777
60271750,70486305
60276550,70490833
60281350,70495361
60286150,70499889
60290950,70504417
60295750,70508945
60300550,70513473
60305350,70518001
60310150,70522529
60314950,70527057
60319750,70531585
60324550,70536113
60329350,70540641
60334150,70545169
60338950,70549697
60343750,70554225
60348550,70558754
60353350,70563282
60358150,70567810
60362950,70572338
60367750,70576866
60372550,70581394
60377350,70585922
60382150,70590450
60386950,70594978
60391750,70599506
60396550,70604034
60401350,70608562
60406150,70613090
60410950,70617618
60415750,70622146
60420550,70626674
60425350,70631203
60430150,70635731
60434950,70640259
60439750,70644787
60444550,70649315
60449350,70653843
60454150,70658371
60458950,70662899
60463750,70667427
60468550,70671955
60473350,70676483
60478150,70681011
60482950,70685539
60487750,70690067
60492550,70694595
60497350,70699123
60502150,70703652
60506950,70708180
60511750,70712708
60516550,70717236
60521350,70721764
60526150,70726292
60530950,70730820
60535750,70735348
60540550,70739876
60545350,70744404
60550150,70748932
60554950,70753460
60559750,70757988
60564550,70762516
60569350,70767044
60574150,70771572
60578950,70776101
60583750,70780629
60588550,70785157
60593350,70789685
60598150,70794213
60602950,70798741
60607750,70803269
60612550,70807797
60617350,70812325
60622150,70816853
60626950,70821381
60631750,70825909
60636550,70830437
60641350,70834965
60646150,70839493
60650950,70844021
60655750,70848549
60660550,70853078
60665350,70857606
60670150,70862134
60674950,70866662
60679750,70871190
60684550,70875718
60689350,70880246
60694150,70884774
60698950,70889302
60703750,70893830
60708550,70898358
60713350,70902886
60718150,70907414
60722950,70911942
60727750,70916470
60732550,70920998
60737350,70925527
60742150,70930055
60746950,70934583
60751750,70939111
60756550,70943639
60761350,70948167
60766150,70952695
60770950,70957223
60775750,70961751
60780550,70966279
60785350,70970807
60790150,70975335
60794950,70979863
60799750,70984391
60804550,70988919
60809350,70993447
60814150,70997976
60818950,71002504
60823750,71007032
60828550,71011560
60833350,71016088
60838150,71020616
60842950,71025144
60847750,71029672
60852550,71034200
60857350,71038728
60862150,71043256
60866950,71047784
60871750,71052312
60876550,71056840
60881350,71061368
60886150,71065896
60890950,71070425
60895750,71074953
60900550,71079481
60905350,71084009
60910150,71088537
60914950,71093065
60919750,71097593
60924550,71102121
60929350,71106649
60934150,71111177
60938950,71115705
60943750,71120233
60948550,71124761
60953350,71129289
60958150,71133817
60962950,71138345
60967750,71142873
60972550,71147402
60977350,71151930
60982150,71156458
60986950,71160986
60991750,71165514
60996550,71170042
61001350,71174570
61006150,71179098
61010950,71183626
61015750,71188154
61020550,71192682
61025350,71197210
61030150,71201738
61034950,71206266
61039750,71210794
61044550,71215322
61049350,71219851
61054150,71224379
61058950,71228907
61063750,71233435
61068550,71237963
61073350,71242491
61078150,71247019
61082950,71251547
61087750,71256075
61092550,71260603
61097350,71265131
61102150,71269659
61106950,71274187
61111750,71278715
61116550,71283243
61121350,71287771
61126150,71292300
61130950,71296828
61135750,71301356
61140550,71305884
61145350,71310412
61150150,71314940
61154950,71319468
61159750,71323996
61164550,71328524
61169350,71333052
61174150,71337580
61178950,71342108
61183750,71346636
61188550,71351164
61193350,71355692
61198150,71360220
61202950,71364749
61207750,71369277
61212550,71373805
61217350,71378333
61222150,71382861
61226950,71387389
61231750,71391917
61236550,71396445
61241350,71400973
61246150,71405501
61250950,71410029
61255750,71414557
61260550,71419085
61265350,71423613
61270150,71428141
61274950,71432669
61279750,71437197
61284550,71441726
61289350,71446254
61294150,71450782
61298950,71455310
61303750,71459838
61308550,71464366
61313350,71468894
61318150,71473422
61322950,71477950
61327750,71482478
61332550,71487006
61337350,71491534
61342150,71496062
61346950,71500590
61351750,71505118
61356550,71509646
61361350,71514175
61366150,71518703
61370950,71523231
61375750,71527759
61380550,71532287
61385350,71536815
61390150,71541343
61394950,71545871
61399750,71550399
61404550,71554927
61409350,71559455
61414150,71563983
61418950,71568511
61423750,71573039
61428550,71577567
61433350,71582095
61438150,71586624
61442950,71591152
61447750,71595680
61452550,71600208
61457350,71604736
61462150,71609264
61466950,71613792
61471750,71618320
61476550,71622848
61481350,71627376
61486150,71631904
61490950,71636432
61495750,71640960
61500550,71645488
61505350,71650016
61510150,71654544
61514950,71659073
61519750,71663601
61524550,71668129
61529350,71672657
61534150,71677185
61538950,71681713
61543750,71686241
61548550,71690769
61553350,71695297
61558150,71699825
61562950,71704353
61567750,71708881
61572550,71713409
61577350,71717937
61582150,71722465
61586950,71726993
61591750,71731522
61596550,71736050
61601350,71740578
61606150,71745106
61610950,71749634
61615750,71754162
61620550,71758690
61625350,71763218
61630150,71767746
61634950,71772274
61639750,71776802
61644550,71781330
61649350,71785858
61654150,71790386
61658950,71794914
61663750,71799442
61668550,71803971
61673350,71808499
61678150,71813027
61682950,71817555
61687750,71822083
61692550,71826611
61697350,71831139
61702150,71835667
61706950,71840195
61711750,71844723
61716550,71849251
61721350,71853779
61726150,71858307
61730950,71862835
61735750,71867363
61740550,71871891
61745350,71876420
61750150,71880948
61754950,71885476
61759750,71890004
61764550,71894532
61769350,71899060
61774150,71903588
61778950,71908116
61783750,71912644
61788550,71917172
61793350,71921700
61798150,71926228
61802950,71930756
61807750,71935284
61812550,71939812
61817350,71944340
61822150,71948869
61826950,71953397
61831750,71957925
61836550,71962453
61841350,71966981
61846150,71971509
61850950,71976037
61855750,71980565
61860550,71985093
61865350,71989621
61870150,71994149
61874950,71998677
61879750,72003205
61884550,72007733
61889350,72012261
61894150,72016789
61898950,72021318
61903750,72025846
61908550,72030374
61913350,72034902
61918150,72039430
61922950,72043958
61927750,72048486
61932550,72053014
61937350,72057542
61942150,72062070
61946950,72066598
61951750,72071126
61956550,72075654
61961350,72080182
61966150,72084710
61970950,72089238
61975750,72093767
61980550,72098295
61985350,72102823
61990150,72107351
61994950,72111879
61999750,72116407
62004550,72120935
62009350,72125463
62014150,72129991
62018950,72134519
62023750,72139047
62028550,72143575
62033350,72148103
62038150,72152631
62042950,72157159
62047750,72161687
62052550,72166216
62057350,72170744
62062150,72175272
62066950,72179800
62071750,72184328
62076550,72188856
62081350,72193384
62086150,72197912
62090950,72202440
62095750,72206968
62100550,72211496
62105350,72216024
62110150,72220552
62114950,72225080
62119750,72229608
62124550,72234136
62129350,72238665
62134150,72243193
62138950,72247721
62143750,72252249
62148550,72256777
62153350,72261305
62158150,72265833
62162950,72270361
62167750,72274889
62172550,72279417
62177350,72283945
62182150,72288473
62186950,72293001
62191750,72297529
62196550,72302057
62201350,72306585
62206150,72311114
62210950,72315642
62215750,72320170
62220550,72324698
62225350,72329226
62230150,72333754
62234950,72338282
62239750,72342810
62244550,72347338
62249350,72351866
62254150,72356394
62258950,72360922
62263750,72365450
62268550,72369978
62273350,72374506
62278150,72379035
62282950,72383563
62287750,72388091
62292550,72392619
62297350,72397147
62302150,72401675
62306950,72406203
62311750,72410731
62316550,72415259
62321350,72419787
62326150,72424315
62330950,72428843
62335750,72433371
62340550,72437899
62345350,72442427
62350150,72446955
62354950,72451484
62359750,72456012
62364550,72460540
62369350,72465068
62374150,72469596
62378950,72474124
62383750,72478652
62388550,72483180
62393350,72487708
62398150,72492236
62402950,72496764
62407750,72501292
62412550,72505820
62417350,72510348
62422150,72514876
62426950,72519404
62431750,72523933
62436550,72528461
62441350,72532989
62446150,72537517
62450950,72542045
62455750,72546573
62460550,72551101
62465350,72555629
62470150,72560157
62474950,72564685
62479750,72569213
62484550,72573741
62489350,72578269
62494150,72582797
62498950,72587325
62503750,72591853
62508550,72596382
62513350,72600910
62518150,72605438
62522950,72609966
62527750,72614494
62532550,72619022
62537350,72623550
62542150,72628078
62546950,72632606
62551750,72637134
62556550,72641662
62561350,72646190
62566150,72650718
62570950,72655246
62575750,72659774
62580550,72664302
62585350,72668831
62590150,72673359
62594950,72677887
62599750,72682415
62604550,72686943
62609350,72691471
62614150,72695999
62618950,72700527
62623750,72705055
62628550,72709583
62633350,72714111
62638150,72718639
62642950,72723167
62647750,72727695
62652550,72732223
62657350,72736752
62662150,72741280
62666950,72745808
62671750,72750336
62676550,72754864
62681350,72759392
62686150,72763920
62690950,72768448
62695750,72772976
62700550,72777504
62705350,72782032
62710150,72786560
62714950,72791088
62719750,72795616
62724550,72800144
62729350,72804672
62734150,72809201
62738950,72813729
62743750,72818257
62748550,72822785
62753350,72827313
62758150,72831841
62762950,72836369
62767750,72840897
62772550,72845425
62777350,72849953
62782150,72854481
62786950,72859009
62791750,72863537
62796550,72868065
62801350,72872593
62806150,72877121
62810950,72881650
62815750,72886178
62820550,72890706
62825350,72895234
62830150,72899762
62834950,72904290
62839750,72908818
62844550,72913346
62849350,72917874
62854150,72922402
62858950,72926930
62863750,72931458
62868550,72935986
62873350,72940514
62878150,72945042
62882950,72949571
62887750,72954099
62892550,72958627
62897350,72963155
62902150,72967683
62906950,72972211
62911750,72976739
62916550,72981267
62921350,72985795
62926150,72990323
62930950,72994851
62935750,72999379
62940550,73003907
62945350,73008435
62950150,73012963
62954950,73017491
62959750,73022020
62964550,73026548
62969350,73031076
62974150,73035604
62978950,73040132
62983750,73044660
62988550,73049188
62993350,73053716
62998150,73058244
63002950,73062772
63007750,73067300
63012550,73071828
63017350,73076356
63022150,73080884
63026950,73085412
63031750,73089941
63036550,73094469
63041350,73098997
63046150,73103525
63050950,73108053
63055750,73112581
63060550,73117109
63065350,73121637
63070150,73126165
63074950,73130693
63079750,73135221
63084550,73139749
63089350,73144277
63094150,73148805
63098950,73153333
63103750,73157861
63108550,73162390
63113350,73166918
63118150,73171446
63122950,73175974
63127750,73180502
63132550,73185030
63137350,73189558
63142150,73194086
63146950,73198614
63151750,73203142
63156550,73207670
63161350,73212198
63166150,73216726
63170950,73221254
63175750,73225782
63180550,73230310
63185350,73234839
63190150,73239367
63194950,73243895
63199750,73248423
63204550,73252951
63209350,73257479
63214150,73262007
63218950,73266535
63223750,73271063
63228550,73275591
63233350,73280119
63238150,73284647
63242950,73289175
63247750,73293703
63252550,73298231
63257350,73302760
63262150,73307288
63266950,73311816
63271750,73316344
63276550,73320872
63281350,73325400
63286150,73329928
63290950,73334456
63295750,73338984
63300550,73343512
63305350,73348040
63310150,73352568
63314950,73357096
63319750,73361624
63324550,73366152
63329350,73370680
63334150,73375209
63338950,73379737
63343750,73384265
63348550,73388793
63353350,73393321
63358150,73397849
63362950,73402377
63367750,73406905
63372550,73411433
63377350,73415961
63382150,73420489
63386950,73425017
63391750,73429545
63396550,73434073
63401350,73438601
63406150,73443130
63410950,73447658
63415750,73452186
63420550,73456714
63425350,73461242
63430150,73465770
63434950,73470298
63439750,73474826
63444550,73479354
63449350,73483882
63454150,73488410
63458950,73492938
63463750,73497466
63468550,73501994
63473350,73506522
63478150,73511051
63482950,73515579
63487750,73520107
63492550,73524635
63497350,73529163
63502150,73533691
63506950,73538219
63511750,73542747
63516550,73547275
63521350,73551803
63526150,73556331
63530950,73560859
63535750,73565387
63540550,73569915
63545350,73574443
63550150,73578971
63554950,73583500
63559750,73588028
63564550,73592556
63569350,73597084
63574150,73601612
63578950,73606140
63583750,73610668
63588550,73615196
63593350,73619724
63598150,73624252
63602950,73628780
63607750,73633308
63612550,73637836
63617350,73642364
63622150,73646892
63626950,73651421
63631750,73655949
63636550,73660477
63641350,73665005
63646150,73669533
63650950,73674061
63655750,73678589
63660550,73683117
63665350,73687645
63670150,73692173
63674950,73696701
63679750,73701229
63684550,73705757
63689350,73710285
63694150,73714813
63698950,73719342
63703750,73723870
63708550,73728398
63713350,73732926
63718150,73737454
63722950,73741982
63727750,73746510
63732550,73751038
63737350,73755566
63742150,73760094
63746950,73764622
63751750,73769150
63756550,73773678
63761350,73778206
63766150,73782734
63770950,73787262
63775750,73791791
63780550,73796319
63785350,73800847
63790150,73805375
63794950,73809903
63799750,73814431
63804550,73818959
63809350,73823487
63814150,73828015
63818950,73832543
63823750,73837071
63828550,73841599
63833350,73846127
63838150,73850655
63842950,73855183
63847750,73859712
63852550,73864240
63857350,73868768
63862150,73873296
63866950,73877824
63871750,73882352
63876550,73886880
63881350,73891408
63886150,73895936
63890950,73900464
63895750,73904992
63900550,73909520
63905350,73914048
63910150,73918576
63914950,73923104
63919750,73927633
63924550,73932161
63929350,73936689
63934150,73941217
63938950,73945745
63943750,73950273
63948550,73954801
63953350,73959329
63958150,73963857
63962950,73968385
63967750,73972913
63972550,73977441
63977350,73981969
63982150,73986497
63986950,73991025
63991750,73995554
63996550,74000082
64001350,74004610
64006150,74009138
64010950,74013666
64015750,74018194
64020550,74022722
64025350,74027250
64030150,74031778
64034950,74036306
64039750,74040834
64044550,74045362
64049350,74049890
64054150,74054418
64058950,74058946
64063750,74063475
64068550,74068003
64073350,74072531
64078150,74077059
64082950,74081587
64087750,74086115
64092550,74090643
64097350,74095171
64102150,74099699
64106950,74104227
64111750,74108755
64116550,74113283
64121350,74117811
64126150,74122339
64130950,74126867
64135750,74131396
64140550,74135924
64145350,74140452
64150150,74144980
64154950,74149508
64159750,74154036
64164550,74158564
64169350,74163092
64174150,74167620
64178950,74172148
64183750,74176676
64188550,74181204
64193350,74185732
64198150,74190260
64202950,74194788
64207750,74199316
64212550,74203845
64217350,74208373
64222150,74212901
64226950,74217429
64231750,74221957
64236550,74226485
64241350,74231013
64246150,74235541
64250950,74240069
64255750,74244597
64260550,74249125
64265350,74253653
64270150,74258181
64274950,74262709
64279750,74267237
64284550,74271766
64289350,74276294
64294150,74280822
64298950,74285350
64303750,74289878
64308550,74294406
64313350,74298934
64318150,74303462
64322950,74307990
64327750,74312518
64332550,74317046
64337350,74321574
64342150,74326102
64346950,74330630
64351750,74335158
64356550,74339687
64361350,74344215
64366150,74348743
64370950,74353271
64375750,74357799
64380550,74362327
64385350,74366855
64390150,74371383
64394950,74375911
64399750,74380439
64404550,74384967
64409350,74389495
64414150,74394023
64418950,74398551
64423750,74403079
64428550,74407608
64433350,74412136
64438150,74416664
64442950,74421192
64447750,74425720
64452550,74430248
64457350,74434776
64462150,74439304
64466950,74443832
64471750,74448360
64476550,74452888
64481350,74457416
64486150,74461944
64490950,74466472
64495750,74471000
64500550,74475529
64505350,74480057
64510150,74484585
64514950,74489113
64519750,74493641
64524550,74498169
64529350,74502697
64534150,74507225
64538950,74511753
64543750,74516281
64548550,74520809
64553350,74525337
64558150,74529865
64562950,74534393
64567750,74538921
64572550,74543450
64577350,74547978
64582150,74552506
64586950,74557034
64591750,74561562
64596550,74566090
64601350,74570618
64606150,74575146
64610950,74579674
64615750,74584202
64620550,74588730
64625350,74593258
64630150,74597786
64634950,74602314
64639750,74606842
64644550,74611371
64649350,74615899
64654150,74620427
64658950,74624955
64663750,74629483
64668550,74634011
64673350,74638539
64678150,74643067
64682950,74647595
64687750,74652123
64692550,74656651
64697350,74661179
64702150,74665707
64706950,74670235
64711750,74674763
64716550,74679292
64721350,74683820
64726150,74688348
64730950,74692876
64735750,74697404
64740550,74701932
64745350,74706460
64750150,74710988
64754950,74715516
64759750,74720044
64764550,74724572
64769350,74729100
64774150,74733628
64778950,74738156
64783750,74742684
64788550,74747213
64793350,74751741
64798150,74756269
64802950,74760797
64807750,74765325
64812550,74769853
64817350,74774381
64822150,74778909
64826950,74783437
64831750,74787965
64836550,74792493
64841350,74797021
64846150,74801549
64850950,74806077
64855750,74810605
64860550,74815134
64865350,74819662
64870150,74824190
64874950,74828718
64879750,74833246
64884550,74837774
64889350,74842302
64894150,74846830
64898950,74851358
64903750,74855886
64908550,74860414
64913350,74864942
64918150,74869470
64922950,74873998
64927750,74878526
64932550,74883055
64937350,74887583
64942150,74892111
64946950,74896639
64951750,74901167
64956550,74905695
64961350,74910223
64966150,74914751
64970950,74919279
64975750,74923807
64980550,74928335
64985350,74932863
64990150,74937391
64994950,74941919
64999750,74946448
65004550,74950976
65009350,74955504
65014150,74960032
65018950,74964560
65023750,74969088
65028550,74973616
65033350,74978144
65038150,74982672
65042950,74987200
65047750,74991728
65052550,74996256
65057350,75000784
65062150,75005312
65066950,75009840
65071750,75014369
65076550,75018897
65081350,75023425
65086150,75027953
65090950,75032481
65095750,75037009
65100550,75041537
65105350,75046065
65110150,75050593
65114950,75055121
65119750,75059649
65124550,75064177
65129350,75068705
65134150,75073233
65138950,75077761
65143750,75082290
65148550,75086818
65153350,75091346
65158150,75095874
65162950,75100402
65167750,75104930
65172550,75109458
65177350,75113986
65182150,75118514
65186950,75123042
65191750,75127570
65196550,75132098
65201350,75136626
65206150,75141154
65210950,75145682
65215750,75150211
65220550,75154739
65225350,75159267
65230150,75163795
65234950,75168323
65239750,75172851
65244550,75177379
65249350,75181907
65254150,75186435
65258950,75190963
65263750,75195491
65268550,75200019
65273350,75204547
65278150,75209075
65282950,75213603
65287750,75218132
65292550,75222660
65297350,75227188
65302150,75231716
65306950,75236244
65311750,75240772
65316550,75245300
65321350,75249828
65326150,75254356
65330950,75258884
65335750,75263412
65340550,75267940
65345350,75272468
65350150,75276996
65354950,75281524
65359750,75286053
65364550,75290581
65369350,75295109
65374150,75299637
65378950,75304165
65383750,75308693
65388550,75313221
65393350,75317749
65398150,75322277
65402950,75326805
65407750,75331333
65412550,75335861
65417350,75340389
65422150,75344917
65426950,75349445
65431750,75353974
65436550,75358502
65441350,75363030
65446150,75367558
65450950,75372086
65455750,75376614
65460550,75381142
65465350,75385670
65470150,75390198
65474950,75394726
65479750,75399254
65484550,75403782
65489350,75408310
65494150,75412838
65498950,75417367
65503750,75421895
65508550,75426423
65513350,75430951
65518150,75435479
65522950,75440007
65527750,75444535
65532550,75449063
65537350,75453591
65542150,75458119
65546950,75462647
65551750,75467175
65556550,75471703
65561350,75476231
65566150,75480759
65570950,75485288
65575750,75489816
65580550,75494344
65585350,75498872
65590150,75503400
65594950,75507928
65599750,75512456
65604550,75516984
65609350,75521512
65614150,75526040
65618950,75530568
65623750,75535096
65628550,75539624
65633350,75544152
65638150,75548680
65642950,75553209
65647750,75557737
65652550,75562265
65657350,75566793
65662150,75571321
65666950,75575849
65671750,75580377
65676550,75584905
65681350,75589433
65686150,75593961
65690950,75598489
65695750,75603017
65700550,75607545
65705350,75612073
65710150,75616602
65714950,75621130
65719750,75625658
65724550,75630186
65729350,75634714
65734150,75639242
65738950,75643770
65743750,75648298
65748550,75652826
65753350,75657354
65758150,75661882
65762950,75666410
65767750,75670938
65772550,75675466
65777350,75679994
65782150,75684523
65786950,75689051
65791750,75693579
65796550,75698107
65801350,75702635
65806150,75707163
65810950,75711691
65815750,75716219
65820550,75720747
65825350,75725275
65830150,75729803
65834950,75734331
65839750,75738859
65844550,75743387
65849350,75747915
65854150,75752444
65858950,75756972
65863750,75761500
65868550,75766028
65873350,75770556
65878150,75775084
65882950,75779612
65887750,75784140
65892550,75788668
65897350,75793196
65902150,75797724
65906950,75802252
65911750,75806780
65916550,75811308
65921350,75815837
65926150,75820365
65930950,75824893
65935750,75829421
65940550,75833949
65945350,75838477
65950150,75843005
65954950,75847533
65959750,75852061
65964550,75856589
65969350,75861117
65974150,75865645
65978950,75870173
65983750,75874701
65988550,75879229
65993350,75883758
65998150,75888286
66002950,75892814
66007750,75897342
66012550,75901870
66017350,75906398
66022150,75910926
66026950,75915454
66031750,75919982
66036550,75924510
66041350,75929038
66046150,75933566
66050950,75938094
66055750,75942622
66060550,75947151
66065350,75951679
66070150,75956207
66074950,75960735
66079750,75965263
66084550,75969791
66089350,75974319
66094150,75978847
66098950,75983375
66103750,75987903
66108550,75992431
66113350,75996959
66118150,76001487
66122950,76006015
66127750,76010543
66132550,76015072
66137350,76019600
66142150,76024128
66146950,76028656
66151750,76033184
66156550,76037712
66161350,76042240
66166150,76046768
66170950,76051296
66175750,76055824
66180550,76060352
66185350,76064880
66190150,76069408
66194950,76073936
66199750,76078465
66204550,76082993
66209350,76087521
66214150,76092049
66218950,76096577
66223750,76101105
66228550,76105633
66233350,76110161
66238150,76114689
66242950,76119217
66247750,76123745
66252550,76128273
66257350,76132801
66262150,76137329
66266950,76141858
66271750,76146386
66276550,76150914
66281350,76155442
66286150,76159970
66290950,76164498
66295750,76169026
66300550,76173554
66305350,76178082
66310150,76182610
66314950,76187138
66319750,76191666
66324550,76196194
66329350,76200722
66334150,76205250
66338950,76209779
66343750,76214307
66348550,76218835
66353350,76223363
66358150,76227891
66362950,76232419
66367750,76236947
66372550,76241475
66377350,76246003
66382150,76250531
66386950,76255059
66391750,76259587
66396550,76264115
66401350,76268643
66406150,76273172
66410950,76277700
66415750,76282228
66420550,76286756
66425350,76291284
66430150,76295812
66434950,76300340
66439750,76304868
66444550,76309396
66449350,76313924
66454150,76318452
66458950,76322980
66463750,76327508
66468550,76332036
66473350,76336565
66478150,76341093
66482950,76345621
66487750,76350149
66492550,76354677
66497350,76359205
66502150,76363733
66506950,76368261
66511750,76372789
66516550,76377317
66521350,76381845
66526150,76386373
66530950,76390901
66535750,76395429
66540550,76399957
66545350,76404486
66550150,76409014
66554950,76413542
66559750,76418070
66564550,76422598
66569350,76427126
66574150,76431654
66578950,76436182
66583750,76440710
66588550,76445238
66593350,76449766
66598150,76454294
66602950,76458822
66607750,76463350
66612550,76467879
66617350,76472407
66622150,76476935
66626950,76481463
66631750,76485991
66636550,76490519
66641350,76495047
66646150,76499575
66650950,76504103
66655750,76508631
66660550,76513159
66665350,76517687
66670150,76522215
66674950,76526743
66679750,76531272
66684550,76535800
66689350,76540328
66694150,76544856
66698950,76549384
66703750,76553912
66708550,76558440
66713350,76562968
66718150,76567496
66722950,76572024
66727750,76576552
66732550,76581080
66737350,76585608
66742150,76590136
66746950,76594665
66751750,76599193
66756550,76603721
66761350,76608249
66766150,76612777
66770950,76617305
66775750,76621833
66780550,76626361
66785350,76630889
66790150,76635417
66794950,76639945
66799750,76644473
66804550,76649001
66809350,76653529
66814150,76658057
66818950,76662586
66823750,76667114
66828550,76671642
66833350,76676170
66838150,76680698
66842950,76685226
66847750,76689754
66852550,76694282
66857350,76698810
66862150,76703338
66866950,76707866
66871750,76712394
66876550,76716922
66881350,76721450
66886150,76725979
66890950,76730507
66895750,76735035
66900550,76739563
66905350,76744091
66910150,76748619
66914950,76753147
66919750,76757675
66924550,76762203
66929350,76766731
66934150,76771259
66938950,76775787
66943750,76780315
66948550,76784843
66953350,76789372
66958150,76793900
66962950,76798428
66967750,76802956
66972550,76807484
66977350,76812012
66982150,76816540
66986950,76821068
66991750,76825596
66996550,76830124
67001350,76834652
67006150,76839180
67010950,76843708
67015750,76848236
67020550,76852765
67025350,76857293
67030150,76861821
67034950,76866349
67039750,76870877
67044550,76875405
67049350,76879933
67054150,76884461
67058950,76888989
67063750,76893517
67068550,76898045
67073350,76902573
67078150,76907101
67082950,76911629
67087750,76916158
67092550,76920686
67097350,76925214
67102150,76929742
67106950,76934270
67111750,76938798
67116550,76943326
67121350,76947854
67126150,76952382
67130950,76956910
67135750,76961438
67140550,76965966
67145350,76970494
67150150,76975022
67154950,76979551
67159750,76984079
67164550,76988607
67169350,76993135
67174150,76997663
67178950,77002191
67183750,77006719
67188550,77011247
67193350,77015775
67198150,77020303
67202950,77024831
67207750,77029359
67212550,77033887
67217350,77038415
67222150,77042943
67226950,77047472
67231750,77052000
67236550,77056528
67241350,77061056
67246150,77065584
67250950,77070112
67255750,77074640
67260550,77079168
67265350,77083696
67270150,77088224
67274950,77092752
67279750,77097280
67284550,77101808
67289350,77106336
67294150,77110865
67298950,77115393
67303750,77119921
67308550,77124449
67313350,77128977
67318150,77133505
67322950,77138033
67327750,77142561
67332550,77147089
67337350,77151617
67342150,77156145
67346950,77160673
67351750,77165201
67356550,77169729
67361350,77174258
67366150,77178786
67370950,77183314
67375750,77187842
67380550,77192370
67385350,77196898
67390150,77201426
67394950,77205954
67399750,77210482
67404550,77215010
67409350,77219538
67414150,77224066
67418950,77228594
67423750,77233122
67428550,77237651
67433350,77242179
67438150,77246707
67442950,77251235
67447750,77255763
67452550,77260291
67457350,77264819
67462150,77269347
67466950,77273875
67471750,77278403
67476550,77282931
67481350,77287459
67486150,77291987
67490950,77296515
67495750,77301044
67500550,77305572
67505350,77310100
67510150,77314628
67514950,77319156
67519750,77323684
67524550,77328212
67529350,77332740
67534150,77337268
67538950,77341796
67543750,77346324
67548550,77350852
67553350,77355380
67558150,77359908
67562950,77364437
67567750,77368965
67572550,77373493
67577350,77378021
67582150,77382549
67586950,77387077
67591750,77391605
67596550,77396133
67601350,77400661
67606150,77405189
67610950,77409717
67615750,77414245
67620550,77418773
67625350,77423301
67630150,77427830
67634950,77432358
67639750,77436886
67644550,77441414
67649350,77445942
67654150,77450470
67658950,77454998
67663750,77459526
67668550,77464054
67673350,77468582
67678150,77473110
67682950,77477638
67687750,77482166
67692550,77486694
67697350,77491223
67702150,77495751
67706950,77500279
67711750,77504807
67716550,77509335
67721350,77513863
67726150,77518391
67730950,77522919
67735750,77527447
67740550,77531975
67745350,77536503
67750150,77541031
67754950,77545559
67759750,77550087
67764550,77554616
67769350,77559144
67774150,77563672
67778950,77568200
67783750,77572728
67788550,77577256
67793350,77581784
67798150,77586312
67802950,77590840
67807750,77595368
67812550,77599896
67817350,77604424
67822150,77608952
67826950,77613480
67831750,77618009
67836550,77622537
67841350,77627065
67846150,77631593
67850950,77636121
67855750,77640649
67860550,77645177
67865350,77649705
67870150,77654233
67874950,77658761
67879750,77663289
67884550,77667817
67889350,77672345
67894150,77676873
67898950,77681402
67903750,77685930
67908550,77690458
67913350,77694986
67918150,77699514
67922950,77704042
67927750,77708570
67932550,77713098
67937350,77717626
67942150,77722154
67946950,77726682
67951750,77731210
67956550,77735738
67961350,77740266
67966150,77744795
67970950,77749323
67975750,77753851
67980550,77758379
67985350,77762907
67990150,77767435
67994950,77771963
67999750,77776491
68004550,77781019
68009350,77785547
68014150,77790075
68018950,77794603
68023750,77799131
68028550,77803659
68033350,77808188
68038150,77812716
68042950,77817244
68047750,77821772
68052550,77826300
68057350,77830828
68062150,77835356
68066950,77839884
68071750,77844412
68076550,77848940
68081350,77853468
68086150,77857996
68090950,77862524
68095750,77867052
68100550,77871581
68105350,77876109
68110150,77880637
68114950,77885165
68119750,77889693
68124550,77894221
68129350,77898749
68134150,77903277
68138950,77907805
68143750,77912333
68148550,77916861
68153350,77921389
68158150,77925917
68162950,77930445
68167750,77934974
68172550,77939502
68177350,77944030
68182150,77948558
68186950,77953086
68191750,77957614
68196550,77962142
68201350,77966670
68206150,77971198
68210950,77975726
68215750,77980254
68220550,77984782
68225350,77989310
68230150,77993838
68234950,77998367
68239750,78002895
68244550,78007423
68249350,78011951
68254150,78016479
68258950,78021007
68263750,78025535
68268550,78030063
68273350,78034591
68278150,78039119
68282950,78043647
68287750,78048175
68292550,78052703
68297350,78057232
68302150,78061760
68306950,78066288
68311750,78070816
68316550,78075344
68321350,78079872
68326150,78084400
68330950,78088928
68335750,78093456
68340550,78097984
68345350,78102512
68350150,78107040
68354950,78111568
68359750,78116096
68364550,78120625
68369350,78125153
68374150,78129681
68378950,78134209
68383750,78138737
68388550,78143265
68393350,78147793
68398150,78152321
68402950,78156849
68407750,78161377
68412550,78165905
68417350,78170433
68422150,78174961
68426950,78179489
68431750,78184018
68436550,78188546
68441350,78193074
68446150,78197602
68450950,78202130
68455750,78206658
68460550,78211186
68465350,78215714
68470150,78220242
68474950,78224770
68479750,78229298
68484550,78233826
68489350,78238354
68494150,78242882
68498950,78247411
68503750,78251939
68508550,78256467
68513350,78260995
68518150,78265523
68522950,78270051
68527750,78274579
68532550,78279107
68537350,78283635
68542150,78288163
68546950,78292691
68551750,78297219
68556550,78301747
68561350,78306276
68566150,78310804
68570950,78315332
68575750,78319860
68580550,78324388
68585350,78328916
68590150,78333444
68594950,78337972
68599750,78342500
68604550,78347028
68609350,78351556
68614150,78356084
68618950,78360612
68623750,78365140
68628550,78369669
68633350,78374197
68638150,78378725
68642950,78383253
68647750,78387781
68652550,78392309
68657350,78396837
68662150,78401365
68666950,78405893
68671750,78410421
68676550,78414949
68681350,78419477
68686150,78424005
68690950,78428533
68695750,78433062
68700550,78437590
68705350,78442118
68710150,78446646
68714950,78451174
68719750,78455702
68724550,78460230
68729350,78464758
68734150,78469286
68738950,78473814
68743750,78478342
68748550,78482870
68753350,78487398
68758150,78491926
68762950,78496455
68767750,78500983
68772550,78505511
68777350,78510039
68782150,78514567
68786950,78519095
68791750,78523623
68796550,78528151
68801350,78532679
68806150,78537207
68810950,78541735
68815750,78546263
68820550,78550791
68825350,78555320
68830150,78559848
68834950,78564376
68839750,78568904
68844550,78573432
68849350,78577960
68854150,78582488
68858950,78587016
68863750,78591544
68868550,78596072
68873350,78600600
68878150,78605128
68882950,78609656
68887750,78614184
68892550,78618713
68897350,78623241
68902150,78627769
68906950,78632297
68911750,78636825
68916550,78641353
68921350,78645881
68926150,78650409
68930950,78654937
68935750,78659465
68940550,78663993
68945350,78668521
68950150,78673049
68954950,78677578
68959750,78682106
68964550,78686634
68969350,78691162
68974150,78695690
68978950,78700218
68983750,78704746
68988550,78709274
68993350,78713802
68998150,78718330
69002950,78722858
69007750,78727386
69012550,78731914
69017350,78736442
69022150,78740971
69026950,78745499
69031750,78750027
69036550,78754555
69041350,78759083
69046150,78763611
69050950,78768139
69055750,78772667
69060550,78777195
69065350,78781723
69070150,78786251
69074950,78790779
69079750,78795307
69084550,78799835
69089350,78804364
69094150,78808892
69098950,78813420
69103750,78817948
69108550,78822476
69113350,78827004
69118150,78831532
69122950,78836060
69127750,78840588
69132550,78845116
69137350,78849644
69142150,78854172
69146950,78858700
69151750,78863229
69156550,78867757
69161350,78872285
69166150,78876813
69170950,78881341
69175750,78885869
69180550,78890397
69185350,78894925
69190150,78899453
69194950,78903981
69199750,78908509
69204550,78913037
69209350,78917565
69214150,78922093
69218950,78926622
69223750,78931150
69228550,78935678
69233350,78940206
69238150,78944734
69242950,78949262
69247750,78953790
69252550,78958318
69257350,78962846
69262150,78967374
69266950,78971902
69271750,78976430
69276550,78980958
69281350,78985487
69286150,78990015
69290950,78994543
69295750,78999071
69300550,79003599
69305350,79008127
69310150,79012655
69314950,79017183
69319750,79021711
69324550,79026239
69329350,79030767
69334150,79035295
69338950,79039823
69343750,79044351
69348550,79048880
69353350,79053408
69358150,79057936
69362950,79062464
69367750,79066992
69372550,79071520
69377350,79076048
69382150,79080576
69386950,79085104
69391750,79089632
69396550,79094160
69401350,79098688
69406150,79103216
69410950,79107744
69415750,79112273
69420550,79116801
69425350,79121329
69430150,79125857
69434950,79130385
69439750,79134913
69444550,79139441
69449350,79143969
69454150,79148497
69458950,79153025
69463750,79157553
69468550,79162081
69473350,79166609
69478150,79171138
69482950,79175666
69487750,79180194
69492550,79184722
69497350,79189250
69502150,79193778
69506950,79198306
69511750,79202834
69516550,79207362
69521350,79211890
69526150,79216418
69530950,79220946
69535750,79225474
69540550,79230002
69545350,79234531
69550150,79239059
69554950,79243587
69559750,79248115
69564550,79252643
69569350,79257171
69574150,79261699
69578950,79266227
69583750,79270755
69588550,79275283
69593350,79279811
69598150,79284339
69602950,79288867
69607750,79293396
69612550,79297924
69617350,79302452
69622150,79306980
69626950,79311508
69631750,79316036
69636550,79320564
69641350,79325092
69646150,79329620
69650950,79334148
69655750,79338676
69660550,79343204
69665350,79347732
69670150,79352260
69674950,79356789
69679750,79361317
69684550,79365845
69689350,79370373
69694150,79374901
69698950,79379429
69703750,79383957
69708550,79388485
69713350,79393013
69718150,79397541
69722950,79402069
69727750,79406597
69732550,79411125
69737350,79415653
69742150,79420182
69746950,79424710
69751750,79429238
69756550,79433766
69761350,79438294
69766150,79442822
69770950,79447350
69775750,79451878
69780550,79456406
69785350,79460934
69790150,79465462
69794950,79469990
69799750,79474518
69804550,79479047
69809350,79483575
69814150,79488103
69818950,79492631
69823750,79497159
69828550,79501687
69833350,79506215
69838150,79510743
69842950,79515271
69847750,79519799
69852550,79524327
69857350,79528855
69862150,79533383
69866950,79537911
69871750,79542440
69876550,79546968
69881350,79551496
69886150,79556024
69890950,79560552
69895750,79565080
69900550,79569608
69905350,79574136
69910150,79578664
69914950,79583192
69919750,79587720
69924550,79592248
69929350,79596776
69934150,79601304
69938950,79605833
69943750,79610361
69948550,79614889
69953350,79619417
69958150,79623945
69962950,79628473
69967750,79633001
69972550,79637529
69977350,79642057
69982150,79646585
69986950,79651113
69991750,79655641
69996550,79660169
70001350,79664698
70006150,79669226
70010950,79673754
70015750,79678282
70020550,79682810
70025350,79687338
70030150,79691866
70034950,79696394
70039750,79700922
70044550,79705450
70049350,79709978
70054150,79714506
70058950,79719034
70063750,79723562
70068550,79728091
70073350,79732619
70078150,79737147
70082950,79741675
70087750,79746203
70092550,79750731
70097350,79755259
70102150,79759787
70106950,79764315
70111750,79768843
70116550,79773371
70121350,79777899
70126150,79782427
70130950,79786956
70135750,79791484
70140550,79796012
70145350,79800540
70150150,79805068
70154950,79809596
70159750,79814124
70164550,79818652
70169350,79823180
70174150,79827708
70178950,79832236
70183750,79836764
70188550,79841292
70193350,79845820
70198150,79850349
70202950,79854877
70207750,79859405
70212550,79863933
70217350,79868461
70222150,79872989
70226950,79877517
70231750,79882045
70236550,79886573
70241350,79891101
70246150,79895629
70250950,79900157
70255750,79904685
70260550,79909214
70265350,79913742
70270150,79918270
70274950,79922798
70279750,79927326
70284550,79931854
70289350,79936382
70294150,79940910
70298950,79945438
70303750,79949966
70308550,79954494
70313350,79959022
70318150,79963550
70322950,79968078
70327750,79972607
70332550,79977135
70337350,79981663
70342150,79986191
70346950,79990719
70351750,79995247
70356550,79999775
70361350,80004303
70366150,80008831
70370950,80013359
70375750,80017887
70380550,80022415
70385350,80026943
70390150,80031472
70394950,80036000
70399750,80040528
70404550,80045056
70409350,80049584
70414150,80054112
70418950,80058640
70423750,80063168
70428550,80067696
70433350,80072224
70438150,80076752
70442950,80081280
70447750,80085808
70452550,80090337
70457350,80094865
70462150,80099393
70466950,80103921
70471750,80108449
70476550,80112977
70481350,80117505
70486150,80122033
70490950,80126561
70495750,80131089
70500550,80135617
70505350,80140145
70510150,80144673
70514950,80149201
70519750,80153730
70524550,80158258
70529350,80162786
70534150,80167314
70538950,80171842
70543750,80176370
70548550,80180898
70553350,80185426
70558150,80189954
70562950,80194482
70567750,80199010
70572550,80203538
70577350,80208066
70582150,80212595
70586950,80217123
70591750,80221651
70596550,80226179
70601350,80230707
70606150,80235235
70610950,80239763
70615750,80244291
70620550,80248819
70625350,80253347
70630150,80257875
70634950,80262403
70639750,80266931
70644550,80271459
70649350,80275988
70654150,80280516
70658950,80285044
70663750,80289572
70668550,80294100
70673350,80298628
70678150,80303156
70682950,80307684
70687750,80312212
70692550,80316740
70697350,80321268
70702150,80325796
70706950,80330324
70711750,80334853
70716550,80339381
70721350,80343909
70726150,80348437
70730950,80352965
70735750,80357493
70740550,80362021
70745350,80366549
70750150,80371077
70754950,80375605
70759750,80380133
70764550,80384661
70769350,80389189
70774150,80393718
70778950,80398246
70783750,80402774
70788550,80407302
70793350,80411830
70798150,80416358
70802950,80420886
70807750,80425414
70812550,80429942
70817350,80434470
70822150,80438998
70826950,80443526
70831750,80448054
70836550,80452583
70841350,80457111
70846150,80461639
70850950,80466167
70855750,80470695
70860550,80475223
70865350,80479751
70870150,80484279
70874950,80488807
70879750,80493335
70884550,80497863
70889350,80502391
70894150,80506919
70898950,80511447
70903750,80515976
70908550,80520504
70913350,80525032
70918150,80529560
70922950,80534088
70927750,80538616
70932550,80543144
70937350,80547672
70942150,80552200
70946950,80556728
70951750,80561256
70956550,80565784
70961350,80570312
70966150,80574841
70970950,80579369
70975750,80583897
70980550,80588425
70985350,80592953
70990150,80597481
70994950,80602009
70999750,80606537
71004550,80611065
71009350,80615593
71014150,80620121
71018950,80624649
71023750,80629177
71028550,80633706
71033350,80638234
71038150,80642762
71042950,80647290
71047750,80651818
71052550,80656346
71057350,80660874
71062150,80665402
71066950,80669930
71071750,80674458
71076550,80678986
71081350,80683514
71086150,80688042
71090950,80692570
71095750,80697099
71100550,80701627
71105350,80706155
71110150,80710683
71114950,80715211
71119750,80719739
71124550,80724267
71129350,80728795
71134150,80733323
71138950,80737851
71143750,80742379
71148550,80746907
71153350,80751435
71158150,80755964
71162950,80760492
71167750,80765020
71172550,80769548
71177350,80774076
71182150,80778604
71186950,80783132
71191750,80787660
71196550,80792188
71201350,80796716
71206150,80801244
71210950,80805772
71215750,80810300
71220550,80814829
71225350,80819357
71230150,80823885
71234950,80828413
71239750,80832941
71244550,80837469
71249350,80841997
71254150,80846525
71258950,80851053
71263750,80855581
71268550,80860109
71273350,80864637
71278150,80869165
71282950,80873694
71287750,80878222
71292550,80882750
71297350,80887278
71302150,80891806
71306950,80896334
71311750,80900862
71316550,80905390
71321350,80909918
71326150,80914446
71330950,80918974
71335750,80923502
71340550,80928030
71345350,80932558
71350150,80937087
71354950,80941615
71359750,80946143
71364550,80950671
71369350,80955199
71374150,80959727
71378950,80964255
71383750,80968783
71388550,80973311
71393350,80977839
71398150,80982367
71402950,80986895
71407750,80991423
71412550,80995952
71417350,81000480
71422150,81005008
71426950,81009536
71431750,81014064
71436550,81018592
71441350,81023120
71446150,81027648
71450950,81032176
71455750,81036704
71460550,81041232
71465350,81045760
71470150,81050288
71474950,81054817
71479750,81059345
71484550,81063873
71489350,81068401
71494150,81072929
71498950,81077457
71503750,81081985
71508550,81086513
71513350,81091041
71518150,81095569
71522950,81100097
71527750,81104625
71532550,81109153
71537350,81113681
71542150,81118210
71546950,81122738
71551750,81127266
71556550,81131794
71561350,81136322
71566150,81140850
71570950,81145378
71575750,81149906
71580550,81154434
71585350,81158962
71590150,81163490
71594950,81168018
71599750,81172546
71604550,81177075
71609350,81181603
71614150,81186131
71618950,81190659
71623750,81195187
71628550,81199715
71633350,81204243
71638150,81208771
71642950,81213299
71647750,81217827
71652550,81222355
71657350,81226883
71662150,81231411
71666950,81235940
71671750,81240468
71676550,81244996
71681350,81249524
71686150,81254052
71690950,81258580
71695750,81263108
71700550,81267636
71705350,81272164
71710150,81276692
71714950,81281220
71719750,81285748
71724550,81290276
71729350,81294805
71734150,81299333
71738950,81303861
71743750,81308389
71748550,81312917
71753350,81317445
71758150,81321973
71762950,81326501
71767750,81331029
71772550,81335557
71777350,81340085
71782150,81344613
71786950,81349141
71791750,81353669
71796550,81358198
71801350,81362726
71806150,81367254
71810950,81371782
71815750,81376310
71820550,81380838
71825350,81385366
71830150,81389894
71834950,81394422
71839750,81398950
71844550,81403478
71849350,81408006
71854150,81412534
71858950,81417063
71863750,81421591
71868550,81426119
71873350,81430647
71878150,81435175
71882950,81439703
71887750,81444231
71892550,81448759
71897350,81453287
71902150,81457815
71906950,81462343
71911750,81466871
71916550,81471399
71921350,81475928
71926150,81480456
71930950,81484984
71935750,81489512
71940550,81494040
71945350,81498568
71950150,81503096
71954950,81507624
71959750,81512152
71964550,81516680
71969350,81521208
71974150,81525736
71978950,81530264
71983750,81534792
71988550,81539321
71993350,81543849
71998150,81548377
72002950,81552905
72007750,81557433
72012550,81561961
72017350,81566489
72022150,81571017
72026950,81575545
72031750,81580073
72036550,81584601
72041350,81589129
72046150,81593657
72050950,81598186
72055750,81602714
72060550,81607242
72065350,81611770
72070150,81616298
72074950,81620826
72079750,81625354
72084550,81629882
72089350,81634410
72094150,81638938
72098950,81643466
72103750,81647994
72108550,81652522
72113350,81657051
72118150,81661579
72122950,81666107
72127750,81670635
72132550,81675163
72137350,81679691
72142150,81684219
72146950,81688747
72151750,81693275
72156550,81697803
72161350,81702331
72166150,81706859
72170950,81711387
72175750,81715915
72180550,81720444
72185350,81724972
72190150,81729500
72194950,81734028
72199750,81738556
72204550,81743084
72209350,81747612
72214150,81752140
72218950,81756668
72223750,81761196
72228550,81765724
72233350,81770252
72238150,81774780
72242950,81779309
72247750,81783837
72252550,81788365
72257350,81792893
72262150,81797421
72266950,81801949
72271750,81806477
72276550,81811005
72281350,81815533
72286150,81820061
72290950,81824589
72295750,81829117
72300550,81833645
72305350,81838174
72310150,81842702
72314950,81847230
72319750,81851758
72324550,81856286
72329350,81860814
72334150,81865342
72338950,81869870
72343750,81874398
72348550,81878926
72353350,81883454
72358150,81887982
72362950,81892510
72367750,81897039
72372550,81901567
72377350,81906095
72382150,81910623
72386950,81915151
72391750,81919679
72396550,81924207
72401350,81928735
72406150,81933263
72410950,81937791
72415750,81942319
72420550,81946847
72425350,81951375
72430150,81955903
72434950,81960432
72439750,81964960
72444550,81969488
72449350,81974016
72454150,81978544
72458950,81983072
72463750,81987600
72468550,81992128
72473350,81996656
72478150,82001184
72482950,82005712
72487750,82010240
72492550,82014768
72497350,82019297
72502150,82023825
72506950,82028353
72511750,82032881
72516550,82037409
72521350,82041937
72526150,82046465
72530950,82050993
72535750,82055521
72540550,82060049
72545350,82064577
72550150,82069105
72554950,82073633
72559750,82078162
72564550,82082690
72569350,82087218
72574150,82091746
72578950,82096274
72583750,82100802
72588550,82105330
72593350,82109858
72598150,82114386
72602950,82118914
72607750,82123442
72612550,82127970
72617350,82132498
72622150,82137026
72626950,82141555
72631750,82146083
72636550,82150611
72641350,82155139
72646150,82159667
72650950,82164195
72655750,82168723
72660550,82173251
72665350,82177779
72670150,82182307
72674950,82186835
72679750,82191363
72684550,82195891
72689350,82200420
72694150,82204948
72698950,82209476
72703750,82214004
72708550,82218532
72713350,82223060
72718150,82227588
72722950,82232116
72727750,82236644
72732550,82241172
72737350,82245700
72742150,82250228
72746950,82254756
72751750,82259285
72756550,82263813
72761350,82268341
72766150,82272869
72770950,82277397
72775750,82281925
72780550,82286453
72785350,82290981
72790150,82295509
72794950,82300037
72799750,82304565
72804550,82309093
72809350,82313621
72814150,82318150
72818950,82322678
72823750,82327206
72828550,82331734
72833350,82336262
72838150,82340790
72842950,82345318
72847750,82349846
72852550,82354374
72857350,82358902
72862150,82363430
72866950,82367958
72871750,82372486
72876550,82377014
72881350,82381543
72886150,82386071
72890950,82390599
72895750,82395127
72900550,82399655
72905350,82404183
72910150,82408711
72914950,82413239
72919750,82417767
72924550,82422295
72929350,82426823
72934150,82431351
72938950,82435879
72943750,82440408
72948550,82444936
72953350,82449464
72958150,82453992
72962950,82458520
72967750,82463048
72972550,82467576
72977350,82472104
72982150,82476632
72986950,82481160
72991750,82485688
72996550,82490216
73001350,82494744
73006150,82499273
73010950,82503801
73015750,82508329
73020550,82512857
73025350,82517385
73030150,82521913
73034950,82526441
73039750,82530969
73044550,82535497
73049350,82540025
73054150,82544553
73058950,82549081
73063750,82553609
73068550,82558137
73073350,82562666
73078150,82567194
73082950,82571722
73087750,82576250
73092550,82580778
73097350,82585306
73102150,82589834
73106950,82594362
73111750,82598890
73116550,82603418
73121350,82607946
73126150,82612474
73130950,82617002
73135750,82621531
73140550,82626059
73145350,82630587
73150150,82635115
73154950,82639643
73159750,82644171
73164550,82648699
73169350,82653227
73174150,82657755
73178950,82662283
73183750,82666811
73188550,82671339
73193350,82675867
73198150,82680396
73202950,82684924
73207750,82689452
73212550,82693980
73217350,82698508
73222150,82703036
73226950,82707564
73231750,82712092
73236550,82716620
73241350,82721148
73246150,82725676
73250950,82730204
73255750,82734732
73260550,82739261
73265350,82743789
73270150,82748317
73274950,82752845
73279750,82757373
73284550,82761901
73289350,82766429
73294150,82770957
73298950,82775485
73303750,82780013
73308550,82784541
73313350,82789069
73318150,82793597
73322950,82798125
73327750,82802654
73332550,82807182
73337350,82811710
73342150,82816238
73346950,82820766
73351750,82825294
73356550,82829822
73361350,82834350
73366150,82838878
73370950,82843406
73375750,82847934
73380550,82852462
73385350,82856990
73390150,82861519
73394950,82866047
73399750,82870575
73404550,82875103
73409350,82879631
73414150,82884159
73418950,82888687
73423750,82893215
73428550,82897743
73433350,82902271
73438150,82906799
73442950,82911327
73447750,82915855
73452550,82920384
73457350,82924912
73462150,82929440
73466950,82933968
73471750,82938496
73476550,82943024
73481350,82947552
73486150,82952080
73490950,82956608
73495750,82961136
73500550,82965664
73505350,82970192
73510150,82974720
73514950,82979248
73519750,82983777
73524550,82988305
73529350,82992833
73534150,82997361
73538950,83001889
73543750,83006417
73548550,83010945
73553350,83015473
73558150,83020001
73562950,83024529
73567750,83029057
73572550,83033585
73577350,83038113
73582150,83042642
73586950,83047170
73591750,83051698
73596550,83056226
73601350,83060754
73606150,83065282
73610950,83069810
73615750,83074338
73620550,83078866
73625350,83083394
73630150,83087922
73634950,83092450
73639750,83096978
73644550,83101507
73649350,83106035
73654150,83110563
73658950,83115091
73663750,83119619
73668550,83124147
73673350,83128675
73678150,83133203
73682950,83137731
73687750,83142259
73692550,83146787
73697350,83151315
73702150,83155843
73706950,83160372
73711750,83164900
73716550,83169428
73721350,83173956
73726150,83178484
73730950,83183012
73735750,83187540
73740550,83192068
73745350,83196596
73750150,83201124
73754950,83205652
73759750,83210180
73764550,83214708
73769350,83219236
73774150,83223765
73778950,83228293
73783750,83232821
73788550,83237349
73793350,83241877
73798150,83246405
73802950,83250933
73807750,83255461
73812550,83259989
73817350,83264517
73822150,83269045
73826950,83273573
73831750,83278101
73836550,83282630
73841350,83287158
73846150,83291686
73850950,83296214
73855750,83300742
73860550,83305270
73865350,83309798
73870150,83314326
73874950,83318854
73879750,83323382
73884550,83327910
73889350,83332438
73894150,83336966
73898950,83341495
73903750,83346023
73908550,83350551
73913350,83355079
73918150,83359607
73922950,83364135
73927750,83368663
73932550,83373191
73937350,83377719
73942150,83382247
73946950,83386775
73951750,83391303
73956550,83395831
73961350,83400360
73966150,83404888
73970950,83409416
73975750,83413944
73980550,83418472
73985350,83423000
73990150,83427528
73994950,83432056
73999750,83436584
74004550,83441112
74009350,83445640
74014150,83450168
74018950,83454696
74023750,83459224
74028550,83463753
74033350,83468281
74038150,83472809
74042950,83477337
74047750,83481865
74052550,83486393
74057350,83490921
74062150,83495449
74066950,83499977
74071750,83504505
74076550,83509033
74081350,83513561
74086150,83518089
74090950,83522618
74095750,83527146
74100550,83531674
74105350,83536202
74110150,83540730
74114950,83545258
74119750,83549786
74124550,83554314
74129350,83558842
74134150,83563370
74138950,83567898
74143750,83572426
74148550,83576954
74153350,83581483
74158150,83586011
74162950,83590539
74167750,83595067
74172550,83599595
74177350,83604123
74182150,83608651
74186950,83613179
74191750,83617707
74196550,83622235
74201350,83626763
74206150,83631291
74210950,83635819
74215750,83640348
74220550,83644876
74225350,83649404
74230150,83653932
74234950,83658460
74239750,83662988
74244550,83667516
74249350,83672044
74254150,83676572
74258950,83681100
74263750,83685628
74268550,83690156
74273350,83694684
74278150,83699212
74282950,83703741
74287750,83708269
74292550,83712797
74297350,83717325
74302150,83721853
74306950,83726381
74311750,83730909
74316550,83735437
74321350,83739965
74326150,83744493
74330950,83749021
74335750,83753549
74340550,83758077
74345350,83762606
74350150,83767134
74354950,83771662
74359750,83776190
74364550,83780718
74369350,83785246
74374150,83789774
74378950,83794302
74383750,83798830
74388550,83803358
74393350,83807886
74398150,83812414
74402950,83816942
74407750,83821471
74412550,83825999
74417350,83830527
74422150,83835055
74426950,83839583
74431750,83844111
74436550,83848639
74441350,83853167
74446150,83857695
74450950,83862223
74455750,83866751
74460550,83871279
74465350,83875807
74470150,83880336
74474950,83884864
74479750,83889392
74484550,83893920
74489350,83898448
74494150,83902976
74498950,83907504
74503750,83912032
74508550,83916560
74513350,83921088
74518150,83925616
74522950,83930144
74527750,83934672
74532550,83939201
74537350,83943729
74542150,83948257
74546950,83952785
74551750,83957313
74556550,83961841
74561350,83966369
74566150,83970897
74570950,83975425
74575750,83979953
74580550,83984481
74585350,83989009
74590150,83993537
74594950,83998065
74599750,84002594
74604550,84007122
74609350,84011650
74614150,84016178
74618950,84020706
74623750,84025234
74628550,84029762
74633350,84034290
74638150,84038818
74642950,84043346
74647750,84047874
74652550,84052402
74657350,84056930
74662150,84061459
74666950,84065987
74671750,84070515
74676550,84075043
74681350,84079571
74686150,84084099
74690950,84088627
74695750,84093155
74700550,84097683
74705350,84102211
74710150,84106739
74714950,84111267
74719750,84115795
74724550,84120324
74729350,84124852
74734150,84129380
74738950,84133908
74743750,84138436
74748550,84142964
74753350,84147492
74758150,84152020
74762950,84156548
74767750,84161076
74772550,84165604
74777350,84170132
74782150,84174660
74786950,84179189
74791750,84183717
74796550,84188245
74801350,84192773
74806150,84197301
74810950,84201829
74815750,84206357
74820550,84210885
74825350,84215413
74830150,84219941
74834950,84224469
74839750,84228997
74844550,84233525
74849350,84238054
74854150,84242582
74858950,84247110
74863750,84251638
74868550,84256166
74873350,84260694
74878150,84265222
74882950,84269750
74887750,84274278
74892550,84278806
74897350,84283334
74902150,84287862
74906950,84292390
74911750,84296919
74916550,84301447
74921350,84305975
74926150,84310503
74930950,84315031
74935750,84319559
74940550,84324087
74945350,84328615
74950150,84333143
74954950,84337671
74959750,84342199
74964550,84346727
74969350,84351255
74974150,84355783
74978950,84360312
74983750,84364840
74988550,84369368
74993350,84373896
74998150,84378424
75002950,84382952
75007750,84387480
75012550,84392008
75017350,84396536
75022150,84401064
75026950,84405592
75031750,84410120
75036550,84414648
75041350,84419177
75046150,84423705
75050950,84428233
75055750,84432761
75060550,84437289
75065350,84441817
75070150,84446345
75074950,84450873
75079750,84455401
75084550,84459929
75089350,84464457
75094150,84468985
75098950,84473513
75103750,84478042
75108550,84482570
75113350,84487098
75118150,84491626
75122950,84496154
75127750,84500682
75132550,84505210
75137350,84509738
75142150,84514266
75146950,84518794
75151750,84523322
75156550,84527850
75161350,84532378
75166150,84536907
75170950,84541435
75175750,84545963
75180550,84550491
75185350,84555019
75190150,84559547
75194950,84564075
75199750,84568603
75204550,84573131
75209350,84577659
75214150,84582187
75218950,84586715
75223750,84591243
75228550,84595772
75233350,84600300
75238150,84604828
75242950,84609356
75247750,84613884
75252550,84618412
75257350,84622940
75262150,84627468
75266950,84631996
75271750,84636524
75276550,84641052
75281350,84645580
75286150,84650108
75290950,84654637
75295750,84659165
75300550,84663693
75305350,84668221
75310150,84672749
75314950,84677277
75319750,84681805
75324550,84686333
75329350,84690861
75334150,84695389
75338950,84699917
75343750,84704445
75348550,84708973
75353350,84713502
75358150,84718030
75362950,84722558
75367750,84727086
75372550,84731614
75377350,84736142
75382150,84740670
75386950,84745198
75391750,84749726
75396550,84754254
75401350,84758782
75406150,84763310
75410950,84767838
75415750,84772366
75420550,84776895
75425350,84781423
75430150,84785951
75434950,84790479
75439750,84795007
75444550,84799535
75449350,84804063
75454150,84808591
75458950,84813119
75463750,84817647
75468550,84822175
75473350,84826703
75478150,84831231
75482950,84835760
75487750,84840288
75492550,84844816
75497350,84849344
75502150,84853872
75506950,84858400
75511750,84862928
75516550,84867456
75521350,84871984
75526150,84876512
75530950,84881040
75535750,84885568
75540550,84890096
75545350,84894625
75550150,84899153
75554950,84903681
75559750,84908209
75564550,84912737
75569350,84917265
75574150,84921793
75578950,84926321
75583750,84930849
75588550,84935377
75593350,84939905
75598150,84944433
75602950,84948961
75607750,84953490
75612550,84958018
75617350,84962546
75622150,84967074
75626950,84971602
75631750,84976130
75636550,84980658
75641350,84985186
75646150,84989714
75650950,84994242
75655750,84998770
75660550,85003298
75665350,85007826
75670150,85012355
75674950,85016883
75679750,85021411
75684550,85025939
75689350,85030467
75694150,85034995
75698950,85039523
75703750,85044051
75708550,85048579
75713350,85053107
75718150,85057635
75722950,85062163
75727750,85066691
75732550,85071220
75737350,85075748
75742150,85080276
75746950,85084804
75751750,85089332
75756550,85093860
75761350,85098388
75766150,85102916
75770950,85107444
75775750,85111972
75780550,85116500
75785350,85121028
75790150,85125556
75794950,85130085
75799750,85134613
75804550,85139141
75809350,85143669
75814150,85148197
75818950,85152725
75823750,85157253
75828550,85161781
75833350,85166309
75838150,85170837
75842950,85175365
75847750,85179893
75852550,85184421
75857350,85188950
75862150,85193478
75866950,85198006
75871750,85202534
75876550,85207062
75881350,85211590
75886150,85216118
75890950,85220646
75895750,85225174
75900550,85229702
75905350,85234230
75910150,85238758
75914950,85243286
75919750,85247815
75924550,85252343
75929350,85256871
75934150,85261399
75938950,85265927
75943750,85270455
75948550,85274983
75953350,85279511
75958150,85284039
75962950,85288567
75967750,85293095
75972550,85297623
75977350,85302151
75982150,85306680
75986950,85311208
75991750,85315736
75996550,85320264
76001350,85324792
76006150,85329320
76010950,85333848
76015750,85338376
76020550,85342904
76025350,85347432
76030150,85351960
76034950,85356488
76039750,85361016
76044550,85365545
76049350,85370073
76054150,85374601
76058950,85379129
76063750,85383657
76068550,85388185
76073350,85392713
76078150,85397241
76082950,85401769
76087750,85406297
76092550,85410825
76097350,85415353
76102150,85419881
76106950,85424410
76111750,85428938
76116550,85433466
76121350,85437994
76126150,85442522
76130950,85447050
76135750,85451578
76140550,85456106
76145350,85460634
76150150,85465162
76154950,85469690
76159750,85474218
76164550,85478746
76169350,85483275
76174150,85487803
76178950,85492331
76183750,85496859
76188550,85501387
76193350,85505915
76198150,85510443
76202950,85514971
76207750,85519499
76212550,85524027
76217350,85528555
76222150,85533083
76226950,85537611
76231750,85542140
76236550,85546668
76241350,85551196
76246150,85555724
76250950,85560252
76255750,85564780
76260550,85569308
76265350,85573836
76270150,85578364
76274950,85582892
76279750,85587420
76284550,85591948
76289350,85596476
76294150,85601005
76298950,85605533
76303750,85610061
76308550,85614589
76313350,85619117
76318150,85623645
76322950,85628173
76327750,85632701
76332550,85637229
76337350,85641757
76342150,85646285
76346950,85650813
76351750,85655341
76356550,85659870
76361350,85664398
76366150,85668926
76370950,85673454
76375750,85677982
76380550,85682510
76385350,85687038
76390150,85691566
76394950,85696094
76399750,85700622
76404550,85705150
76409350,85709678
76414150,85714206
76418950,85718735
76423750,85723263
76428550,85727791
76433350,85732319
76438150,85736847
76442950,85741375
76447750,85745903
76452550,85750431
76457350,85754959
76462150,85759487
76466950,85764015
76471750,85768543
76476550,85773071
76481350,85777600
76486150,85782128
76490950,85786656
76495750,85791184
76500550,85795712
76505350,85800240
76510150,85804768
76514950,85809296
76519750,85813824
76524550,85818352
76529350,85822880
76534150,85827408
76538950,85831936
76543750,85836465
76548550,85840993
76553350,85845521
76558150,85850049
76562950,85854577
76567750,85859105
76572550,85863633
76577350,85868161
76582150,85872689
76586950,85877217
76591750,85881745
76596550,85886273
76601350,85890801
76606150,85895330
76610950,85899858
76615750,85904386
76620550,85908914
76625350,85913442
76630150,85917970
76634950,85922498
76639750,85927026
76644550,85931554
76649350,85936082
76654150,85940610
76658950,85945138
76663750,85949666
76668550,85954195
76673350,85958723
76678150,85963251
76682950,85967779
76687750,85972307
76692550,85976835
76697350,85981363
76702150,85985891
76706950,85990419
76711750,85994947
76716550,85999475
76721350,86004003
76726150,86008531
76730950,86013060
76735750,86017588
76740550,86022116
76745350,86026644
76750150,86031172
76754950,86035700
76759750,86040228
76764550,86044756
76769350,86049284
76774150,86053812
76778950,86058340
76783750,86062868
76788550,86067396
76793350,86071925
76798150,86076453
76802950,86080981
76807750,86085509
76812550,86090037
76817350,86094565
76822150,86099093
76826950,86103621
76831750,86108149
76836550,86112677
76841350,86117205
76846150,86121733
76850950,86126261
76855750,86130790
76860550,86135318
76865350,86139846
76870150,86144374
76874950,86148902
76879750,86153430
76884550,86157958
76889350,86162486
76894150,86167014
76898950,86171542
76903750,86176070
76908550,86180598
76913350,86185127
76918150,86189655
76922950,86194183
76927750,86198711
76932550,86203239
76937350,86207767
76942150,86212295
76946950,86216823
76951750,86221351
76956550,86225879
76961350,86230407
76966150,86234935
76970950,86239463
76975750,86243992
76980550,86248520
76985350,86253048
76990150,86257576
76994950,86262104
76999750,86266632
77004550,86271160
77009350,86275688
77014150,86280216
77018950,86284744
77023750,86289272
77028550,86293800
77033350,86298328
77038150,86302857
77042950,86307385
77047750,86311913
77052550,86316441
77057350,86320969
77062150,86325497
77066950,86330025
77071750,86334553
77076550,86339081
77081350,86343609
77086150,86348137
77090950,86352665
77095750,86357193
77100550,86361722
77105350,86366250
77110150,86370778
77114950,86375306
77119750,86379834
77124550,86384362
77129350,86388890
77134150,86393418
77138950,86397946
77143750,86402474
77148550,86407002
77153350,86411530
77158150,86416058
77162950,86420587
77167750,86425115
77172550,86429643
77177350,86434171
77182150,86438699
77186950,86443227
77191750,86447755
77196550,86452283
77201350,86456811
77206150,86461339
77210950,86465867
77215750,86470395
77220550,86474924
77225350,86479452
77230150,86483980
77234950,86488508
77239750,86493036
77244550,86497564
77249350,86502092
77254150,86506620
77258950,86511148
77263750,86515676
77268550,86520204
77273350,86524732
77278150,86529260
77282950,86533789
77287750,86538317
77292550,86542845
77297350,86547373
77302150,86551901
77306950,86556429
77311750,86560957
77316550,86565485
77321350,86570013
77326150,86574541
77330950,86579069
77335750,86583597
77340550,86588125
77345350,86592654
77350150,86597182
77354950,86601710
77359750,86606238
77364550,86610766
77369350,86615294
77374150,86619822
77378950,86624350
77383750,86628878
77388550,86633406
77393350,86637934
77398150,86642462
77402950,86646991
77407750,86651519
77412550,86656047
77417350,86660575
77422150,86665103
77426950,86669631
77431750,86674159
77436550,86678687
77441350,86683215
77446150,86687743
77450950,86692271
77455750,86696799
77460550,86701327
77465350,86705856
77470150,86710384
77474950,86714912
77479750,86719440
77484550,86723968
77489350,86728496
77494150,86733024
77498950,86737552
77503750,86742080
77508550,86746608
77513350,86751136
77518150,86755664
77522950,86760192
77527750,86764721
77532550,86769249
77537350,86773777
77542150,86778305
77546950,86782833
77551750,86787361
77556550,86791889
77561350,86796417
77566150,86800945
77570950,86805473
77575750,86810001
77580550,86814529
77585350,86819058
77590150,86823586
77594950,86828114
77599750,86832642
77604550,86837170
77609350,86841698
77614150,86846226
77618950,86850754
77623750,86855282
77628550,86859810
77633350,86864338
77638150,86868866
77642950,86873394
77647750,86877923
77652550,86882451
77657350,86886979
77662150,86891507
77666950,86896035
77671750,86900563
77676550,86905091
77681350,86909619
77686150,86914147
77690950,86918675
77695750,86923203
77700550,86927731
77705350,86932259
77710150,86936788
77714950,86941316
77719750,86945844
77724550,86950372
77729350,86954900
77734150,86959428
77738950,86963956
77743750,86968484
77748550,86973012
77753350,86977540
77758150,86982068
77762950,86986596
77767750,86991125
77772550,86995653
77777350,87000181
77782150,87004709
77786950,87009237
77791750,87013765
77796550,87018293
77801350,87022821
77806150,87027349
77810950,87031877
77815750,87036405
77820550,87040933
77825350,87045461
77830150,87049990
77834950,87054518
77839750,87059046
77844550,87063574
77849350,87068102
77854150,87072630
77858950,87077158
77863750,87081686
77868550,87086214
77873350,87090742
77878150,87095270
77882950,87099798
77887750,87104326
77892550,87108855
77897350,87113383
77902150,87117911
77906950,87122439
77911750,87126967
77916550,87131495
77921350,87136023
77926150,87140551
77930950,87145079
77935750,87149607
77940550,87154135
77945350,87158663
77950150,87163192
77954950,87167720
77959750,87172248
77964550,87176776
77969350,87181304
77974150,87185832
77978950,87190360
77983750,87194888
77988550,87199416
77993350,87203944
77998150,87208472
78002950,87213000
78007750,87217528
78012550,87222057
78017350,87226585
78022150,87231113
78026950,87235641
78031750,87240169
78036550,87244697
78041350,87249225
78046150,87253753
78050950,87258281
78055750,87262809
78060550,87267337
78065350,87271865
78070150,87276394
78074950,87280922
78079750,87285450
78084550,87289978
78089350,87294506
78094150,87299034
78098950,87303562
78103750,87308090
78108550,87312618
78113350,87317146
78118150,87321674
78122950,87326202
78127750,87330730
78132550,87335259
78137350,87339787
78142150,87344315
78146950,87348843
78151750,87353371
78156550,87357899
78161350,87362427
78166150,87366955
78170950,87371483
78175750,87376011
78180550,87380539
78185350,87385067
78190150,87389595
78194950,87394124
78199750,87398652
78204550,87403180
78209350,87407708
78214150,87412236
78218950,87416764
78223750,87421292
78228550,87425820
78233350,87430348
78238150,87434876
78242950,87439404
78247750,87443932
78252550,87448461
78257350,87452989
78262150,87457517
78266950,87462045
78271750,87466573
78276550,87471101
78281350,87475629
78286150,87480157
78290950,87484685
78295750,87489213
78300550,87493741
78305350,87498269
78310150,87502797
78314950,87507326
78319750,87511854
78324550,87516382
78329350,87520910
78334150,87525438
78338950,87529966
78343750,87534494
78348550,87539022
78353350,87543550
78358150,87548078
78362950,87552606
78367750,87557134
78372550,87561663
78377350,87566191
78382150,87570719
78386950,87575247
78391750,87579775
78396550,87584303
78401350,87588831
78406150,87593359
78410950,87597887
78415750,87602415
78420550,87606943
78425350,87611471
78430150,87615999
78434950,87620528
78439750,87625056
78444550,87629584
78449350,87634112
78454150,87638640
78458950,87643168
78463750,87647696
78468550,87652224
78473350,87656752
78478150,87661280
78482950,87665808
78487750,87670336
78492550,87674865
78497350,87679393
78502150,87683921
78506950,87688449
78511750,87692977
78516550,87697505
78521350,87702033
78526150,87706561
78530950,87711089
78535750,87715617
78540550,87720145
78545350,87724673
78550150,87729201
78554950,87733730
78559750,87738258
78564550,87742786
78569350,87747314
78574150,87751842
78578950,87756370
78583750,87760898
78588550,87765426
78593350,87769954
78598150,87774482
78602950,87779010
78607750,87783538
78612550,87788066
78617350,87792595
78622150,87797123
78626950,87801651
78631750,87806179
78636550,87810707
78641350,87815235
78646150,87819763
78650950,87824291
78655750,87828819
78660550,87833347
78665350,87837875
78670150,87842403
78674950,87846932
78679750,87851460
78684550,87855988
78689350,87860516
78694150,87865044
78698950,87869572
78703750,87874100
78708550,87878628
78713350,87883156
78718150,87887684
78722950,87892212
78727750,87896740
78732550,87901268
78737350,87905797
78742150,87910325
78746950,87914853
78751750,87919381
78756550,87923909
78761350,87928437
78766150,87932965
78770950,87937493
78775750,87942021
78780550,87946549
78785350,87951077
78790150,87955605
78794950,87960134
78799750,87964662
78804550,87969190
78809350,87973718
78814150,87978246
78818950,87982774
78823750,87987302
78828550,87991830
78833350,87996358
78838150,88000886
78842950,88005414
78847750,88009942
78852550,88014470
78857350,88018999
78862150,88023527
78866950,88028055
78871750,88032583
78876550,88037111
78881350,88041639
78886150,88046167
78890950,88050695
78895750,88055223
78900550,88059751
78905350,88064279
78910150,88068807
78914950,88073336
78919750,88077864
78924550,88082392
78929350,88086920
78934150,88091448
78938950,88095976
78943750,88100504
78948550,88105032
78953350,88109560
78958150,88114088
78962950,88118616
78967750,88123144
78972550,88127672
78977350,88132201
78982150,88136729
78986950,88141257
78991750,88145785
78996550,88150313
79001350,88154841
79006150,88159369
79010950,88163897
79015750,88168425
79020550,88172953
79025350,88177481
79030150,88182009
79034950,88186538
79039750,88191066
79044550,88195594
79049350,88200122
79054150,88204650
79058950,88209178
79063750,88213706
79068550,88218234
79073350,88222762
79078150,88227290
79082950,88231818
79087750,88236346
79092550,88240874
79097350,88245403
79102150,88249931
79106950,88254459
79111750,88258987
79116550,88263515
79121350,88268043
79126150,88272571
79130950,88277099
79135750,88281627
79140550,88286155
79145350,88290683
79150150,88295211
79154950,88299740
79159750,88304268
79164550,88308796
79169350,88313324
79174150,88317852
79178950,88322380
79183750,88326908
79188550,88331436
79193350,88335964
79198150,88340492
79202950,88345020
79207750,88349548
79212550,88354076
79217350,88358605
79222150,88363133
79226950,88367661
79231750,88372189
79236550,88376717
79241350,88381245
79246150,88385773
79250950,88390301
79255750,88394829
79260550,88399357
79265350,88403885
79270150,88408413
79274950,88412942
79279750,88417470
79284550,88421998
79289350,88426526
79294150,88431054
79298950,88435582
79303750,88440110
79308550,88444638
79313350,88449166
79318150,88453694
79322950,88458222
79327750,88462750
79332550,88467278
79337350,88471807
79342150,88476335
79346950,88480863
79351750,88485391
79356550,88489919
79361350,88494447
79366150,88498975
79370950,88503503
79375750,88508031
79380550,88512559
79385350,88517087
79390150,88521615
79394950,88526143
79399750,88530672
79404550,88535200
79409350,88539728
79414150,88544256
79418950,88548784
79423750,88553312
79428550,88557840
79433350,88562368
79438150,88566896
79442950,88571424
79447750,88575952
79452550,88580480
79457350,88585009
79462150,88589537
79466950,88594065
79471750,88598593
79476550,88603121
79481350,88607649
79486150,88612177
79490950,88616705
79495750,88621233
79500550,88625761
79505350,88630289
79510150,88634817
79514950,88639345
79519750,88643874
79524550,88648402
79529350,88652930
79534150,88657458
79538950,88661986
79543750,88666514
79548550,88671042
79553350,88675570
79558150,88680098
79562950,88684626
79567750,88689154
79572550,88693682
79577350,88698211
79582150,88702739
79586950,88707267
79591750,88711795
79596550,88716323
79601350,88720851
79606150,88725379
79610950,88729907
79615750,88734435
79620550,88738963
79625350,88743491
79630150,88748019
79634950,88752548
79639750,88757076
79644550,88761604
79649350,88766132
79654150,88770660
79658950,88775188
79663750,88779716
79668550,88784244
79673350,88788772
79678150,88793300
79682950,88797828
79687750,88802356
79692550,88806884
79697350,88811413
79702150,88815941
79706950,88820469
79711750,88824997
79716550,88829525
79721350,88834053
79726150,88838581
79730950,88843109
79735750,88847637
79740550,88852165
79745350,88856693
79750150,88861221
79754950,88865750
79759750,88870278
79764550,88874806
79769350,88879334
79774150,88883862
79778950,88888390
79783750,88892918
79788550,88897446
79793350,88901974
79798150,88906502
79802950,88911030
79807750,88915558
79812550,88920086
79817350,88924615
79822150,88929143
79826950,88933671
79831750,88938199
79836550,88942727
79841350,88947255
79846150,88951783
79850950,88956311
79855750,88960839
79860550,88965367
79865350,88969895
79870150,88974423
79874950,88978951
79879750,88983480
79884550,88988008
79889350,88992536
79894150,88997064
79898950,89001592
79903750,89006120
79908550,89010648
79913350,89015176
79918150,89019704
79922950,89024232
79927750,89028760
79932550,89033288
79937350,89037817
79942150,89042345
79946950,89046873
79951750,89051401
79956550,89055929
79961350,89060457
79966150,89064985
79970950,89069513
79975750,89074041
79980550,89078569
79985350,89083097
79990150,89087625
79994950,89092153
79999750,89096682
80004550,89101210
80009350,89105738
80014150,89110266
80018950,89114794
80023750,89119322
80028550,89123850
80033350,89128378
80038150,89132906
80042950,89137434
80047750,89141962
80052550,89146490
80057350,89151019
80062150,89155547
80066950,89160075
80071750,89164603
80076550,89169131
80081350,89173659
80086150,89178187
80090950,89182715
80095750,89187243
80100550,89191771
80105350,89196299
80110150,89200827
80114950,89205355
80119750,89209884
80124550,89214412
80129350,89218940
80134150,89223468
80138950,89227996
80143750,89232524
80148550,89237052
80153350,89241580
80158150,89246108
80162950,89250636
80167750,89255164
80172550,89259692
80177350,89264221
80182150,89268749
80186950,89273277
80191750,89277805
80196550,89282333
80201350,89286861
80206150,89291389
80210950,89295917
80215750,89300445
80220550,89304973
80225350,89309501
80230150,89314029
80234950,89318557
80239750,89323086
80244550,89327614
80249350,89332142
80254150,89336670
80258950,89341198
80263750,89345726
80268550,89350254
80273350,89354782
80278150,89359310
80282950,89363838
80287750,89368366
80292550,89372894
80297350,89377423
80302150,89381951
80306950,89386479
80311750,89391007
80316550,89395535
80321350,89400063
80326150,89404591
80330950,89409119
80335750,89413647
80340550,89418175
80345350,89422703
80350150,89427231
80354950,89431759
80359750,89436288
80364550,89440816
80369350,89445344
80374150,89449872
80378950,89454400
80383750,89458928
80388550,89463456
80393350,89467984
80398150,89472512
80402950,89477040
80407750,89481568
80412550,89486096
80417350,89490625
80422150,89495153
80426950,89499681
80431750,89504209
80436550,89508737
80441350,89513265
80446150,89517793
80450950,89522321
80455750,89526849
80460550,89531377
80465350,89535905
80470150,89540433
80474950,89544961
80479750,89549490
80484550,89554018
80489350,89558546
80494150,89563074
80498950,89567602
80503750,89572130
80508550,89576658
80513350,89581186
80518150,89585714
80522950,89590242
80527750,89594770
80532550,89599298
80537350,89603827
80542150,89608355
80546950,89612883
80551750,89617411
80556550,89621939
80561350,89626467
80566150,89630995
80570950,89635523
80575750,89640051
80580550,89644579
80585350,89649107
80590150,89653635
80594950,89658163
80599750,89662692
80604550,89667220
80609350,89671748
80614150,89676276
80618950,89680804
80623750,89685332
80628550,89689860
80633350,89694388
80638150,89698916
80642950,89703444
80647750,89707972
80652550,89712500
80657350,89717029
80662150,89721557
80666950,89726085
80671750,89730613
80676550,89735141
80681350,89739669
80686150,89744197
80690950,89748725
80695750,89753253
80700550,89757781
80705350,89762309
80710150,89766837
80714950,89771365
80719750,89775894
80724550,89780422
80729350,89784950
80734150,89789478
80738950,89794006
80743750,89798534
80748550,89803062
80753350,89807590
80758150,89812118
80762950,89816646
80767750,89821174
80772550,89825702
80777350,89830231
80782150,89834759
80786950,89839287
80791750,89843815
80796550,89848343
80801350,89852871
80806150,89857399
80810950,89861927
80815750,89866455
80820550,89870983
80825350,89875511
80830150,89880039
80834950,89884567
80839750,89889096
80844550,89893624
80849350,89898152
80854150,89902680
80858950,89907208
80863750,89911736
80868550,89916264
80873350,89920792
80878150,89925320
80882950,89929848
80887750,89934376
80892550,89938904
80897350,89943432
80902150,89947961
80906950,89952489
80911750,89957017
80916550,89961545
80921350,89966073
80926150,89970601
80930950,89975129
80935750,89979657
80940550,89984185
80945350,89988713
80950150,89993241
80954950,89997769
80959750,90002298
80964550,90006826
80969350,90011354
80974150,90015882
80978950,90020410
80983750,90024938
80988550,90029466
80993350,90033994
80998150,90038522
81002950,90043050
81007750,90047578
81012550,90052106
81017350,90056634
81022150,90061163
81026950,90065691
81031750,90070219
81036550,90074747
81041350,90079275
81046150,90083803
81050950,90088331
81055750,90092859
81060550,90097387
81065350,90101915
81070150,90106443
81074950,90110971
81079750,90115500
81084550,90120028
81089350,90124556
81094150,90129084
81098950,90133612
81103750,90138140
81108550,90142668
81113350,90147196
81118150,90151724
81122950,90156252
81127750,90160780
81132550,90165308
81137350,90169836
81142150,90174365
81146950,90178893
81151750,90183421
81156550,90187949
81161350,90192477
81166150,90197005
81170950,90201533
81175750,90206061
81180550,90210589
81185350,90215117
81190150,90219645
81194950,90224173
81199750,90228702
81204550,90233230
81209350,90237758
81214150,90242286
81218950,90246814
81223750,90251342
81228550,90255870
81233350,90260398
81238150,90264926
81242950,90269454
81247750,90273982
81252550,90278510
81257350,90283038
81262150,90287567
81266950,90292095
81271750,90296623
81276550,90301151
81281350,90305679
81286150,90310207
81290950,90314735
81295750,90319263
81300550,90323791
81305350,90328319
81310150,90332847
81314950,90337375
81319750,90341904
81324550,90346432
81329350,90350960
81334150,90355488
81338950,90360016
81343750,90364544
81348550,90369072
81353350,90373600
81358150,90378128
81362950,90382656
81367750,90387184
81372550,90391712
81377350,90396240
81382150,90400769
81386950,90405297
81391750,90409825
81396550,90414353
81401350,90418881
81406150,90423409
81410950,90427937
81415750,90432465
81420550,90436993
81425350,90441521
81430150,90446049
81434950,90450577
81439750,90455106
81444550,90459634
81449350,90464162
81454150,90468690
81458950,90473218
81463750,90477746
81468550,90482274
81473350,90486802
81478150,90491330
81482950,90495858
81487750,90500386
81492550,90504914
81497350,90509442
81502150,90513971
81506950,90518499
81511750,90523027
81516550,90527555
81521350,90532083
81526150,90536611
81530950,90541139
81535750,90545667
81540550,90550195
81545350,90554723
81550150,90559251
81554950,90563779
81559750,90568308
81564550,90572836
81569350,90577364
81574150,90581892
81578950,90586420
81583750,90590948
81588550,90595476
81593350,90600004
81598150,90604532
81602950,90609060
81607750,90613588
81612550,90618116
81617350,90622644
81622150,90627173
81626950,90631701
81631750,90636229
81636550,90640757
81641350,90645285
81646150,90649813
81650950,90654341
81655750,90658869
81660550,90663397
81665350,90667925
81670150,90672453
81674950,90676981
81679750,90681510
81684550,90686038
81689350,90690566
81694150,90695094
81698950,90699622
81703750,90704150
81708550,90708678
81713350,90713206
81718150,90717734
81722950,90722262
81727750,90726790
81732550,90731318
81737350,90735846
81742150,90740375
81746950,90744903
81751750,90749431
81756550,90753959
81761350,90758487
81766150,90763015
81770950,90767543
81775750,90772071
81780550,90776599
81785350,90781127
81790150,90785655
81794950,90790183
81799750,90794712
81804550,90799240
81809350,90803768
81814150,90808296
81818950,90812824
81823750,90817352
81828550,90821880
81833350,90826408
81838150,90830936
81842950,90835464
81847750,90839992
81852550,90844520
81857350,90849048
81862150,90853577
81866950,90858105
81871750,90862633
81876550,90867161
81881350,90871689
81886150,90876217
81890950,90880745
81895750,90885273
81900550,90889801
81905350,90894329
81910150,90898857
81914950,90903385
81919750,90907914
81924550,90912442
81929350,90916970
81934150,90921498
81938950,90926026
81943750,90930554
81948550,90935082
81953350,90939610
81958150,90944138
81962950,90948666
81967750,90953194
81972550,90957722
81977350,90962250
81982150,90966779
81986950,90971307
81991750,90975835
81996550,90980363
82001350,90984891
82006150,90989419
82010950,90993947
82015750,90998475
82020550,91003003
82025350,91007531
82030150,91012059
82034950,91016587
82039750,91021116
82044550,91025644
82049350,91030172
82054150,91034700
82058950,91039228
82063750,91043756
82068550,91048284
82073350,91052812
82078150,91057340
82082950,91061868
82087750,91066396
82092550,91070924
82097350,91075452
82102150,91079981
82106950,91084509
82111750,91089037
82116550,91093565
82121350,91098093
82126150,91102621
82130950,91107149
82135750,91111677
82140550,91116205
82145350,91120733
82150150,91125261
82154950,91129789
82159750,91134318
82164550,91138846
82169350,91143374
82174150,91147902
82178950,91152430
82183750,91156958
82188550,91161486
82193350,91166014
82198150,91170542
82202950,91175070
82207750,91179598
82212550,91184126
82217350,91188654
82222150,91193183
82226950,91197711
82231750,91202239
82236550,91206767
82241350,91211295
82246150,91215823
82250950,91220351
82255750,91224879
82260550,91229407
82265350,91233935
82270150,91238463
82274950,91242991
82279750,91247520
82284550,91252048
82289350,91256576
82294150,91261104
82298950,91265632
82303750,91270160
82308550,91274688
82313350,91279216
82318150,91283744
82322950,91288272
82327750,91292800
82332550,91297328
82337350,91301856
82342150,91306385
82346950,91310913
82351750,91315441
82356550,91319969
82361350,91324497
82366150,91329025
82370950,91333553
82375750,91338081
82380550,91342609
82385350,91347137
82390150,91351665
82394950,91356193
82399750,91360722
82404550,91365250
82409350,91369778
82414150,91374306
82418950,91378834
82423750,91383362
82428550,91387890
82433350,91392418
82438150,91396946
82442950,91401474
82447750,91406002
82452550,91410530
82457350,91415058
82462150,91419587
82466950,91424115
82471750,91428643
82476550,91433171
82481350,91437699
82486150,91442227
82490950,91446755
82495750,91451283
82500550,91455811
82505350,91460339
82510150,91464867
82514950,91469395
82519750,91473924
82524550,91478452
82529350,91482980
82534150,91487508
82538950,91492036
82543750,91496564
82548550,91501092
82553350,91505620
82558150,91510148
82562950,91514676
82567750,91519204
82572550,91523732
82577350,91528260
82582150,91532789
82586950,91537317
82591750,91541845
82596550,91546373
82601350,91550901
82606150,91555429
82610950,91559957
82615750,91564485
82620550,91569013
82625350,91573541
82630150,91578069
82634950,91582597
82639750,91587126
82644550,91591654
82649350,91596182
82654150,91600710
82658950,91605238
82663750,91609766
82668550,91614294
82673350,91618822
82678150,91623350
82682950,91627878
82687750,91632406
82692550,91636934
82697350,91641462
82702150,91645991
82706950,91650519
82711750,91655047
82716550,91659575
82721350,91664103
82726150,91668631
82730950,91673159
82735750,91677687
82740550,91682215
82745350,91686743
82750150,91691271
82754950,91695799
82759750,91700328
82764550,91704856
82769350,91709384
82774150,91713912
82778950,91718440
82783750,91722968
82788550,91727496
82793350,91732024
82798150,91736552
82802950,91741080
82807750,91745608
82812550,91750136
82817350,91754664
82822150,91759193
82826950,91763721
82831750,91768249
82836550,91772777
82841350,91777305
82846150,91781833
82850950,91786361
82855750,91790889
82860550,91795417
82865350,91799945
82870150,91804473
82874950,91809001
82879750,91813530
82884550,91818058
82889350,91822586
82894150,91827114
82898950,91831642
82903750,91836170
82908550,91840698
82913350,91845226
82918150,91849754
82922950,91854282
82927750,91858810
82932550,91863338
82937350,91867866
82942150,91872395
82946950,91876923
82951750,91881451
82956550,91885979
82961350,91890507
82966150,91895035
82970950,91899563
82975750,91904091
82980550,91908619
82985350,91913147
82990150,91917675
82994950,91922203
82999750,91926732
83004550,91931260
83009350,91935788
83014150,91940316
83018950,91944844
83023750,91949372
83028550,91953900
83033350,91958428
83038150,91962956
83042950,91967484
83047750,91972012
83052550,91976540
83057350,91981068
83062150,91985597
83066950,91990125
83071750,91994653
83076550,91999181
83081350,92003709
83086150,92008237
83090950,92012765
83095750,92017293
83100550,92021821
83105350,92026349
83110150,92030877
83114950,92035405
83119750,92039934
83124550,92044462
83129350,92048990
83134150,92053518
83138950,92058046
83143750,92062574
83148550,92067102
83153350,92071630
83158150,92076158
83162950,92080686
83167750,92085214
83172550,92089742
83177350,92094271
83182150,92098799
83186950,92103327
83191750,92107855
83196550,92112383
83201350,92116911
83206150,92121439
83210950,92125967
83215750,92130495
83220550,92135023
83225350,92139551
83230150,92144079
83234950,92148607
83239750,92153136
83244550,92157664
83249350,92162192
83254150,92166720
83258950,92171248
83263750,92175776
83268550,92180304
83273350,92184832
83278150,92189360
83282950,92193888
83287750,92198416
83292550,92202944
83297350,92207473
83302150,92212001
83306950,92216529
83311750,92221057
83316550,92225585
83321350,92230113
83326150,92234641
83330950,92239169
83335750,92243697
83340550,92248225
83345350,92252753
83350150,92257281
83354950,92261809
83359750,92266338
83364550,92270866
83369350,92275394
83374150,92279922
83378950,92284450
83383750,92288978
83388550,92293506
83393350,92298034
83398150,92302562
83402950,92307090
83407750,92311618
83412550,92316146
83417350,92320675
83422150,92325203
83426950,92329731
83431750,92334259
83436550,92338787
83441350,92343315
83446150,92347843
83450950,92352371
83455750,92356899
83460550,92361427
83465350,92365955
83470150,92370483
83474950,92375011
83479750,92379540
83484550,92384068
83489350,92388596
83494150,92393124
83498950,92397652
83503750,92402180
83508550,92406708
83513350,92411236
83518150,92415764
83522950,92420292
83527750,92424820
83532550,92429348
83537350,92433877
83542150,92438405
83546950,92442933
83551750,92447461
83556550,92451989
83561350,92456517
83566150,92461045
83570950,92465573
83575750,92470101
83580550,92474629
83585350,92479157
83590150,92483685
83594950,92488214
83599750,92492742
83604550,92497270
83609350,92501798
83614150,92506326
83618950,92510854
83623750,92515382
83628550,92519910
83633350,92524438
83638150,92528966
83642950,92533494
83647750,92538022
83652550,92542550
83657350,92547079
83662150,92551607
83666950,92556135
83671750,92560663
83676550,92565191
83681350,92569719
83686150,92574247
83690950,92578775
83695750,92583303
83700550,92587831
83705350,92592359
83710150,92596887
83714950,92601416
83719750,92605944
83724550,92610472
83729350,92615000
83734150,92619528
83738950,92624056
83743750,92628584
83748550,92633112
83753350,92637640
83758150,92642168
83762950,92646696
83767750,92651224
83772550,92655753
83777350,92660281
83782150,92664809
83786950,92669337
83791750,92673865
83796550,92678393
83801350,92682921
83806150,92687449
83810950,92691977
83815750,92696505
83820550,92701033
83825350,92705561
83830150,92710089
83834950,92714618
83839750,92719146
83844550,92723674
83849350,92728202
83854150,92732730
83858950,92737258
83863750,92741786
83868550,92746314
83873350,92750842
83878150,92755370
83882950,92759898
83887750,92764426
83892550,92768955
83897350,92773483
83902150,92778011
83906950,92782539
83911750,92787067
83916550,92791595
83921350,92796123
83926150,92800651
83930950,92805179
83935750,92809707
83940550,92814235
83945350,92818763
83950150,92823292
83954950,92827820
83959750,92832348
83964550,92836876
83969350,92841404
83974150,92845932
83978950,92850460
83983750,92854988
83988550,92859516
83993350,92864044
83998150,92868572
84002950,92873100
84007750,92877628
84012550,92882157
84017350,92886685
84022150,92891213
84026950,92895741
84031750,92900269
84036550,92904797
84041350,92909325
84046150,92913853
84050950,92918381
84055750,92922909
84060550,92927437
84065350,92931965
84070150,92936494
84074950,92941022
84079750,92945550
84084550,92950078
84089350,92954606
84094150,92959134
84098950,92963662
84103750,92968190
84108550,92972718
84113350,92977246
84118150,92981774
84122950,92986302
84127750,92990831
84132550,92995359
84137350,92999887
84142150,93004415
84146950,93008943
84151750,93013471
84156550,93017999
84161350,93022527
84166150,93027055
84170950,93031583
84175750,93036111
84180550,93040639
84185350,93045168
84190150,93049696
84194950,93054224
84199750,93058752
84204550,93063280
84209350,93067808
84214150,93072336
84218950,93076864
84223750,93081392
84228550,93085920
84233350,93090448
84238150,93094976
84242950,93099505
84247750,93104033
84252550,93108561
84257350,93113089
84262150,93117617
84266950,93122145
84271750,93126673
84276550,93131201
84281350,93135729
84286150,93140257
84290950,93144785
84295750,93149313
84300550,93153841
84305350,93158370
84310150,93162898
84314950,93167426
84319750,93171954
84324550,93176482
84329350,93181010
84334150,93185538
84338950,93190066
84343750,93194594
84348550,93199122
84353350,93203650
84358150,93208178
84362950,93212707
84367750,93217235
84372550,93221763
84377350,93226291
84382150,93230819
84386950,93235347
84391750,93239875
84396550,93244403
84401350,93248931
84406150,93253459
84410950,93257987
84415750,93262515
84420550,93267044
84425350,93271572
84430150,93276100
84434950,93280628
84439750,93285156
84444550,93289684
84449350,93294212
84454150,93298740
84458950,93303268
84463750,93307796
84468550,93312324
84473350,93316852
84478150,93321381
84482950,93325909
84487750,93330437
84492550,93334965
84497350,93339493
84502150,93344021
84506950,93348549
84511750,93353077
84516550,93357605
84521350,93362133
84526150,93366661
84530950,93371189
84535750,93375718
84540550,93380246
84545350,93384774
84550150,93389302
84554950,93393830
84559750,93398358
84564550,93402886
84569350,93407414
84574150,93411942
84578950,93416470
84583750,93420998
84588550,93425526
84593350,93430055
84598150,93434583
84602950,93439111
84607750,93443639
84612550,93448167
84617350,93452695
84622150,93457223
84626950,93461751
84631750,93466279
84636550,93470807
84641350,93475335
84646150,93479863
84650950,93484392
84655750,93488920
84660550,93493448
84665350,93497976
84670150,93502504
84674950,93507032
84679750,93511560
84684550,93516088
84689350,93520616
84694150,93525144
84698950,93529672
84703750,93534200
84708550,93538729
84713350,93543257
84718150,93547785
84722950,93552313
84727750,93556841
84732550,93561369
84737350,93565897
84742150,93570425
84746950,93574953
84751750,93579481
84756550,93584009
84761350,93588537
84766150,93593066
84770950,93597594
84775750,93602122
84780550,93606650
84785350,93611178
84790150,93615706
84794950,93620234
84799750,93624762
84804550,93629290
84809350,93633818
84814150,93638346
84818950,93642874
84823750,93647403
84828550,93651931
84833350,93656459
84838150,93660987
84842950,93665515
84847750,93670043
84852550,93674571
84857350,93679099
84862150,93683627
84866950,93688155
84871750,93692683
84876550,93697211
84881350,93701740
84886150,93706268
84890950,93710796
84895750,93715324
84900550,93719852
84905350,93724380
84910150,93728908
84914950,93733436
84919750,93737964
84924550,93742492
84929350,93747020
84934150,93751548
84938950,93756077
84943750,93760605
84948550,93765133
84953350,93769661
84958150,93774189
84962950,93778717
84967750,93783245
84972550,93787773
84977350,93792301
84982150,93796829
84986950,93801357
84991750,93805885
84996550,93810414
85001350,93814942
85006150,93819470
85010950,93823998
85015750,93828526
85020550,93833054
85025350,93837582
85030150,93842110
85034950,93846638
85039750,93851166
85044550,93855694
85049350,93860222
85054150,93864751
85058950,93869279
85063750,93873807
85068550,93878335
85073350,93882863
85078150,93887391
85082950,93891919
85087750,93896447
85092550,93900975
85097350,93905503
85102150,93910031
85106950,93914559
85111750,93919088
85116550,93923616
85121350,93928144
85126150,93932672
85130950,93937200
85135750,93941728
85140550,93946256
85145350,93950784
85150150,93955312
85154950,93959840
85159750,93964368
85164550,93968896
85169350,93973425
85174150,93977953
85178950,93982481
85183750,93987009
85188550,93991537
85193350,93996065
85198150,94000593
85202950,94005121
85207750,94009649
85212550,94014177
85217350,94018705
85222150,94023233
85226950,94027762
85231750,94032290
85236550,94036818
85241350,94041346
85246150,94045874
85250950,94050402
85255750,94054930
85260550,94059458
85265350,94063986
85270150,94068514
85274950,94073042
85279750,94077570
85284550,94082099
85289350,94086627
85294150,94091155
85298950,94095683
85303750,94100211
85308550,94104739
85313350,94109267
85318150,94113795
85322950,94118323
85327750,94122851
85332550,94127379
85337350,94131908
85342150,94136436
85346950,94140964
85351750,94145492
85356550,94150020
85361350,94154548
85366150,94159076
85370950,94163604
85375750,94168132
85380550,94172660
85385350,94177188
85390150,94181716
85394950,94186245
85399750,94190773
85404550,94195301
85409350,94199829
85414150,94204357
85418950,94208885
85423750,94213413
85428550,94217941
85433350,94222469
85438150,94226997
85442950,94231525
85447750,94236053
85452550,94240582
85457350,94245110
85462150,94249638
85466950,94254166
85471750,94258694
85476550,94263222
85481350,94267750
85486150,94272278
85490950,94276806
85495750,94281334
85500550,94285862
85505350,94290390
85510150,94294919
85514950,94299447
85519750,94303975
85524550,94308503
85529350,94313031
85534150,94317559
85538950,94322087
85543750,94326615
85548550,94331143
85553350,94335671
85558150,94340199
85562950,94344727
85567750,94349256
85572550,94353784
85577350,94358312
85582150,94362840
85586950,94367368
85591750,94371896
85596550,94376424
85601350,94380952
85606150,94385480
85610950,94390008
85615750,94394536
85620550,94399064
85625350,94403593
85630150,94408121
85634950,94412649
85639750,94417177
85644550,94421705
85649350,94426233
85654150,94430761
85658950,94435289
85663750,94439817
85668550,94444345
85673350,94448873
85678150,94453401
85682950,94457930
85687750,94462458
85692550,94466986
85697350,94471514
85702150,94476042
85706950,94480570
85711750,94485098
85716550,94489626
85721350,94494154
85726150,94498682
85730950,94503210
85735750,94507738
85740550,94512267
85745350,94516795
85750150,94521323
85754950,94525851
85759750,94530379
85764550,94534907
85769350,94539435
85774150,94543963
85778950,94548491
85783750,94553019
85788550,94557547
85793350,94562076
85798150,94566604
85802950,94571132
85807750,94575660
85812550,94580188
85817350,94584716
85822150,94589244
85826950,94593772
85831750,94598300
85836550,94602828
85841350,94607356
85846150,94611884
85850950,94616413
85855750,94620941
85860550,94625469
85865350,94629997
85870150,94634525
85874950,94639053
85879750,94643581
85884550,94648109
85889350,94652637
85894150,94657165
85898950,94661693
85903750,94666221
85908550,94670750
85913350,94675278
85918150,94679806
85922950,94684334
85927750,94688862
85932550,94693390
85937350,94697918
85942150,94702446
85946950,94706974
85951750,94711502
85956550,94716030
85961350,94720558
85966150,94725087
85970950,94729615
85975750,94734143
85980550,94738671
85985350,94743199
85990150,94747727
85994950,94752255
85999750,94756783
86004550,94761311
86009350,94765839
86014150,94770367
86018950,94774895
86023750,94779424
86028550,94783952
86033350,94788480
86038150,94793008
86042950,94797536
86047750,94802064
86052550,94806592
86057350,94811120
86062150,94815648
86066950,94820176
86071750,94824704
86076550,94829233
86081350,94833761
86086150,94838289
86090950,94842817
86095750,94847345
86100550,94851873
86105350,94856401
86110150,94860929
86114950,94865457
86119750,94869985
86124550,94874513
86129350,94879041
86134150,94883570
86138950,94888098
86143750,94892626
86148550,94897154
86153350,94901682
86158150,94906210
86162950,94910738
86167750,94915266
86172550,94919794
86177350,94924322
86182150,94928850
86186950,94933378
86191750,94937907
86196550,94942435
86201350,94946963
86206150,94951491
86210950,94956019
86215750,94960547
86220550,94965075
86225350,94969603
86230150,94974131
86234950,94978659
86239750,94983187
86244550,94987715
86249350,94992244
86254150,94996772
86258950,95001300
86263750,95005828
86268550,95010356
86273350,95014884
86278150,95019412
86282950,95023940
86287750,95028468
86292550,95032996
86297350,95037524
86302150,95042053
86306950,95046581
86311750,95051109
86316550,95055637
86321350,95060165
86326150,95064693
86330950,95069221
86335750,95073749
86340550,95078277
86345350,95082805
86350150,95087333
86354950,95091861
86359750,95096390
86364550,95100918
86369350,95105446
86374150,95109974
86378950,95114502
86383750,95119030
86388550,95123558
86393350,95128086
86398150,95132614
86402950,95137142
86407750,95141670
86412550,95146198
86417350,95150727
86422150,95155255
86426950,95159783
86431750,95164311
86436550,95168839
86441350,95173367
86446150,95177895
86450950,95182423
86455750,95186951
86460550,95191479
86465350,95196007
86470150,95200535
86474950,95205064
86479750,95209592
86484550,95214120
86489350,95218648
86494150,95223176
86498950,95227704
86503750,95232232
86508550,95236760
86513350,95241288
86518150,95245816
86522950,95250344
86527750,95254873
86532550,95259401
86537350,95263929
86542150,95268457
86546950,95272985
86551750,95277513
86556550,95282041
86561350,95286569
86566150,95291097
86570950,95295625
86575750,95300153
86580550,95304681
86585350,95309210
86590150,95313738
86594950,95318266
86599750,95322794
86604550,95327322
86609350,95331850
86614150,95336378
86618950,95340906
86623750,95345434
86628550,95349962
86633350,95354490
86638150,95359018
86642950,95363547
86647750,95368075
86652550,95372603
86657350,95377131
86662150,95381659
86666950,95386187
86671750,95390715
86676550,95395243
86681350,95399771
86686150,95404299
86690950,95408827
86695750,95413356
86700550,95417884
86705350,95422412
86710150,95426940
86714950,95431468
86719750,95435996
86724550,95440524
86729350,95445052
86734150,95449580
86738950,95454108
86743750,95458636
86748550,95463164
86753350,95467693
86758150,95472221
86762950,95476749
86767750,95481277
86772550,95485805
86777350,95490333
86782150,95494861
86786950,95499389
86791750,95503917
86796550,95508445
86801350,95512973
86806150,95517501
86810950,95522030
86815750,95526558
86820550,95531086
86825350,95535614
86830150,95540142
86834950,95544670
86839750,95549198
86844550,95553726
86849350,95558254
86854150,95562782
86858950,95567310
86863750,95571838
86868550,95576367
86873350,95580895
86878150,95585423
86882950,95589951
86887750,95594479
86892550,95599007
86897350,95603535
86902150,95608063
86906950,95612591
86911750,95617119
86916550,95621647
86921350,95626176
86926150,95630704
86930950,95635232
86935750,95639760
86940550,95644288
86945350,95648816
86950150,95653344
86954950,95657872
86959750,95662400
86964550,95666928
86969350,95671456
86974150,95675984
86978950,95680513
86983750,95685041
86988550,95689569
86993350,95694097
86998150,95698625
87002950,95703153
87007750,95707681
87012550,95712209
87017350,95716737
87022150,95721265
87026950,95725793
87031750,95730321
87036550,95734850
87041350,95739378
87046150,95743906
87050950,95748434
87055750,95752962
87060550,95757490
87065350,95762018
87070150,95766546
87074950,95771074
87079750,95775602
87084550,95780130
87089350,95784658
87094150,95789187
87098950,95793715
87103750,95798243
87108550,95802771
87113350,95807299
87118150,95811827
87122950,95816355
87127750,95820883
87132550,95825411
87137350,95829939
87142150,95834467
87146950,95838996
87151750,95843524
87156550,95848052
87161350,95852580
87166150,95857108
87170950,95861636
87175750,95866164
87180550,95870692
87185350,95875220
87190150,95879748
87194950,95884276
87199750,95888804
87204550,95893333
87209350,95897861
87214150,95902389
87218950,95906917
87223750,95911445
87228550,95915973
87233350,95920501
87238150,95925029
87242950,95929557
87247750,95934085
87252550,95938613
87257350,95943141
87262150,95947670
87266950,95952198
87271750,95956726
87276550,95961254
87281350,95965782
87286150,95970310
87290950,95974838
87295750,95979366
87300550,95983894
87305350,95988422
87310150,95992950
87314950,95997478
87319750,96002007
87324550,96006535
87329350,96011063
87334150,96015591
87338950,96020119
87343750,96024647
87348550,96029175
87353350,96033703
87358150,96038231
87362950,96042759
87367750,96047287
87372550,96051816
87377350,96056344
87382150,96060872
87386950,96065400
87391750,96069928
87396550,96074456
87401350,96078984
87406150,96083512
87410950,96088040
87415750,96092568
87420550,96097096
87425350,96101624
87430150,96106153
87434950,96110681
87439750,96115209
87444550,96119737
87449350,96124265
87454150,96128793
87458950,96133321
87463750,96137849
87468550,96142377
87473350,96146905
87478150,96151433
87482950,96155961
87487750,96160490
87492550,96165018
87497350,96169546
87502150,96174074
87506950,96178602
87511750,96183130
87516550,96187658
87521350,96192186
87526150,96196714
87530950,96201242
87535750,96205770
87540550,96210298
87545350,96214827
87550150,96219355
87554950,96223883
87559750,96228411
87564550,96232939
87569350,96237467
87574150,96241995
87578950,96246523
87583750,96251051
87588550,96255579
87593350,96260107
87598150,96264635
87602950,96269164
87607750,96273692
87612550,96278220
87617350,96282748
87622150,96287276
87626950,96291804
87631750,96296332
87636550,96300860
87641350,96305388
87646150,96309916
87650950,96314444
87655750,96318973
87660550,96323501
87665350,96328029
87670150,96332557
87674950,96337085
87679750,96341613
87684550,96346141
87689350,96350669
87694150,96355197
87698950,96359725
87703750,96364253
87708550,96368781
87713350,96373310
87718150,96377838
87722950,96382366
87727750,96386894
87732550,96391422
87737350,96395950
87742150,96400478
87746950,96405006
87751750,96409534
87756550,96414062
87761350,96418590
87766150,96423118
87770950,96427647
87775750,96432175
87780550,96436703
87785350,96441231
87790150,96445759
87794950,96450287
87799750,96454815
87804550,96459343
87809350,96463871
87814150,96468399
87818950,96472927
87823750,96477455
87828550,96481984
87833350,96486512
87838150,96491040
87842950,96495568
87847750,96500096
87852550,96504624
87857350,96509152
87862150,96513680
87866950,96518208
87871750,96522736
87876550,96527264
87881350,96531792
87886150,96536321
87890950,96540849
87895750,96545377
87900550,96549905
87905350,96554433
87910150,96558961
87914950,96563489
87919750,96568017
87924550,96572545
87929350,96577073
87934150,96581601
87938950,96586130
87943750,96590658
87948550,96595186
87953350,96599714
87958150,96604242
87962950,96608770
87967750,96613298
87972550,96617826
87977350,96622354
87982150,96626882
87986950,96631410
87991750,96635938
87996550,96640467
88001350,96644995
88006150,96649523
88010950,96654051
88015750,96658579
88020550,96663107
88025350,96667635
88030150,96672163
88034950,96676691
88039750,96681219
88044550,96685747
88049350,96690275
88054150,96694804
88058950,96699332
88063750,96703860
88068550,96708388
88073350,96712916
88078150,96717444
88082950,96721972
88087750,96726500
88092550,96731028
88097350,96735556
88102150,96740084
88106950,96744612
88111750,96749141
88116550,96753669
88121350,96758197
88126150,96762725
88130950,96767253
88135750,96771781
88140550,96776309
88145350,96780837
88150150,96785365
88154950,96789893
88159750,96794421
88164550,96798950
88169350,96803478
88174150,96808006
88178950,96812534
88183750,96817062
88188550,96821590
88193350,96826118
88198150,96830646
88202950,96835174
88207750,96839702
88212550,96844230
88217350,96848758
88222150,96853287
88226950,96857815
88231750,96862343
88236550,96866871
88241350,96871399
88246150,96875927
88250950,96880455
88255750,96884983
88260550,96889511
88265350,96894039
88270150,96898567
88274950,96903095
88279750,96907624
88284550,96912152
88289350,96916680
88294150,96921208
88298950,96925736
88303750,96930264
88308550,96934792
88313350,96939320
88318150,96943848
88322950,96948376
88327750,96952904
88332550,96957432
88337350,96961961
88342150,96966489
88346950,96971017
88351750,96975545
88356550,96980073
88361350,96984601
88366150,96989129
88370950,96993657
88375750,96998185
88380550,97002713
88385350,97007241
88390150,97011770
88394950,97016298
88399750,97020826
88404550,97025354
88409350,97029882
88414150,97034410
88418950,97038938
88423750,97043466
88428550,97047994
88433350,97052522
88438150,97057050
88442950,97061578
88447750,97066107
88452550,97070635
88457350,97075163
88462150,97079691
88466950,97084219
88471750,97088747
88476550,97093275
88481350,97097803
88486150,97102331
88490950,97106859
88495750,97111387
88500550,97115915
88505350,97120444
88510150,97124972
88514950,97129500
88519750,97134028
88524550,97138556
88529350,97143084
88534150,97147612
88538950,97152140
88543750,97156668
88548550,97161196
88553350,97165724
88558150,97170252
88562950,97174781
88567750,97179309
88572550,97183837
88577350,97188365
88582150,97192893
88586950,97197421
88591750,97201949
88596550,97206477
88601350,97211005
88606150,97215533
88610950,97220061
88615750,97224590
88620550,97229118
88625350,97233646
88630150,97238174
88634950,97242702
88639750,97247230
88644550,97251758
88649350,97256286
88654150,97260814
88658950,97265342
88663750,97269870
88668550,97274398
88673350,97278927
88678150,97283455
88682950,97287983
88687750,97292511
88692550,97297039
88697350,97301567
88702150,97306095
88706950,97310623
88711750,97315151
88716550,97319679
88721350,97324207
88726150,97328735
88730950,97333264
88735750,97337792
88740550,97342320
88745350,97346848
88750150,97351376
88754950,97355904
88759750,97360432
88764550,97364960
88769350,97369488
88774150,97374016
88778950,97378544
88783750,97383072
88788550,97387601
88793350,97392129
88798150,97396657
88802950,97401185
88807750,97405713
88812550,97410241
88817350,97414769
88822150,97419297
88826950,97423825
88831750,97428353
88836550,97432881
88841350,97437410
88846150,97441938
88850950,97446466
88855750,97450994
88860550,97455522
88865350,97460050
88870150,97464578
88874950,97469106
88879750,97473634
88884550,97478162
88889350,97482690
88894150,97487218
88898950,97491747
88903750,97496275
88908550,97500803
88913350,97505331
88918150,97509859
88922950,97514387
88927750,97518915
88932550,97523443
88937350,97527971
88942150,97532499
88946950,97537027
88951750,97541555
88956550,97546084
88961350,97550612
88966150,97555140
88970950,97559668
88975750,97564196
88980550,97568724
88985350,97573252
88990150,97577780
88994950,97582308
88999750,97586836
89004550,97591364
89009350,97595892
89014150,97600421
89018950,97604949
89023750,97609477
89028550,97614005
89033350,97618533
89038150,97623061
89042950,97627589
89047750,97632117
89052550,97636645
89057350,97641173
89062150,97645701
89066950,97650230
89071750,97654758
89076550,97659286
89081350,97663814
89086150,97668342
89090950,97672870
89095750,97677398
89100550,97681926
89105350,97686454
89110150,97690982
89114950,97695510
89119750,97700038
89124550,97704567
89129350,97709095
89134150,97713623
89138950,97718151
89143750,97722679
89148550,97727207
89153350,97731735
89158150,97736263
89162950,97740791
89167750,97745319
89172550,97749847
89177350,97754375
89182150,97758904
89186950,97763432
89191750,97767960
89196550,97772488
89201350,97777016
89206150,97781544
89210950,97786072
89215750,97790600
89220550,97795128
89225350,97799656
89230150,97804184
89234950,97808713
89239750,97813241
89244550,97817769
89249350,97822297
89254150,97826825
89258950,97831353
89263750,97835881
89268550,97840409
89273350,97844937
89278150,97849465
89282950,97853993
89287750,97858521
89292550,97863050
89297350,97867578
89302150,97872106
89306950,97876634
89311750,97881162
89316550,97885690
89321350,97890218
89326150,97894746
89330950,97899274
89335750,97903802
89340550,97908330
89345350,97912858
89350150,97917387
89354950,97921915
89359750,97926443
89364550,97930971
89369350,97935499
89374150,97940027
89378950,97944555
89383750,97949083
89388550,97953611
89393350,97958139
89398150,97962667
89402950,97967195
89407750,97971724
89412550,97976252
89417350,97980780
89422150,97985308
89426950,97989836
89431750,97994364
89436550,97998892
89441350,98003420
89446150,98007948
89450950,98012476
89455750,98017004
89460550,98021533
89465350,98026061
89470150,98030589
89474950,98035117
89479750,98039645
89484550,98044173
89489350,98048701
89494150,98053229
89498950,98057757
89503750,98062285
89508550,98066813
89513350,98071341
89518150,98075870
89522950,98080398
89527750,98084926
89532550,98089454
89537350,98093982
89542150,98098510
89546950,98103038
89551750,98107566
89556550,98112094
89561350,98116622
89566150,98121150
89570950,98125678
89575750,98130207
89580550,98134735
89585350,98139263
89590150,98143791
89594950,98148319
89599750,98152847
89604550,98157375
89609350,98161903
89614150,98166431
89618950,98170959
89623750,98175487
89628550,98180016
89633350,98184544
89638150,98189072
89642950,98193600
89647750,98198128
89652550,98202656
89657350,98207184
89662150,98211712
89666950,98216240
89671750,98220768
89676550,98225296
89681350,98229824
89686150,98234353
89690950,98238881
89695750,98243409
89700550,98247937
89705350,98252465
89710150,98256993
89714950,98261521
89719750,98266049
89724550,98270577
89729350,98275105
89734150,98279633
89738950,98284162
89743750,98288690
89748550,98293218
89753350,98297746
89758150,98302274
89762950,98306802
89767750,98311330
89772550,98315858
89777350,98320386
89782150,98324914
89786950,98329442
89791750,98333970
89796550,98338499
89801350,98343027
89806150,98347555
89810950,98352083
89815750,98356611
89820550,98361139
89825350,98365667
89830150,98370195
89834950,98374723
89839750,98379251
89844550,98383779
89849350,98388307
89854150,98392836
89858950,98397364
89863750,98401892
89868550,98406420
89873350,98410948
89878150,98415476
89882950,98420004
89887750,98424532
89892550,98429060
89897350,98433588
89902150,98438116
89906950,98442645
89911750,98447173
89916550,98451701
89921350,98456229
89926150,98460757
89930950,98465285
89935750,98469813
89940550,98474341
89945350,98478869
89950150,98483397
89954950,98487925
89959750,98492453
89964550,98496982
89969350,98501510
89974150,98506038
89978950,98510566
89983750,98515094
89988550,98519622
89993350,98524150
89998150,98528678
90002950,98533206
90007750,98537734
90012550,98542262
90017350,98546791
90022150,98551319
90026950,98555847
90031750,98560375
90036550,98564903
90041350,98569431
90046150,98573959
90050950,98578487
90055750,98583015
90060550,98587543
90065350,98592071
90070150,98596599
90074950,98601128
90079750,98605656
90084550,98610184
90089350,98614712
90094150,98619240
90098950,98623768
90103750,98628296
90108550,98632824
90113350,98637352
90118150,98641880
90122950,98646408
90127750,98650936
90132550,98655465
90137350,98659993
90142150,98664521
90146950,98669049
90151750,98673577
90156550,98678105
90161350,98682633
90166150,98687161
90170950,98691689
90175750,98696217
90180550,98700745
90185350,98705274
90190150,98709802
90194950,98714330
90199750,98718858
90204550,98723386
90209350,98727914
90214150,98732442
90218950,98736970
90223750,98741498
90228550,98746026
90233350,98750554
90238150,98755082
90242950,98759611
90247750,98764139
90252550,98768667
90257350,98773195
90262150,98777723
90266950,98782251
90271750,98786779
90276550,98791307
90281350,98795835
90286150,98800363
90290950,98804891
90295750,98809420
90300550,98813948
90305350,98818476
90310150,98823004
90314950,98827532
90319750,98832060
90324550,98836588
90329350,98841116
90334150,98845644
90338950,98850172
90343750,98854700
90348550,98859228
90353350,98863757
90358150,98868285
90362950,98872813
90367750,98877341
90372550,98881869
90377350,98886397
90382150,98890925
90386950,98895453
90391750,98899981
90396550,98904509
90401350,98909037
90406150,98913566
90410950,98918094
90415750,98922622
90420550,98927150
90425350,98931678
90430150,98936206
90434950,98940734
90439750,98945262
90444550,98949790
90449350,98954318
90454150,98958846
90458950,98963374
90463750,98967903
90468550,98972431
90473350,98976959
90478150,98981487
90482950,98986015
90487750,98990543
90492550,98995071
90497350,98999599
90502150,99004127
90506950,99008655
90511750,99013183
90516550,99017712
90521350,99022240
90526150,99026768
90530950,99031296
90535750,99035824
90540550,99040352
90545350,99044880
90550150,99049408
90554950,99053936
90559750,99058464
90564550,99062992
90569350,99067520
90574150,99072049
90578950,99076577
90583750,99081105
90588550,99085633
90593350,99090161
90598150,99094689
90602950,99099217
90607750,99103745
90612550,99108273
90617350,99112801
90622150,99117329
90626950,99121858
90631750,99126386
90636550,99130914
90641350,99135442
90646150,99139970
90650950,99144498
90655750,99149026
90660550,99153554
90665350,99158082
90670150,99162610
90674950,99167138
90679750,99171666
90684550,99176195
90689350,99180723
90694150,99185251
90698950,99189779
90703750,99194307
90708550,99198835
90713350,99203363
90718150,99207891
90722950,99212419
90727750,99216947
90732550,99221475
90737350,99226004
90742150,99230532
90746950,99235060
90751750,99239588
90756550,99244116
90761350,99248644
90766150,99253172
90770950,99257700
90775750,99262228
90780550,99266756
90785350,99271284
90790150,99275812
90794950,99280341
90799750,99284869
90804550,99289397
90809350,99293925
90814150,99298453
90818950,99302981
90823750,99307509
90828550,99312037
90833350,99316565
90838150,99321093
90842950,99325621
90847750,99330150
90852550,99334678
90857350,99339206
90862150,99343734
90866950,99348262
90871750,99352790
90876550,99357318
90881350,99361846
90886150,99366374
90890950,99370902
90895750,99375430
90900550,99379958
90905350,99384487
90910150,99389015
90914950,99393543
90919750,99398071
90924550,99402599
90929350,99407127
90934150,99411655
90938950,99416183
90943750,99420711
90948550,99425239
90953350,99429767
90958150,99434296
90962950,99438824
90967750,99443352
90972550,99447880
90977350,99452408
90982150,99456936
90986950,99461464
90991750,99465992
90996550,99470520
91001350,99475048
91006150,99479576
91010950,99484105
91015750,99488633
91020550,99493161
91025350,99497689
91030150,99502217
91034950,99506745
91039750,99511273
91044550,99515801
91049350,99520329
91054150,99524857
91058950,99529385
91063750,99533913
91068550,99538442
91073350,99542970
91078150,99547498
91082950,99552026
91087750,99556554
91092550,99561082
91097350,99565610
91102150,99570138
91106950,99574666
91111750,99579194
91116550,99583722
91121350,99588251
91126150,99592779
91130950,99597307
91135750,99601835
91140550,99606363
91145350,99610891
91150150,99615419
91154950,99619947
91159750,99624475
91164550,99629003
91169350,99633531
91174150,99638059
91178950,99642588
91183750,99647116
91188550,99651644
91193350,99656172
91198150,99660700
91202950,99665228
91207750,99669756
91212550,99674284
91217350,99678812
91222150,99683340
91226950,99687868
91231750,99692397
91236550,99696925
91241350,99701453
91246150,99705981
91250950,99710509
91255750,99715037
91260550,99719565
91265350,99724093
91270150,99728621
91274950,99733149
91279750,99737677
91284550,99742206
91289350,99746734
91294150,99751262
91298950,99755790
91303750,99760318
91308550,99764846
91313350,99769374
91318150,99773902
91322950,99778430
91327750,99782958
91332550,99787486
91337350,99792014
91342150,99796543
91346950,99801071
91351750,99805599
91356550,99810127
91361350,99814655
91366150,99819183
91370950,99823711
91375750,99828239
91380550,99832767
91385350,99837295
91390150,99841823
91394950,99846352
91399750,99850880
91404550,99855408
91409350,99859936
91414150,99864464
91418950,99868992
91423750,99873520
91428550,99878048
91433350,99882576
91438150,99887104
91442950,99891632
91447750,99896160
91452550,99900689
91457350,99905217
91462150,99909745
91466950,99914273
91471750,99918801
91476550,99923329
91481350,99927857
91486150,99932385
91490950,99936913
91495750,99941441
91500550,99945969
91505350,99950498
91510150,99955026
91514950,99959554
91519750,99964082
91524550,99968610
91529350,99973138
91534150,99977666
91538950,99982194
91543750,99986722
91548550,99991250
91553350,99995778
91558150,100000307
91562950,100004835
91567750,100009363
91572550,100013891
91577350,100018419
91582150,100022947
91586950,100027475
91591750,100032003
91596550,100036531
91601350,100041059
91606150,100045587
91610950,100050115
91615750,100054644
91620550,100059172
91625350,100063700
91630150,100068228
91634950,100072756
91639750,100077284
91644550,100081812
91649350,100086340
91654150,100090868
91658950,100095396
91663750,100099924
91668550,100104453
91673350,100108981
91678150,100113509
91682950,100118037
91687750,100122565
91692550,100127093
91697350,100131621
91702150,100136149
91706950,100140677
91711750,100145205
91716550,100149733
91721350,100154262
91726150,100158790
91730950,100163318
91735750,100167846
91740550,100172374
91745350,100176902
91750150,100181430
91754950,100185958
91759750,100190486
91764550,100195014
91769350,100199542
91774150,100204070
91778950,100208599
91783750,100213127
91788550,100217655
91793350,100222183
91798150,100226711
91802950,100231239
91807750,100235767
91812550,100240295
91817350,100244823
91822150,100249351
91826950,100253879
91831750,100258408
91836550,100262936
91841350,100267464
91846150,100271992
91850950,100276520
91855750,100281048
91860550,100285576
91865350,100290104
91870150,100294632
91874950,100299160
91879750,100303688
91884550,100308217
91889350,100312745
91894150,100317273
91898950,100321801
91903750,100326329
91908550,100330857
91913350,100335385
91918150,100339913
91922950,100344441
91927750,100348969
91932550,100353497
91937350,100358025
91942150,100362554
91946950,100367082
91951750,100371610
91956550,100376138
91961350,100380666
91966150,100385194
91970950,100389722
91975750,100394250
91980550,100398778
91985350,100403306
91990150,100407834
91994950,100412363
91999750,100416891
92004550,100421419
92009350,100425947
92014150,100430475
92018950,100435003
92023750,100439531
92028550,100444059
92033350,100448587
92038150,100453115
92042950,100457643
92047750,100462172
92052550,100466700
92057350,100471228
92062150,100475756
92066950,100480284
92071750,100484812
92076550,100489340
92081350,100493868
92086150,100498396
92090950,100502924
92095750,100507452
92100550,100511981
92105350,100516509
92110150,100521037
92114950,100525565
92119750,100530093
92124550,100534621
92129350,100539149
92134150,100543677
92138950,100548205
92143750,100552733
92148550,100557261
92153350,100561789
92158150,100566318
92162950,100570846
92167750,100575374
92172550,100579902
92177350,100584430
92182150,100588958
92186950,100593486
92191750,100598014
92196550,100602542
92201350,100607070
92206150,100611598
92210950,100616127
92215750,100620655
92220550,100625183
92225350,100629711
92230150,100634239
92234950,100638767
92239750,100643295
92244550,100647823
92249350,100652351
92254150,100656879
92258950,100661407
92263750,100665936
92268550,100670464
92273350,100674992
92278150,100679520
92282950,100684048
92287750,100688576
92292550,100693104
92297350,100697632
92302150,100702160
92306950,100706688
92311750,100711216
92316550,100715744
92321350,100720273
92326150,100724801
92330950,100729329
92335750,100733857
92340550,100738385
92345350,100742913
92350150,100747441
92354950,100751969
92359750,100756497
92364550,100761025
92369350,100765553
92374150,100770082
92378950,100774610
92383750,100779138
92388550,100783666
92393350,100788194
92398150,100792722
92402950,100797250
92407750,100801778
92412550,100806306
92417350,100810834
92422150,100815362
92426950,100819891
92431750,100824419
92436550,100828947
92441350,100833475
92446150,100838003
92450950,100842531
92455750,100847059
92460550,100851587
92465350,100856115
92470150,100860643
92474950,100865171
92479750,100869700
92484550,100874228
92489350,100878756
92494150,100883284
92498950,100887812
92503750,100892340
92508550,100896868
92513350,100901396
92518150,100905924
92522950,100910452
92527750,100914980
92532550,100919508
92537350,100924037
92542150,100928565
92546950,100933093
92551750,100937621
92556550,100942149
92561350,100946677
92566150,100951205
92570950,100955733
92575750,100960261
92580550,100964789
92585350,100969317
92590150,100973846
92594950,100978374
92599750,100982902
92604550,100987430
92609350,100991958
92614150,100996486
92618950,101001014
92623750,101005542
92628550,101010070
92633350,101014598
92638150,101019126
92642950,101023655
92647750,101028183
92652550,101032711
92657350,101037239
92662150,101041767
92666950,101046295
92671750,101050823
92676550,101055351
92681350,101059879
92686150,101064407
92690950,101068935
92695750,101073464
92700550,101077992
92705350,101082520
92710150,101087048
92714950,101091576
92719750,101096104
92724550,101100632
92729350,101105160
92734150,101109688
92738950,101114216
92743750,101118744
92748550,101123272
92753350,101127801
92758150,101132329
92762950,101136857
92767750,101141385
92772550,101145913
92777350,101150441
92782150,101154969
92786950,101159497
92791750,101164025
92796550,101168553
92801350,101173081
92806150,101177610
92810950,101182138
92815750,101186666
92820550,101191194
92825350,101195722
92830150,101200250
92834950,101204778
92839750,101209306
92844550,101213834
92849350,101218362
92854150,101222890
92858950,101227419
92863750,101231947
92868550,101236475
92873350,101241003
92878150,101245531
92882950,101250059
92887750,101254587
92892550,101259115
92897350,101263643
92902150,101268171
92906950,101272699
92911750,101277228
92916550,101281756
92921350,101286284
92926150,101290812
92930950,101295340
92935750,101299868
92940550,101304396
92945350,101308924
92950150,101313452
92954950,101317980
92959750,101322508
92964550,101327037
92969350,101331565
92974150,101336093
92978950,101340621
92983750,101345149
92988550,101349677
92993350,101354205
92998150,101358733
93002950,101363261
93007750,101367789
93012550,101372317
93017350,101376845
93022150,101381374
93026950,101385902
93031750,101390430
93036550,101394958
93041350,101399486
93046150,101404014
93050950,101408542
93055750,101413070
93060550,101417598
93065350,101422126
93070150,101426654
93074950,101431183
93079750,101435711
93084550,101440239
93089350,101444767
93094150,101449295
93098950,101453823
93103750,101458351
93108550,101462879
93113350,101467407
93118150,101471935
93122950,101476463
93127750,101480992
93132550,101485520
93137350,101490048
93142150,101494576
93146950,101499104
93151750,101503632
93156550,101508160
93161350,101512688
93166150,101517216
93170950,101521744
93175750,101526272
93180550,101530801
93185350,101535329
93190150,101539857
93194950,101544385
93199750,101548913
93204550,101553441
93209350,101557969
93214150,101562497
93218950,101567025
93223750,101571553
93228550,101576081
93233350,101580610
93238150,101585138
93242950,101589666
93247750,101594194
93252550,101598722
93257350,101603250
93262150,101607778
93266950,101612306
93271750,101616834
93276550,101621362
93281350,101625890
93286150,101630419
93290950,101634947
93295750,101639475
93300550,101644003
93305350,101648531
93310150,101653059
93314950,101657587
93319750,101662115
93324550,101666643
93329350,101671171
93334150,101675699
93338950,101680227
93343750,101684756
93348550,101689284
93353350,101693812
93358150,101698340
93362950,101702868
93367750,101707396
93372550,101711924
93377350,101716452
93382150,101720980
93386950,101725508
93391750,101730036
93396550,101734565
93401350,101739093
93406150,101743621
93410950,101748149
93415750,101752677
93420550,101757205
93425350,101761733
93430150,101766261
93434950,101770789
93439750,101775317
93444550,101779845
93449350,101784374
93454150,101788902
93458950,101793430
93463750,101797958
93468550,101802486
93473350,101807014
93478150,101811542
93482950,101816070
93487750,101820598
93492550,101825126
93497350,101829654
93502150,101834183
93506950,101838711
93511750,101843239
93516550,101847767
93521350,101852295
93526150,101856823
93530950,101861351
93535750,101865879
93540550,101870407
93545350,101874935
93550150,101879463
93554950,101883992
93559750,101888520
93564550,101893048
93569350,101897576
93574150,101902104
93578950,101906632
93583750,101911160
93588550,101915688
93593350,101920216
93598150,101924744
93602950,101929272
93607750,101933801
93612550,101938329
93617350,101942857
93622150,101947385
93626950,101951913
93631750,101956441
93636550,101960969
93641350,101965497
93646150,101970025
93650950,101974553
93655750,101979081
93660550,101983610
93665350,101988138
93670150,101992666
93674950,101997194
93679750,102001722
93684550,102006250
93689350,102010778
93694150,102015306
93698950,102019834
93703750,102024362
93708550,102028890
93713350,102033418
93718150,102037947
93722950,102042475
93727750,102047003
93732550,102051531
93737350,102056059
93742150,102060587
93746950,102065115
93751750,102069643
93756550,102074171
93761350,102078699
93766150,102083227
93770950,102087756
93775750,102092284
93780550,102096812
93785350,102101340
93790150,102105868
93794950,102110396
93799750,102114924
93804550,102119452
93809350,102123980
93814150,102128508
93818950,102133036
93823750,102137565
93828550,102142093
93833350,102146621
93838150,102151149
93842950,102155677
93847750,102160205
93852550,102164733
93857350,102169261
93862150,102173789
93866950,102178317
93871750,102182845
93876550,102187374
93881350,102191902
93886150,102196430
93890950,102200958
93895750,102205486
93900550,102210014
93905350,102214542
93910150,102219070
93914950,102223598
93919750,102228126
93924550,102232654
93929350,102237183
93934150,102241711
93938950,102246239
93943750,102250767
93948550,102255295
93953350,102259823
93958150,102264351
93962950,102268879
93967750,102273407
93972550,102277935
93977350,102282463
93982150,102286992
93986950,102291520
93991750,102296048
93996550,102300576
94001350,102305104
94006150,102309632
94010950,102314160
94015750,102318688
94020550,102323216
94025350,102327744
94030150,102332272
94034950,102336801
94039750,102341329
94044550,102345857
94049350,102350385
94054150,102354913
94058950,102359441
94063750,102363969
94068550,102368497
94073350,102373025
94078150,102377553
94082950,102382081
94087750,102386609
94092550,102391138
94097350,102395666
94102150,102400194
94106950,102404722
94111750,102409250
94116550,102413778
94121350,102418306
94126150,102422834
94130950,102427362
94135750,102431890
94140550,102436418
94145350,102440947
94150150,102445475
94154950,102450003
94159750,102454531
94164550,102459059
94169350,102463587
94174150,102468115
94178950,102472643
94183750,102477171
94188550,102481699
94193350,102486227
94198150,102490756
94202950,102495284
94207750,102499812
94212550,102504340
94217350,102508868
94222150,102513396
94226950,102517924
94231750,102522452
94236550,102526980
94241350,102531508
94246150,102536036
94250950,102540565
94255750,102545093
94260550,102549621
94265350,102554149
94270150,102558677
94274950,102563205
94279750,102567733
94284550,102572261
94289350,102576789
94294150,102581317
94298950,102585845
94303750,102590374
94308550,102594902
94313350,102599430
94318150,102603958
94322950,102608486
94327750,102613014
94332550,102617542
94337350,102622070
94342150,102626598
94346950,102631126
94351750,102635654
94356550,102640183
94361350,102644711
94366150,102649239
94370950,102653767
94375750,102658295
94380550,102662823
94385350,102667351
94390150,102671879
94394950,102676407
94399750,102680935
94404550,102685463
94409350,102689992
94414150,102694520
94418950,102699048
94423750,102703576
94428550,102708104
94433350,102712632
94438150,102717160
94442950,102721688
94447750,102726216
94452550,102730744
94457350,102735272
94462150,102739800
94466950,102744329
94471750,102748857
94476550,102753385
94481350,102757913
94486150,102762441
94490950,102766969
94495750,102771497
94500550,102776025
94505350,102780553
94510150,102785081
94514950,102789609
94519750,102794138
94524550,102798666
94529350,102803194
94534150,102807722
94538950,102812250
94543750,102816778
94548550,102821306
94553350,102825834
94558150,102830362
94562950,102834890
94567750,102839418
94572550,102843947
94577350,102848475
94582150,102853003
94586950,102857531
94591750,102862059
94596550,102866587
94601350,102871115
94606150,102875643
94610950,102880171
94615750,102884699
94620550,102889227
94625350,102893756
94630150,102898284
94634950,102902812
94639750,102907340
94644550,102911868
94649350,102916396
94654150,102920924
94658950,102925452
94663750,102929980
94668550,102934508
94673350,102939036
94678150,102943565
94682950,102948093
94687750,102952621
94692550,102957149
94697350,102961677
94702150,102966205
94706950,102970733
94711750,102975261
94716550,102979789
94721350,102984317
94726150,102988845
94730950,102993374
94735750,102997902
94740550,103002430
94745350,103006958
94750150,103011486
94754950,103016014
94759750,103020542
94764550,103025070
94769350,103029598
94774150,103034126
94778950,103038654
94783750,103043183
94788550,103047711
94793350,103052239
94798150,103056767
94802950,103061295
94807750,103065823
94812550,103070351
94817350,103074879
94822150,103079407
94826950,103083935
94831750,103088463
94836550,103092992
94841350,103097520
94846150,103102048
94850950,103106576
94855750,103111104
94860550,103115632
94865350,103120160
94870150,103124688
94874950,103129216
94879750,103133744
94884550,103138272
94889350,103142801
94894150,103147329
94898950,103151857
94903750,103156385
94908550,103160913
94913350,103165441
94918150,103169969
94922950,103174497
94927750,103179025
94932550,103183553
94937350,103188081
94942150,103192609
94946950,103197138
94951750,103201666
94956550,103206194
94961350,103210722
94966150,103215250
94970950,103219778
94975750,103224306
94980550,103228834
94985350,103233362
94990150,103237890
94994950,103242418
94999750,103246947
95004550,103251475
95009350,103256003
95014150,103260531
95018950,103265059
95023750,103269587
95028550,103274115
95033350,103278643
95038150,103283171
95042950,103287699
95047750,103292227
95052550,103296756
95057350,103301284
95062150,103305812
95066950,103310340
95071750,103314868
95076550,103319396
95081350,103323924
95086150,103328452
95090950,103332980
95095750,103337508
95100550,103342036
95105350,103346565
95110150,103351093
95114950,103355621
95119750,103360149
95124550,103364677
95129350,103369205
95134150,103373733
95138950,103378261
95143750,103382789
95148550,103387317
95153350,103391845
95158150,103396374
95162950,103400902
95167750,103405430
95172550,103409958
95177350,103414486
95182150,103419014
95186950,103423542
95191750,103428070
95196550,103432598
95201350,103437126
95206150,103441654
95210950,103446183
95215750,103450711
95220550,103455239
95225350,103459767
95230150,103464295
95234950,103468823
95239750,103473351
95244550,103477879
95249350,103482407
95254150,103486935
95258950,103491463
95263750,103495992
95268550,103500520
95273350,103505048
95278150,103509576
95282950,103514104
95287750,103518632
95292550,103523160
95297350,103527688
95302150,103532216
95306950,103536744
95311750,103541272
95316550,103545801
95321350,103550329
95326150,103554857
95330950,103559385
95335750,103563913
95340550,103568441
95345350,103572969
95350150,103577497
95354950,103582025
95359750,103586553
95364550,103591081
95369350,103595609
95374150,103600138
95378950,103604666
95383750,103609194
95388550,103613722
95393350,103618250
95398150,103622778
95402950,103627306
95407750,103631834
95412550,103636362
95417350,103640890
95422150,103645418
95426950,103649947
95431750,103654475
95436550,103659003
95441350,103663531
95446150,103668059
95450950,103672587
95455750,103677115
95460550,103681643
95465350,103686171
95470150,103690699
95474950,103695227
95479750,103699756
95484550,103704284
95489350,103708812
95494150,103713340
95498950,103717868
95503750,103722396
95508550,103726924
95513350,103731452
95518150,103735980
95522950,103740508
95527750,103745036
95532550,103749565
95537350,103754093
95542150,103758621
95546950,103763149
95551750,103767677
95556550,103772205
95561350,103776733
95566150,103781261
95570950,103785789
95575750,103790317
95580550,103794845
95585350,103799374
95590150,103803902
95594950,103808430
95599750,103812958
95604550,103817486
95609350,103822014
95614150,103826542
95618950,103831070
95623750,103835598
95628550,103840126
95633350,103844654
95638150,103849183
95642950,103853711
95647750,103858239
95652550,103862767
95657350,103867295
95662150,103871823
95666950,103876351
95671750,103880879
95676550,103885407
95681350,103889935
95686150,103894463
95690950,103898992
95695750,103903520
95700550,103908048
95705350,103912576
95710150,103917104
95714950,103921632
95719750,103926160
95724550,103930688
95729350,103935216
95734150,103939744
95738950,103944272
95743750,103948801
95748550,103953329
95753350,103957857
95758150,103962385
95762950,103966913
95767750,103971441
95772550,103975969
95777350,103980497
95782150,103985025
95786950,103989553
95791750,103994081
95796550,103998609
95801350,104003138
95806150,104007666
95810950,104012194
95815750,104016722
95820550,104021250
95825350,104025778
95830150,104030306
95834950,104034834
95839750,104039362
95844550,104043890
95849350,104048418
95854150,104052947
95858950,104057475
95863750,104062003
95868550,104066531
95873350,104071059
95878150,104075587
95882950,104080115
95887750,104084643
95892550,104089171
95897350,104093699
95902150,104098227
95906950,104102756
95911750,104107284
95916550,104111812
95921350,104116340
95926150,104120868
95930950,104125396
95935750,104129924
95940550,104134452
95945350,104138980
95950150,104143508
95954950,104148036
95959750,104152565
95964550,104157093
95969350,104161621
95974150,104166149
95978950,104170677
95983750,104175205
95988550,104179733
95993350,104184261
95998150,104188789
96002950,104193317
96007750,104197845
96012550,104202374
96017350,104206902
96022150,104211430
96026950,104215958
96031750,104220486
96036550,104225014
96041350,104229542
96046150,104234070
96050950,104238598
96055750,104243126
96060550,104247654
96065350,104252183
96070150,104256711
96074950,104261239
96079750,104265767
96084550,104270295
96089350,104274823
96094150,104279351
96098950,104283879
96103750,104288407
96108550,104292935
96113350,104297463
96118150,104301992
96122950,104306520
96127750,104311048
96132550,104315576
96137350,104320104
96142150,104324632
96146950,104329160
96151750,104333688
96156550,104338216
96161350,104342744
96166150,104347272
96170950,104351801
96175750,104356329
96180550,104360857
96185350,104365385
96190150,104369913
96194950,104374441
96199750,104378969
96204550,104383497
96209350,104388025
96214150,104392553
96218950,104397081
96223750,104401610
96228550,104406138
96233350,104410666
96238150,104415194
96242950,104419722
96247750,104424250
96252550,104428778
96257350,104433306
96262150,104437834
96266950,104442362
96271750,104446890
96276550,104451418
96281350,104455947
96286150,104460475
96290950,104465003
96295750,104469531
96300550,104474059
96305350,104478587
96310150,104483115
96314950,104487643
96319750,104492171
96324550,104496699
96329350,104501227
96334150,104505756
96338950,104510284
96343750,104514812
96348550,104519340
96353350,104523868
96358150,104528396
96362950,104532924
96367750,104537452
96372550,104541980
96377350,104546508
96382150,104551036
96386950,104555565
96391750,104560093
96396550,104564621
96401350,104569149
96406150,104573677
96410950,104578205
96415750,104582733
96420550,104587261
96425350,104591789
96430150,104596317
96434950,104600845
96439750,104605374
96444550,104609902
96449350,104614430
96454150,104618958
96458950,104623486
96463750,104628014
96468550,104632542
96473350,104637070
96478150,104641598
96482950,104646126
96487750,104650654
96492550,104655183
96497350,104659711
96502150,104664239
96506950,104668767
96511750,104673295
96516550,104677823
96521350,104682351
96526150,104686879
96530950,104691407
96535750,104695935
96540550,104700463
96545350,104704992
96550150,104709520
96554950,104714048
96559750,104718576
96564550,104723104
96569350,104727632
96574150,104732160
96578950,104736688
96583750,104741216
96588550,104745744
96593350,104750272
96598150,104754801
96602950,104759329
96607750,104763857
96612550,104768385
96617350,104772913
96622150,104777441
96626950,104781969
96631750,104786497
96636550,104791025
96641350,104795553
96646150,104800081
96650950,104804610
96655750,104809138
96660550,104813666
96665350,104818194
96670150,104822722
96674950,104827250
96679750,104831778
96684550,104836306
96689350,104840834
96694150,104845362
96698950,104849890
96703750,104854418
96708550,104858947
96713350,104863475
96718150,104868003
96722950,104872531
96727750,104877059
96732550,104881587
96737350,104886115
96742150,104890643
96746950,104895171
96751750,104899699
96756550,104904227
96761350,104908756
96766150,104913284
96770950,104917812
96775750,104922340
96780550,104926868
96785350,104931396
96790150,104935924
96794950,104940452
96799750,104944980
96804550,104949508
96809350,104954036
96814150,104958565
96818950,104963093
96823750,104967621
96828550,104972149
96833350,104976677
96838150,104981205
96842950,104985733
96847750,104990261
96852550,104994789
96857350,104999317
96862150,105003845
96866950,105008374
96871750,105012902
96876550,105017430
96881350,105021958
96886150,105026486
96890950,105031014
96895750,105035542
96900550,105040070
96905350,105044598
96910150,105049126
96914950,105053654
96919750,105058183
96924550,105062711
96929350,105067239
96934150,105071767
96938950,105076295
96943750,105080823
96948550,105085351
96953350,105089879
96958150,105094407
96962950,105098935
96967750,105103463
96972550,105107992
96977350,105112520
96982150,105117048
96986950,105121576
96991750,105126104
96996550,105130632
97001350,105135160
97006150,105139688
97010950,105144216
97015750,105148744
97020550,105153272
97025350,105157801
97030150,105162329
97034950,105166857
97039750,105171385
97044550,105175913
97049350,105180441
97054150,105184969
97058950,105189497
97063750,105194025
97068550,105198553
97073350,105203081
97078150,105207610
97082950,105212138
97087750,105216666
97092550,105221194
97097350,105225722
97102150,105230250
97106950,105234778
97111750,105239306
97116550,105243834
97121350,105248362
97126150,105252890
97130950,105257419
97135750,105261947
97140550,105266475
97145350,105271003
97150150,105275531
97154950,105280059
97159750,105284587
97164550,105289115
97169350,105293643
97174150,105298171
97178950,105302699
97183750,105307227
97188550,105311756
97193350,105316284
97198150,105320812
97202950,105325340
97207750,105329868
97212550,105334396
97217350,105338924
97222150,105343452
97226950,105347980
97231750,105352508
97236550,105357036
97241350,105361565
97246150,105366093
97250950,105370621
97255750,105375149
97260550,105379677
97265350,105384205
97270150,105388733
97274950,105393261
97279750,105397789
97284550,105402317
97289350,105406845
97294150,105411374
97298950,105415902
97303750,105420430
97308550,105424958
97313350,105429486
97318150,105434014
97322950,105438542
97327750,105443070
97332550,105447598
97337350,105452126
97342150,105456654
97346950,105461183
97351750,105465711
97356550,105470239
97361350,105474767
97366150,105479295
97370950,105483823
97375750,105488351
97380550,105492879
97385350,105497407
97390150,105501935
97394950,105506463
97399750,105510992
97404550,105515520
97409350,105520048
97414150,105524576
97418950,105529104
97423750,105533632
97428550,105538160
97433350,105542688
97438150,105547216
97442950,105551744
97447750,105556272
97452550,105560801
97457350,105565329
97462150,105569857
97466950,105574385
97471750,105578913
97476550,105583441
97481350,105587969
97486150,105592497
97490950,105597025
97495750,105601553
97500550,105606081
97505350,105610610
97510150,105615138
97514950,105619666
97519750,105624194
97524550,105628722
97529350,105633250
97534150,105637778
97538950,105642306
97543750,105646834
97548550,105651362
97553350,105655890
97558150,105660419
97562950,105664947
97567750,105669475
97572550,105674003
97577350,105678531
97582150,105683059
97586950,105687587
97591750,105692115
97596550,105696643
97601350,105701171
97606150,105705699
97610950,105710228
97615750,105714756
97620550,105719284
97625350,105723812
97630150,105728340
97634950,105732868
97639750,105737396
97644550,105741924
97649350,105746452
97654150,105750980
97658950,105755508
97663750,105760037
97668550,105764565
97673350,105769093
97678150,105773621
97682950,105778149
97687750,105782677
97692550,105787205
97697350,105791733
97702150,105796261
97706950,105800789
97711750,105805317
97716550,105809846
97721350,105814374
97726150,105818902
97730950,105823430
97735750,105827958
97740550,105832486
97745350,105837014
97750150,105841542
97754950,105846070
97759750,105850598
97764550,105855126
97769350,105859654
97774150,105864183
97778950,105868711
97783750,105873239
97788550,105877767
97793350,105882295
97798150,105886823
97802950,105891351
97807750,105895879
97812550,105900407
97817350,105904935
97822150,105909463
97826950,105913992
97831750,105918520
97836550,105923048
97841350,105927576
97846150,105932104
97850950,105936632
97855750,105941160
97860550,105945688
97865350,105950216
97870150,105954744
97874950,105959272
97879750,105963801
97884550,105968329
97889350,105972857
97894150,105977385
97898950,105981913
97903750,105986441
97908550,105990969
97913350,105995497
97918150,106000025
97922950,106004553
97927750,106009081
97932550,106013610
97937350,106018138
97942150,106022666
97946950,106027194
97951750,106031722
97956550,106036250
97961350,106040778
97966150,106045306
97970950,106049834
97975750,106054362
97980550,106058890
97985350,106063419
97990150,106067947
97994950,106072475
97999750,106077003
98004550,106081531
98009350,106086059
98014150,106090587
98018950,106095115
98023750,106099643
98028550,106104171
98033350,106108699
98038150,106113228
98042950,106117756
98047750,106122284
98052550,106126812
98057350,106131340
98062150,106135868
98066950,106140396
98071750,106144924
98076550,106149452
98081350,106153980
98086150,106158508
98090950,106163037
98095750,106167565
98100550,106172093
98105350,106176621
98110150,106181149
98114950,106185677
98119750,106190205
98124550,106194733
98129350,106199261
98134150,106203789
98138950,106208317
98143750,106212846
98148550,106217374
98153350,106221902
98158150,106226430
98162950,106230958
98167750,106235486
98172550,106240014
98177350,106244542
98182150,106249070
98186950,106253598
98191750,106258126
98196550,106262655
98201350,106267183
98206150,106271711
98210950,106276239
98215750,106280767
98220550,106285295
98225350,106289823
98230150,106294351
98234950,106298879
98239750,106303407
98244550,106307935
98249350,106312464
98254150,106316992
98258950,106321520
98263750,106326048
98268550,106330576
98273350,106335104
98278150,106339632
98282950,106344160
98287750,106348688
98292550,106353216
98297350,106357744
98302150,106362273
98306950,106366801
98311750,106371329
98316550,106375857
98321350,106380385
98326150,106384913
98330950,106389441
98335750,106393969
98340550,106398497
98345350,106403025
98350150,106407553
98354950,106412082
98359750,106416610
98364550,106421138
98369350,106425666
98374150,106430194
98378950,106434722
98383750,106439250
98388550,106443778
98393350,106448306
98398150,106452834
98402950,106457362
98407750,106461891
98412550,106466419
98417350,106470947
98422150,106475475
98426950,106480003
98431750,106484531
98436550,106489059
98441350,106493587
98446150,106498115
98450950,106502643
98455750,106507171
98460550,106511700
98465350,106516228
98470150,106520756
98474950,106525284
98479750,106529812
98484550,106534340
98489350,106538868
98494150,106543396
98498950,106547924
98503750,106552452
98508550,106556980
98513350,106561509
98518150,106566037
98522950,106570565
98527750,106575093
98532550,106579621
98537350,106584149
98542150,106588677
98546950,106593205
98551750,106597733
98556550,106602261
98561350,106606789
98566150,106611318
98570950,106615846
98575750,106620374
98580550,106624902
98585350,106629430
98590150,106633958
98594950,106638486
98599750,106643014
98604550,106647542
98609350,106652070
98614150,106656598
98618950,106661127
98623750,106665655
98628550,106670183
98633350,106674711
98638150,106679239
98642950,106683767
98647750,106688295
98652550,106692823
98657350,106697351
98662150,106701879
98666950,106706407
98671750,106710936
98676550,106715464
98681350,106719992
98686150,106724520
98690950,106729048
98695750,106733576
98700550,106738104
98705350,106742632
98710150,106747160
98714950,106751688
98719750,106756216
98724550,106760745
98729350,106765273
98734150,106769801
98738950,106774329
98743750,106778857
98748550,106783385
98753350,106787913
98758150,106792441
98762950,106796969
98767750,106801497
98772550,106806025
98777350,106810554
98782150,106815082
98786950,106819610
98791750,106824138
98796550,106828666
98801350,106833194
98806150,106837722
98810950,106842250
98815750,106846778
98820550,106851306
98825350,106855834
98830150,106860363
98834950,106864891
98839750,106869419
98844550,106873947
98849350,106878475
98854150,106883003
98858950,106887531
98863750,106892059
98868550,106896587
98873350,106901115
98878150,106905643
98882950,106910172
98887750,106914700
98892550,106919228
98897350,106923756
98902150,106928284
98906950,106932812
98911750,106937340
98916550,106941868
98921350,106946396
98926150,106950924
98930950,106955452
98935750,106959981
98940550,106964509
98945350,106969037
98950150,106973565
98954950,106978093
98959750,106982621
98964550,106987149
98969350,106991677
98974150,106996205
98978950,107000733
98983750,107005261
98988550,107009789
98993350,107014318
98998150,107018846
99002950,107023374
99007750,107027902
99012550,107032430
99017350,107036958
99022150,107041486
99026950,107046014
99031750,107050542
99036550,107055070
99041350,107059599
99046150,107064127
99050950,107068655
99055750,107073183
99060550,107077711
99065350,107082239
99070150,107086767
99074950,107091295
99079750,107095823
99084550,107100351
99089350,107104879
99094150,107109407
99098950,107113936
99103750,107118464
99108550,107122992
99113350,107127520
99118150,107132048
99122950,107136576
99127750,107141104
99132550,107145632
99137350,107150160
99142150,107154688
99146950,107159216
99151750,107163745
99156550,107168273
99161350,107172801
99166150,107177329
99170950,107181857
99175750,107186385
99180550,107190913
99185350,107195441
99190150,107199969
99194950,107204497
99199750,107209025
99204550,107213554
99209350,107218082
99214150,107222610
99218950,107227138
99223750,107231666
99228550,107236194
99233350,107240722
99238150,107245250
99242950,107249778
99247750,107254306
99252550,107258834
99257350,107263363
99262150,107267891
99266950,107272419
99271750,107276947
99276550,107281475
99281350,107286003
99286150,107290531
99290950,107295059
99295750,107299587
99300550,107304115
99305350,107308643
99310150,107313172
99314950,107317700
99319750,107322228
99324550,107326756
99329350,107331284
99334150,107335812
99338950,107340340
99343750,107344868
99348550,107349396
99353350,107353924
99358150,107358452
99362950,107362981
99367750,107367509
99372550,107372037
99377350,107376565
99382150,107381093
99386950,107385621
99391750,107390149
99396550,107394677
99401350,107399205
99406150,107403733
99410950,107408261
99415750,107412790
99420550,107417318
99425350,107421846
99430150,107426374
99434950,107430902
99439750,107435430
99444550,107439958
99449350,107444486
99454150,107449014
99458950,107453542
99463750,107458070
99468550,107462599
99473350,107467127
99478150,107471655
99482950,107476183
99487750,107480711
99492550,107485239
99497350,107489767
99502150,107494295
99506950,107498823
99511750,107503351
99516550,107507879
99521350,107512408
99526150,107516936
99530950,107521464
99535750,107525992
99540550,107530520
99545350,107535048
99550150,107539576
99554950,107544104
99559750,107548632
99564550,107553160
99569350,107557688
99574150,107562217
99578950,107566745
99583750,107571273
99588550,107575801
99593350,107580329
99598150,107584857
99602950,107589385
99607750,107593913
99612550,107598441
99617350,107602969
99622150,107607497
99626950,107612026
99631750,107616554
99636550,107621082
99641350,107625610
99646150,107630138
99650950,107634666
99655750,107639194
99660550,107643722
99665350,107648250
99670150,107652778
99674950,107657306
99679750,107661835
99684550,107666363
99689350,107670891
99694150,107675419
99698950,107679947
99703750,107684475
99708550,107689003
99713350,107693531
99718150,107698059
99722950,107702587
99727750,107707115
99732550,107711644
99737350,107716172
99742150,107720700
99746950,107725228
99751750,107729756
99756550,107734284
99761350,107738812
99766150,107743340
99770950,107747868
99775750,107752396
99780550,107756924
99785350,107761453
99790150,107765981
99794950,107770509
99799750,107775037
99804550,107779565
99809350,107784093
99814150,107788621
99818950,107793149
99823750,107797677
99828550,107802205
99833350,107806733
99838150,107811262
99842950,107815790
99847750,107820318
99852550,107824846
99857350,107829374
99862150,107833902
99866950,107838430
99871750,107842958
99876550,107847486
99881350,107852014
99886150,107856542
99890950,107861071
99895750,107865599
99900550,107870127
99905350,107874655
99910150,107879183
99914950,107883711
99919750,107888239
99924550,107892767
99929350,107897295
99934150,107901823
99938950,107906351
99943750,107910880
99948550,107915408
99953350,107919936
99958150,107924464
99962950,107928992
99967750,107933520
99972550,107938048
99977350,107942576
99982150,107947104
99986950,107951632
99991750,107956160
99996550,107960689
100001350,107965217
100006150,107969745
100010950,107974273
100015750,107978801
100020550,107983329
100025350,107987857
100030150,107992385
100034950,107996913
100039750,108001441
100044550,108005969
100049350,108010498
100054150,108015026
100058950,108019554
100063750,108024082
100068550,108028610
100073350,108033138
100078150,108037666
100082950,108042194
100087750,108046722
100092550,108051250
100097350,108055778
100102150,108060307
100106950,108064835
100111750,108069363
100116550,108073891
100121350,108078419
100126150,108082947
100130950,108087475
100135750,108092003
100140550,108096531
100145350,108101059
100150150,108105587
100154950,108110116
100159750,108114644
100164550,108119172
100169350,108123700
100174150,108128228
100178950,108132756
100183750,108137284
100188550,108141812
100193350,108146340
100198150,108150868
100202950,108155396
100207750,108159925
100212550,108164453
100217350,108168981
100222150,108173509
100226950,108178037
100231750,108182565
100236550,108187093
100241350,108191621
100246150,108196149
100250950,108200677
100255750,108205205
100260550,108209734
100265350,108214262
100270150,108218790
100274950,108223318
100279750,108227846
100284550,108232374
100289350,108236902
100294150,108241430
100298950,108245958
100303750,108250486
100308550,108255014
100313350,108259543
100318150,108264071
100322950,108268599
100327750,108273127
100332550,108277655
100337350,108282183
100342150,108286711
100346950,108291239
100351750,108295767
100356550,108300295
100361350,108304823
100366150,108309352
100370950,108313880
100375750,108318408
100380550,108322936
100385350,108327464
100390150,108331992
100394950,108336520
100399750,108341048
100404550,108345576
100409350,108350104
100414150,108354632
100418950,108359161
100423750,108363689
100428550,108368217
100433350,108372745
100438150,108377273
100442950,108381801
100447750,108386329
100452550,108390857
100457350,108395385
100462150,108399913
100466950,108404441
100471750,108408970
100476550,108413498
100481350,108418026
100486150,108422554
100490950,108427082
100495750,108431610
100500550,108436138
100505350,108440666
100510150,108445194
100514950,108449722
100519750,108454250
100524550,108458779
100529350,108463307
100534150,108467835
100538950,108472363
100543750,108476891
100548550,108481419
100553350,108485947
100558150,108490475
100562950,108495003
100567750,108499531
100572550,108504059
100577350,108508588
100582150,108513116
100586950,108517644
100591750,108522172
100596550,108526700
100601350,108531228
100606150,108535756
100610950,108540284
100615750,108544812
100620550,108549340
100625350,108553868
100630150,108558397
100634950,108562925
100639750,108567453
100644550,108571981
100649350,108576509
100654150,108581037
100658950,108585565
100663750,108590093
100668550,108594621
100673350,108599149
100678150,108603677
100682950,108608206
100687750,108612734
100692550,108617262
100697350,108621790
100702150,108626318
100706950,108630846
100711750,108635374
100716550,108639902
100721350,108644430
100726150,108648958
100730950,108653486
100735750,108658015
100740550,108662543
100745350,108667071
100750150,108671599
100754950,108676127
100759750,108680655
100764550,108685183
100769350,108689711
100774150,108694239
100778950,108698767
100783750,108703295
100788550,108707824
100793350,108712352
100798150,108716880
100802950,108721408
100807750,108725936
100812550,108730464
100817350,108734992
100822150,108739520
100826950,108744048
100831750,108748576
100836550,108753104
100841350,108757633
100846150,108762161
100850950,108766689
100855750,108771217
100860550,108775745
100865350,108780273
100870150,108784801
100874950,108789329
100879750,108793857
100884550,108798385
100889350,108802913
100894150,108807442
100898950,108811970
100903750,108816498
100908550,108821026
100913350,108825554
100918150,108830082
100922950,108834610
100927750,108839138
100932550,108843666
100937350,108848194
100942150,108852722
100946950,108857251
100951750,108861779
100956550,108866307
100961350,108870835
100966150,108875363
100970950,108879891
100975750,108884419
100980550,108888947
100985350,108893475
100990150,108898003
100994950,108902531
100999750,108907060
101004550,108911588
101009350,108916116
101014150,108920644
101018950,108925172
101023750,108929700
101028550,108934228
101033350,108938756
101038150,108943284
101042950,108947812
101047750,108952340
101052550,108956869
101057350,108961397
101062150,108965925
101066950,108970453
101071750,108974981
101076550,108979509
101081350,108984037
101086150,108988565
101090950,108993093
101095750,108997621
101100550,109002149
101105350,109006678
101110150,109011206
101114950,109015734
101119750,109020262
101124550,109024790
101129350,109029318
101134150,109033846
101138950,109038374
101143750,109042902
101148550,109047430
101153350,109051958
101158150,109056487
101162950,109061015
101167750,109065543
101172550,109070071
101177350,109074599
101182150,109079127
101186950,109083655
101191750,109088183
101196550,109092711
101201350,109097239
101206150,109101767
101210950,109106296
101215750,109110824
101220550,109115352
101225350,109119880
101230150,109124408
101234950,109128936
101239750,109133464
101244550,109137992
101249350,109142520
101254150,109147048
101258950,109151576
101263750,109156105
101268550,109160633
101273350,109165161
101278150,109169689
101282950,109174217
101287750,109178745
101292550,109183273
101297350,109187801
101302150,109192329
101306950,109196857
101311750,109201385
101316550,109205914
101321350,109210442
101326150,109214970
101330950,109219498
101335750,109224026
101340550,109228554
101345350,109233082
101350150,109237610
101354950,109242138
101359750,109246666
101364550,109251194
101369350,109255723
101374150,109260251
101378950,109264779
101383750,109269307
101388550,109273835
101393350,109278363
101398150,109282891
101402950,109287419
101407750,109291947
101412550,109296475
101417350,109301003
101422150,109305532
101426950,109310060
101431750,109314588
101436550,109319116
101441350,109323644
101446150,109328172
101450950,109332700
101455750,109337228
101460550,109341756
101465350,109346284
101470150,109350813
101474950,109355341
101479750,109359869
101484550,109364397
101489350,109368925
101494150,109373453
101498950,109377981
101503750,109382509
101508550,109387037
101513350,109391565
101518150,109396093
101522950,109400622
101527750,109405150
101532550,109409678
101537350,109414206
101542150,109418734
101546950,109423262
101551750,109427790
101556550,109432318
101561350,109436846
101566150,109441374
101570950,109445902
101575750,109450431
101580550,109454959
101585350,109459487
101590150,109464015
101594950,109468543
101599750,109473071
101604550,109477599
101609350,109482127
101614150,109486655
101618950,109491183
101623750,109495711
101628550,109500240
101633350,109504768
101638150,109509296
101642950,109513824
101647750,109518352
101652550,109522880
101657350,109527408
101662150,109531936
101666950,109536464
101671750,109540992
101676550,109545520
101681350,109550049
101686150,109554577
101690950,109559105
101695750,109563633
101700550,109568161
101705350,109572689
101710150,109577217
101714950,109581745
101719750,109586273
101724550,109590801
101729350,109595329
101734150,109599858
101738950,109604386
101743750,109608914
101748550,109613442
101753350,109617970
101758150,109622498
101762950,109627026
101767750,109631554
101772550,109636082
101777350,109640610
101782150,109645138
101786950,109649667
101791750,109654195
101796550,109658723
101801350,109663251
101806150,109667779
101810950,109672307
101815750,109676835
101820550,109681363
101825350,109685891
101830150,109690419
101834950,109694947
101839750,109699476
101844550,109704004
101849350,109708532
101854150,109713060
101858950,109717588
101863750,109722116
101868550,109726644
101873350,109731172
101878150,109735700
101882950,109740228
101887750,109744756
101892550,109749285
101897350,109753813
101902150,109758341
101906950,109762869
101911750,109767397
101916550,109771925
101921350,109776453
101926150,109780981
101930950,109785509
101935750,109790037
101940550,109794565
101945350,109799094
101950150,109803622
101954950,109808150
101959750,109812678
101964550,109817206
101969350,109821734
101974150,109826262
101978950,109830790
101983750,109835318
101988550,109839846
101993350,109844375
101998150,109848903
102002950,109853431
102007750,109857959
102012550,109862487
102017350,109867015
102022150,109871543
102026950,109876071
102031750,109880599
102036550,109885127
102041350,109889655
102046150,109894184
102050950,109898712
102055750,109903240
102060550,109907768
102065350,109912296
102070150,109916824
102074950,109921352
102079750,109925880
102084550,109930408
102089350,109934936
102094150,109939464
102098950,109943993
102103750,109948521
102108550,109953049
102113350,109957577
102118150,109962105
102122950,109966633
102127750,109971161
102132550,109975689
102137350,109980217
102142150,109984745
102146950,109989273
102151750,109993802
102156550,109998330
102161350,110002858
102166150,110007386
102170950,110011914
102175750,110016442
102180550,110020970
102185350,110025498
102190150,110030026
102194950,110034554
102199750,110039082
102204550,110043611
102209350,110048139
102214150,110052667
102218950,110057195
102223750,110061723
102228550,110066251
102233350,110070779
102238150,110075307
102242950,110079835
102247750,110084363
102252550,110088891
102257350,110093420
102262150,110097948
102266950,110102476
102271750,110107004
102276550,110111532
102281350,110116060
102286150,110120588
102290950,110125116
102295750,110129644
102300550,110134172
102305350,110138700
102310150,110143229
102314950,110147757
102319750,110152285
102324550,110156813
102329350,110161341
102334150,110165869
102338950,110170397
102343750,110174925
102348550,110179453
102353350,110183981
102358150,110188509
102362950,110193038
102367750,110197566
102372550,110202094
102377350,110206622
102382150,110211150
102386950,110215678
102391750,110220206
102396550,110224734
102401350,110229262
102406150,110233790
102410950,110238319
102415750,110242847
102420550,110247375
102425350,110251903
102430150,110256431
102434950,110260959
102439750,110265487
102444550,110270015
102449350,110274543
102454150,110279071
102458950,110283599
102463750,110288128
102468550,110292656
102473350,110297184
102478150,110301712
102482950,110306240
102487750,110310768
102492550,110315296
102497350,110319824
102502150,110324352
102506950,110328880
102511750,110333408
102516550,110337937
102521350,110342465
102526150,110346993
102530950,110351521
102535750,110356049
102540550,110360577
102545350,110365105
102550150,110369633
102554950,110374161
102559750,110378689
102564550,110383217
102569350,110387746
102574150,110392274
102578950,110396802
102583750,110401330
102588550,110405858
102593350,110410386
102598150,110414914
102602950,110419442
102607750,110423970
102612550,110428498
102617350,110433026
102622150,110437555
102626950,110442083
102631750,110446611
102636550,110451139
102641350,110455667
102646150,110460195
102650950,110464723
102655750,110469251
102660550,110473779
102665350,110478307
102670150,110482835
102674950,110487364
102679750,110491892
102684550,110496420
102689350,110500948
102694150,110505476
102698950,110510004
102703750,110514532
102708550,110519060
102713350,110523588
102718150,110528116
102722950,110532645
102727750,110537173
102732550,110541701
102737350,110546229
102742150,110550757
102746950,110555285
102751750,110559813
102756550,110564341
102761350,110568869
102766150,110573397
102770950,110577925
102775750,110582454
102780550,110586982
102785350,110591510
102790150,110596038
102794950,110600566
102799750,110605094
102804550,110609622
102809350,110614150
102814150,110618678
102818950,110623206
102823750,110627734
102828550,110632263
102833350,110636791
102838150,110641319
102842950,110645847
102847750,110650375
102852550,110654903
102857350,110659431
102862150,110663959
102866950,110668487
102871750,110673015
102876550,110677543
102881350,110682072
102886150,110686600
102890950,110691128
102895750,110695656
102900550,110700184
102905350,110704712
102910150,110709240
102914950,110713768
102919750,110718296
102924550,110722824
102929350,110727352
102934150,110731881
102938950,110736409
102943750,110740937
102948550,110745465
102953350,110749993
102958150,110754521
102962950,110759049
102967750,110763577
102972550,110768105
102977350,110772633
102982150,110777161
102986950,110781690
102991750,110786218
102996550,110790746
103001350,110795274
103006150,110799802
103010950,110804330
103015750,110808858
103020550,110813386
103025350,110817914
103030150,110822442
103034950,110826971
103039750,110831499
103044550,110836027
103049350,110840555
103054150,110845083
103058950,110849611
103063750,110854139
103068550,110858667
103073350,110863195
103078150,110867723
103082950,110872251
103087750,110876780
103092550,110881308
103097350,110885836
103102150,110890364
103106950,110894892
103111750,110899420
103116550,110903948
103121350,110908476
103126150,110913004
103130950,110917532
103135750,110922060
103140550,110926589
103145350,110931117
103150150,110935645
103154950,110940173
103159750,110944701
103164550,110949229
103169350,110953757
103174150,110958285
103178950,110962813
103183750,110967341
103188550,110971869
103193350,110976398
103198150,110980926
103202950,110985454
103207750,110989982
103212550,110994510
103217350,110999038
103222150,111003566
103226950,111008094
103231750,111012622
103236550,111017150
103241350,111021678
103246150,111026207
103250950,111030735
103255750,111035263
103260550,111039791
103265350,111044319
103270150,111048847
103274950,111053375
103279750,111057903
103284550,111062431
103289350,111066959
103294150,111071487
103298950,111076016
103303750,111080544
103308550,111085072
103313350,111089600
103318150,111094128
103322950,111098656
103327750,111103184
103332550,111107712
103337350,111112240
103342150,111116768
103346950,111121296
103351750,111125825
103356550,111130353
103361350,111134881
103366150,111139409
103370950,111143937
103375750,111148465
103380550,111152993
103385350,111157521
103390150,111162049
103394950,111166577
103399750,111171106
103404550,111175634
103409350,111180162
103414150,111184690
103418950,111189218
103423750,111193746
103428550,111198274
103433350,111202802
103438150,111207330
103442950,111211858
103447750,111216386
103452550,111220915
103457350,111225443
103462150,111229971
103466950,111234499
103471750,111239027
103476550,111243555
103481350,111248083
103486150,111252611
103490950,111257139
103495750,111261667
103500550,111266195
103505350,111270724
103510150,111275252
103514950,111279780
103519750,111284308
103524550,111288836
103529350,111293364
103534150,111297892
103538950,111302420
103543750,111306948
103548550,111311476
103553350,111316004
103558150,111320533
103562950,111325061
103567750,111329589
103572550,111334117
103577350,111338645
103582150,111343173
103586950,111347701
103591750,111352229
103596550,111356757
103601350,111361285
103606150,111365813
103610950,111370342
103615750,111374870
103620550,111379398
103625350,111383926
103630150,111388454
103634950,111392982
103639750,111397510
103644550,111402038
103649350,111406566
103654150,111411094
103658950,111415623
103663750,111420151
103668550,111424679
103673350,111429207
103678150,111433735
103682950,111438263
103687750,111442791
103692550,111447319
103697350,111451847
103702150,111456375
103706950,111460903
103711750,111465432
103716550,111469960
103721350,111474488
103726150,111479016
103730950,111483544
103735750,111488072
103740550,111492600
103745350,111497128
103750150,111501656
103754950,111506184
103759750,111510712
103764550,111515241
103769350,111519769
103774150,111524297
103778950,111528825
103783750,111533353
103788550,111537881
103793350,111542409
103798150,111546937
103802950,111551465
103807750,111555993
103812550,111560521
103817350,111565050
103822150,111569578
103826950,111574106
103831750,111578634
103836550,111583162
103841350,111587690
103846150,111592218
103850950,111596746
103855750,111601274
103860550,111605802
103865350,111610330
103870150,111614859
103874950,111619387
103879750,111623915
103884550,111628443
103889350,111632971
103894150,111637499
103898950,111642027
103903750,111646555
103908550,111651083
103913350,111655611
103918150,111660140
103922950,111664668
103927750,111669196
103932550,111673724
103937350,111678252
103942150,111682780
103946950,111687308
103951750,111691836
103956550,111696364
103961350,111700892
103966150,111705420
103970950,111709949
103975750,111714477
103980550,111719005
103985350,111723533
103990150,111728061
103994950,111732589
103999750,111737117
104004550,111741645
104009350,111746173
104014150,111750701
104018950,111755229
104023750,111759758
104028550,111764286
104033350,111768814
104038150,111773342
104042950,111777870
104047750,111782398
104052550,111786926
104057350,111791454
104062150,111795982
104066950,111800510
104071750,111805038
104076550,111809567
104081350,111814095
104086150,111818623
104090950,111823151
104095750,111827679
104100550,111832207
104105350,111836735
104110150,111841263
104114950,111845791
104119750,111850319
104124550,111854847
104129350,111859376
104134150,111863904
104138950,111868432
104143750,111872960
104148550,111877488
104153350,111882016
104158150,111886544
104162950,111891072
104167750,111895600
104172550,111900128
104177350,111904657
104182150,111909185
104186950,111913713
104191750,111918241
104196550,111922769
104201350,111927297
104206150,111931825
104210950,111936353
104215750,111940881
104220550,111945409
104225350,111949937
104230150,111954466
104234950,111958994
104239750,111963522
104244550,111968050
104249350,111972578
104254150,111977106
104258950,111981634
104263750,111986162
104268550,111990690
104273350,111995218
104278150,111999746
104282950,112004275
104287750,112008803
104292550,112013331
104297350,112017859
104302150,112022387
104306950,112026915
104311750,112031443
104316550,112035971
104321350,112040499
104326150,112045027
104330950,112049555
104335750,112054084
104340550,112058612
104345350,112063140
104350150,112067668
104354950,112072196
104359750,112076724
104364550,112081252
104369350,112085780
104374150,112090308
104378950,112094836
104383750,112099365
104388550,112103893
104393350,112108421
104398150,112112949
104402950,112117477
104407750,112122005
104412550,112126533
104417350,112131061
104422150,112135589
104426950,112140117
104431750,112144645
104436550,112149174
104441350,112153702
104446150,112158230
104450950,112162758
104455750,112167286
104460550,112171814
104465350,112176342
104470150,112180870
104474950,112185398
104479750,112189926
104484550,112194454
104489350,112198983
104494150,112203511
104498950,112208039
104503750,112212567
104508550,112217095
104513350,112221623
104518150,112226151
104522950,112230679
104527750,112235207
104532550,112239735
104537350,112244263
104542150,112248792
104546950,112253320
104551750,112257848
104556550,112262376
104561350,112266904
104566150,112271432
104570950,112275960
104575750,112280488
104580550,112285016
104585350,112289544
104590150,112294073
104594950,112298601
104599750,112303129
104604550,112307657
104609350,112312185
104614150,112316713
104618950,112321241
104623750,112325769
104628550,112330297
104633350,112334825
104638150,112339353
104642950,112343882
104647750,112348410
104652550,112352938
104657350,112357466
104662150,112361994
104666950,112366522
104671750,112371050
104676550,112375578
104681350,112380106
104686150,112384634
104690950,112389162
104695750,112393691
104700550,112398219
104705350,112402747
104710150,112407275
104714950,112411803
104719750,112416331
104724550,112420859
104729350,112425387
104734150,112429915
104738950,112434443
104743750,112438971
104748550,112443500
104753350,112448028
104758150,112452556
104762950,112457084
104767750,112461612
104772550,112466140
104777350,112470668
104782150,112475196
104786950,112479724
104791750,112484252
104796550,112488780
104801350,112493309
104806150,112497837
104810950,112502365
104815750,112506893
104820550,112511421
104825350,112515949
104830150,112520477
104834950,112525005
104839750,112529533
104844550,112534061
104849350,112538590
104854150,112543118
104858950,112547646
104863750,112552174
104868550,112556702
104873350,112561230
104878150,112565758
104882950,112570286
104887750,112574814
104892550,112579342
104897350,112583870
104902150,112588399
104906950,112592927
104911750,112597455
104916550,112601983
104921350,112606511
104926150,112611039
104930950,112615567
104935750,112620095
104940550,112624623
104945350,112629151
104950150,112633679
104954950,112638208
104959750,112642736
104964550,112647264
104969350,112651792
104974150,112656320
104978950,112660848
104983750,112665376
104988550,112669904
104993350,112674432
104998150,112678960
105002950,112683488
105007750,112688017
105012550,112692545
105017350,112697073
105022150,112701601
105026950,112706129
105031750,112710657
105036550,112715185
105041350,112719713
105046150,112724241
105050950,112728769
105055750,112733298
105060550,112737826
105065350,112742354
105070150,112746882
105074950,112751410
105079750,112755938
105084550,112760466
105089350,112764994
105094150,112769522
105098950,112774050
105103750,112778578
105108550,112783107
105113350,112787635
105118150,112792163
105122950,112796691
105127750,112801219
105132550,112805747
105137350,112810275
105142150,112814803
105146950,112819331
105151750,112823859
105156550,112828387
105161350,112832916
105166150,112837444
105170950,112841972
105175750,112846500
105180550,112851028
105185350,112855556
105190150,112860084
105194950,112864612
105199750,112869140
105204550,112873668
105209350,112878196
105214150,112882725
105218950,112887253
105223750,112891781
105228550,112896309
105233350,112900837
105238150,112905365
105242950,112909893
105247750,112914421
105252550,112918949
105257350,112923477
105262150,112928006
105266950,112932534
105271750,112937062
105276550,112941590
105281350,112946118
105286150,112950646
105290950,112955174
105295750,112959702
105300550,112964230
105305350,112968758
105310150,112973286
105314950,112977815
105319750,112982343
105324550,112986871
105329350,112991399
105334150,112995927
105338950,113000455
105343750,113004983
105348550,113009511
105353350,113014039
105358150,113018567
105362950,113023095
105367750,113027624
105372550,113032152
105377350,113036680
105382150,113041208
105386950,113045736
105391750,113050264
105396550,113054792
105401350,113059320
105406150,113063848
105410950,113068376
105415750,113072904
105420550,113077433
105425350,113081961
105430150,113086489
105434950,113091017
105439750,113095545
105444550,113100073
105449350,113104601
105454150,113109129
105458950,113113657
105463750,113118185
105468550,113122714
105473350,113127242
105478150,113131770
105482950,113136298
105487750,113140826
105492550,113145354
105497350,113149882
105502150,113154410
105506950,113158938
105511750,113163466
105516550,113167994
105521350,113172523
105526150,113177051
105530950,113181579
105535750,113186107
105540550,113190635
105545350,113195163
105550150,113199691
105554950,113204219
105559750,113208747
105564550,113213275
105569350,113217803
105574150,113222332
105578950,113226860
105583750,113231388
105588550,113235916
105593350,113240444
105598150,113244972
105602950,113249500
105607750,113254028
105612550,113258556
105617350,113263084
105622150,113267612
105626950,113272141
105631750,113276669
105636550,113281197
105641350,113285725
105646150,113290253
105650950,113294781
105655750,113299309
105660550,113303837
105665350,113308365
105670150,113312893
105674950,113317422
105679750,113321950
105684550,113326478
105689350,113331006
105694150,113335534
105698950,113340062
105703750,113344590
105708550,113349118
105713350,113353646
105718150,113358174
105722950,113362702
105727750,113367231
105732550,113371759
105737350,113376287
105742150,113380815
105746950,113385343
105751750,113389871
105756550,113394399
105761350,113398927
105766150,113403455
105770950,113407983
105775750,113412511
105780550,113417040
105785350,113421568
105790150,113426096
105794950,113430624
105799750,113435152
105804550,113439680
105809350,113444208
105814150,113448736
105818950,113453264
105823750,113457792
105828550,113462320
105833350,113466849
105838150,113471377
105842950,113475905
105847750,113480433
105852550,113484961
105857350,113489489
105862150,113494017
105866950,113498545
105871750,113503073
105876550,113507601
105881350,113512130
105886150,113516658
105890950,113521186
105895750,113525714
105900550,113530242
105905350,113534770
105910150,113539298
105914950,113543826
105919750,113548354
105924550,113552882
105929350,113557410
105934150,113561939
105938950,113566467
105943750,113570995
105948550,113575523
105953350,113580051
105958150,113584579
105962950,113589107
105967750,113593635
105972550,113598163
105977350,113602691
105982150,113607219
105986950,113611748
105991750,113616276
105996550,113620804
106001350,113625332
106006150,113629860
106010950,113634388
106015750,113638916
106020550,113643444
106025350,113647972
106030150,113652500
106034950,113657029
106039750,113661557
106044550,113666085
106049350,113670613
106054150,113675141
106058950,113679669
106063750,113684197
106068550,113688725
106073350,113693253
106078150,113697781
106082950,113702309
106087750,113706838
106092550,113711366
106097350,113715894
106102150,113720422
106106950,113724950
106111750,113729478
106116550,113734006
106121350,113738534
106126150,113743062
106130950,113747590
106135750,113752118
106140550,113756647
106145350,113761175
106150150,113765703
106154950,113770231
106159750,113774759
106164550,113779287
106169350,113783815
106174150,113788343
106178950,113792871
106183750,113797399
106188550,113801928
106193350,113806456
106198150,113810984
106202950,113815512
106207750,113820040
106212550,113824568
106217350,113829096
106222150,113833624
106226950,113838152
106231750,113842680
106236550,113847208
106241350,113851737
106246150,113856265
106250950,113860793
106255750,113865321
106260550,113869849
106265350,113874377
106270150,113878905
106274950,113883433
106279750,113887961
106284550,113892489
106289350,113897017
106294150,113901546
106298950,113906074
106303750,113910602
106308550,113915130
106313350,113919658
106318150,113924186
106322950,113928714
106327750,113933242
106332550,113937770
106337350,113942298
106342150,113946827
106346950,113951355
106351750,113955883
106356550,113960411
106361350,113964939
106366150,113969467
106370950,113973995
106375750,113978523
106380550,113983051
106385350,113987579
106390150,113992107
106394950,113996636
106399750,114001164
106404550,114005692
106409350,114010220
106414150,114014748
106418950,114019276
106423750,114023804
106428550,114028332
106433350,114032860
106438150,114037388
106442950,114041916
106447750,114046445
106452550,114050973
106457350,114055501
106462150,114060029
106466950,114064557
106471750,114069085
106476550,114073613
106481350,114078141
106486150,114082669
106490950,114087197
106495750,114091726
106500550,114096254
106505350,114100782
106510150,114105310
106514950,114109838
106519750,114114366
106524550,114118894
106529350,114123422
106534150,114127950
106538950,114132478
106543750,114137006
106548550,114141535
106553350,114146063
106558150,114150591
106562950,114155119
106567750,114159647
106572550,114164175
106577350,114168703
106582150,114173231
106586950,114177759
106591750,114182287
106596550,114186815
106601350,114191344
106606150,114195872
106610950,114200400
106615750,114204928
106620550,114209456
106625350,114213984
106630150,114218512
106634950,114223040
106639750,114227568
106644550,114232096
106649350,114236625
106654150,114241153
106658950,114245681
106663750,114250209
106668550,114254737
106673350,114259265
106678150,114263793
106682950,114268321
106687750,114272849
106692550,114277377
106697350,114281905
106702150,114286434
106706950,114290962
106711750,114295490
106716550,114300018
106721350,114304546
106726150,114309074
106730950,114313602
106735750,114318130
106740550,114322658
106745350,114327186
106750150,114331714
106754950,114336243
106759750,114340771
106764550,114345299
106769350,114349827
106774150,114354355
106778950,114358883
106783750,114363411
106788550,114367939
106793350,114372467
106798150,114376995
106802950,114381524
106807750,114386052
106812550,114390580
106817350,114395108
106822150,114399636
106826950,114404164
106831750,114408692
106836550,114413220
106841350,114417748
106846150,114422276
106850950,114426804
106855750,114431333
106860550,114435861
106865350,114440389
106870150,114444917
106874950,114449445
106879750,114453973
106884550,114458501
106889350,114463029
106894150,114467557
106898950,114472085
106903750,114476614
106908550,114481142
106913350,114485670
106918150,114490198
106922950,114494726
106927750,114499254
106932550,114503782
106937350,114508310
106942150,114512838
106946950,114517366
106951750,114521894
106956550,114526423
106961350,114530951
106966150,114535479
106970950,114540007
106975750,114544535
106980550,114549063
106985350,114553591
106990150,114558119
106994950,114562647
106999750,114567175
107004550,114571704
107009350,114576232
107014150,114580760
107018950,114585288
107023750,114589816
107028550,114594344
107033350,114598872
107038150,114603400
107042950,114607928
107047750,114612456
107052550,114616984
107057350,114621513
107062150,114626041
107066950,114630569
107071750,114635097
107076550,114639625
107081350,114644153
107086150,114648681
107090950,114653209
107095750,114657737
107100550,114662265
107105350,114666793
107110150,114671322
107114950,114675850
107119750,114680378
107124550,114684906
107129350,114689434
107134150,114693962
107138950,114698490
107143750,114703018
107148550,114707546
107153350,114712074
107158150,114716603
107162950,114721131
107167750,114725659
107172550,114730187
107177350,114734715
107182150,114739243
107186950,114743771
107191750,114748299
107196550,114752827
107201350,114757355
107206150,114761883
107210950,114766412
107215750,114770940
107220550,114775468
107225350,114779996
107230150,114784524
107234950,114789052
107239750,114793580
107244550,114798108
107249350,114802636
107254150,114807164
107258950,114811693
107263750,114816221
107268550,114820749
107273350,114825277
107278150,114829805
107282950,114834333
107287750,114838861
107292550,114843389
107297350,114847917
107302150,114852445
107306950,114856973
107311750,114861502
107316550,114866030
107321350,114870558
107326150,114875086
107330950,114879614
107335750,114884142
107340550,114888670
107345350,114893198
107350150,114897726
107354950,114902254
107359750,114906783
107364550,114911311
107369350,114915839
107374150,114920367
107378950,114924895
107383750,114929423
107388550,114933951
107393350,114938479
107398150,114943007
107402950,114947535
107407750,114952063
107412550,114956592
107417350,114961120
107422150,114965648
107426950,114970176
107431750,114974704
107436550,114979232
107441350,114983760
107446150,114988288
107450950,114992816
107455750,114997344
107460550,115001873
107465350,115006401
107470150,115010929
107474950,115015457
107479750,115019985
107484550,115024513
107489350,115029041
107494150,115033569
107498950,115038097
107503750,115042625
107508550,115047153
107513350,115051682
107518150,115056210
107522950,115060738
107527750,115065266
107532550,115069794
107537350,115074322
107542150,115078850
107546950,115083378
107551750,115087906
107556550,115092434
107561350,115096962
107566150,115101491
107570950,115106019
107575750,115110547
107580550,115115075
107585350,115119603
107590150,115124131
107594950,115128659
107599750,115133187
107604550,115137715
107609350,115142243
107614150,115146772
107618950,115151300
107623750,115155828
107628550,115160356
107633350,115164884
107638150,115169412
107642950,115173940
107647750,115178468
107652550,115182996
107657350,115187524
107662150,115192052
107666950,115196581
107671750,115201109
107676550,115205637
107681350,115210165
107686150,115214693
107690950,115219221
107695750,115223749
107700550,115228277
107705350,115232805
107710150,115237333
107714950,115241862
107719750,115246390
107724550,115250918
107729350,115255446
107734150,115259974
107738950,115264502
107743750,115269030
107748550,115273558
107753350,115278086
107758150,115282614
107762950,115287142
107767750,115291671
107772550,115296199
107777350,115300727
107782150,115305255
107786950,115309783
107791750,115314311
107796550,115318839
107801350,115323367
107806150,115327895
107810950,115332423
107815750,115336952
107820550,115341480
107825350,115346008
107830150,115350536
107834950,115355064
107839750,115359592
107844550,115364120
107849350,115368648
107854150,115373176
107858950,115377704
107863750,115382232
107868550,115386761
107873350,115391289
107878150,115395817
107882950,115400345
107887750,115404873
107892550,115409401
107897350,115413929
107902150,115418457
107906950,115422985
107911750,115427513
107916550,115432042
107921350,115436570
107926150,115441098
107930950,115445626
107935750,115450154
107940550,115454682
107945350,115459210
107950150,115463738
107954950,115468266
107959750,115472794
107964550,115477322
107969350,115481851
107974150,115486379
107978950,115490907
107983750,115495435
107988550,115499963
107993350,115504491
107998150,115509019
108002950,115513547
108007750,115518075
108012550,115522603
108017350,115527132
108022150,115531660
108026950,115536188
108031750,115540716
108036550,115545244
108041350,115549772
108046150,115554300
108050950,115558828
108055750,115563356
108060550,115567884
108065350,115572412
108070150,115576941
108074950,115581469
108079750,115585997
108084550,115590525
108089350,115595053
108094150,115599581
108098950,115604109
108103750,115608637
108108550,115613165
108113350,115617693
108118150,115622222
108122950,115626750
108127750,115631278
108132550,115635806
108137350,115640334
108142150,115644862
108146950,115649390
108151750,115653918
108156550,115658446
108161350,115662974
108166150,115667502
108170950,115672031
108175750,115676559
108180550,115681087
108185350,115685615
108190150,115690143
108194950,115694671
108199750,115699199
108204550,115703727
108209350,115708255
108214150,115712783
108218950,115717312
108223750,115721840
108228550,115726368
108233350,115730896
108238150,115735424
108242950,115739952
108247750,115744480
108252550,115749008
108257350,115753536
108262150,115758064
108266950,115762592
108271750,115767121
108276550,115771649
108281350,115776177
108286150,115780705
108290950,115785233
108295750,115789761
108300550,115794289
108305350,115798817
108310150,115803345
108314950,115807873
108319750,115812402
108324550,115816930
108329350,115821458
108334150,115825986
108338950,115830514
108343750,115835042
108348550,115839570
108353350,115844098
108358150,115848626
108362950,115853154
108367750,115857682
108372550,115862211
108377350,115866739
108382150,115871267
108386950,115875795
108391750,115880323
108396550,115884851
108401350,115889379
108406150,115893907
108410950,115898435
108415750,115902963
108420550,115907492
108425350,115912020
108430150,115916548
108434950,115921076
108439750,115925604
108444550,115930132
108449350,115934660
108454150,115939188
108458950,115943716
108463750,115948244
108468550,115952772
108473350,115957301
108478150,115961829
108482950,115966357
108487750,115970885
108492550,115975413
108497350,115979941
108502150,115984469
108506950,115988997
108511750,115993525
108516550,115998053
108521350,116002582
108526150,116007110
108530950,116011638
108535750,116016166
108540550,116020694
108545350,116025222
108550150,116029750
108554950,116034278
108559750,116038806
108564550,116043334
108569350,116047862
108574150,116052391
108578950,116056919
108583750,116061447
108588550,116065975
108593350,116070503
108598150,116075031
108602950,116079559
108607750,116084087
108612550,116088615
108617350,116093143
108622150,116097672
108626950,116102200
108631750,116106728
108636550,116111256
108641350,116115784
108646150,116120312
108650950,116124840
108655750,116129368
108660550,116133896
108665350,116138424
108670150,116142952
108674950,116147481
108679750,116152009
108684550,116156537
108689350,116161065
108694150,116165593
108698950,116170121
108703750,116174649
108708550,116179177
108713350,116183705
108718150,116188233
108722950,116192762
108727750,116197290
108732550,116201818
108737350,116206346
108742150,116210874
108746950,116215402
108751750,116219930
108756550,116224458
108761350,116228986
108766150,116233514
108770950,116238042
108775750,116242571
108780550,116247099
108785350,116251627
108790150,116256155
108794950,116260683
108799750,116265211
108804550,116269739
108809350,116274267
108814150,116278795
108818950,116283323
108823750,116287852
108828550,116292380
108833350,116296908
108838150,116301436
108842950,116305964
108847750,116310492
108852550,116315020
108857350,116319548
108862150,116324076
108866950,116328604
108871750,116333132
108876550,116337661
108881350,116342189
108886150,116346717
108890950,116351245
108895750,116355773
108900550,116360301
108905350,116364829
108910150,116369357
108914950,116373885
108919750,116378413
108924550,116382942
108929350,116387470
108934150,116391998
108938950,116396526
108943750,116401054
108948550,116405582
108953350,116410110
108958150,116414638
108962950,116419166
108967750,116423694
108972550,116428222
108977350,116432751
108982150,116437279
108986950,116441807
108991750,116446335
108996550,116450863
109001350,116455391
109006150,116459919
109010950,116464447
109015750,116468975
109020550,116473503
109025350,116478032
109030150,116482560
109034950,116487088
109039750,116491616
109044550,116496144
109049350,116500672
109054150,116505200
109058950,116509728
109063750,116514256
109068550,116518784
109073350,116523312
109078150,116527841
109082950,116532369
109087750,116536897
109092550,116541425
109097350,116545953
109102150,116550481
109106950,116555009
109111750,116559537
109116550,116564065
109121350,116568593
109126150,116573122
109130950,116577650
109135750,116582178
109140550,116586706
109145350,116591234
109150150,116595762
109154950,116600290
109159750,116604818
109164550,116609346
109169350,116613874
109174150,116618402
109178950,116622931
109183750,116627459
109188550,116631987
109193350,116636515
109198150,116641043
109202950,116645571
109207750,116650099
109212550,116654627
109217350,116659155
109222150,116663683
109226950,116668212
109231750,116672740
109236550,116677268
109241350,116681796
109246150,116686324
109250950,116690852
109255750,116695380
109260550,116699908
109265350,116704436
109270150,116708964
109274950,116713492
109279750,116718021
109284550,116722549
109289350,116727077
109294150,116731605
109298950,116736133
109303750,116740661
109308550,116745189
109313350,116749717
109318150,116754245
109322950,116758773
109327750,116763302
109332550,116767830
109337350,116772358
109342150,116776886
109346950,116781414
109351750,116785942
109356550,116790470
109361350,116794998
109366150,116799526
109370950,116804054
109375750,116808582
109380550,116813111
109385350,116817639
109390150,116822167
109394950,116826695
109399750,116831223
109404550,116835751
109409350,116840279
109414150,116844807
109418950,116849335
109423750,116853863
109428550,116858392
109433350,116862920
109438150,116867448
109442950,116871976
109447750,116876504
109452550,116881032
109457350,116885560
109462150,116890088
109466950,116894616
109471750,116899144
109476550,116903673
109481350,116908201
109486150,116912729
109490950,116917257
109495750,116921785
109500550,116926313
109505350,116930841
109510150,116935369
109514950,116939897
109519750,116944425
109524550,116948953
109529350,116953482
109534150,116958010
109538950,116962538
109543750,116967066
109548550,116971594
109553350,116976122
109558150,116980650
109562950,116985178
109567750,116989706
109572550,116994234
109577350,116998763
109582150,117003291
109586950,117007819
109591750,117012347
109596550,117016875
109601350,117021403
109606150,117025931
109610950,117030459
109615750,117034987
109620550,117039515
109625350,117044043
109630150,117048572
109634950,117053100
109639750,117057628
109644550,117062156
109649350,117066684
109654150,117071212
109658950,117075740
109663750,117080268
109668550,117084796
109673350,117089324
109678150,117093853
109682950,117098381
109687750,117102909
109692550,117107437
109697350,117111965
109702150,117116493
109706950,117121021
109711750,117125549
109716550,117130077
109721350,117134605
109726150,117139133
109730950,117143662
109735750,117148190
109740550,117152718
109745350,117157246
109750150,117161774
109754950,117166302
109759750,117170830
109764550,117175358
109769350,117179886
109774150,117184414
109778950,117188943
109783750,117193471
109788550,117197999
109793350,117202527
109798150,117207055
109802950,117211583
109807750,117216111
109812550,117220639
109817350,117225167
109822150,117229695
109826950,117234223
109831750,117238752
109836550,117243280
109841350,117247808
109846150,117252336
109850950,117256864
109855750,117261392
109860550,117265920
109865350,117270448
109870150,117274976
109874950,117279504
109879750,117284033
109884550,117288561
109889350,117293089
109894150,117297617
109898950,117302145
109903750,117306673
109908550,117311201
109913350,117315729
109918150,117320257
109922950,117324785
109927750,117329314
109932550,117333842
109937350,117338370
109942150,117342898
109946950,117347426
109951750,117351954
109956550,117356482
109961350,117361010
109966150,117365538
109970950,117370066
109975750,117374594
109980550,117379123
109985350,117383651
109990150,117388179
109994950,117392707
109999750,117397235
110004550,117401763
110009350,117406291
110014150,117410819
110018950,117415347
110023750,117419875
110028550,117424404
110033350,117428932
110038150,117433460
110042950,117437988
110047750,117442516
110052550,117447044
110057350,117451572
110062150,117456100
110066950,117460628
110071750,117465156
110076550,117469684
110081350,117474213
110086150,117478741
110090950,117483269
110095750,117487797
110100550,117492325
110105350,117496853
110110150,117501381
110114950,117505909
110119750,117510437
110124550,117514965
110129350,117519494
110134150,117524022
110138950,117528550
110143750,117533078
110148550,117537606
110153350,117542134
110158150,117546662
110162950,117551190
110167750,117555718
110172550,117560246
110177350,117564775
110182150,117569303
110186950,117573831
110191750,117578359
110196550,117582887
110201350,117587415
110206150,117591943
110210950,117596471
110215750,117600999
110220550,117605527
110225350,117610055
110230150,117614584
110234950,117619112
110239750,117623640
110244550,117628168
110249350,117632696
110254150,117637224
110258950,117641752
110263750,117646280
110268550,117650808
110273350,117655336
110278150,117659865
110282950,117664393
110287750,117668921
110292550,117673449
110297350,117677977
110302150,117682505
110306950,117687033
110311750,117691561
110316550,117696089
110321350,117700617
110326150,117705145
110330950,117709674
110335750,117714202
110340550,117718730
110345350,117723258
110350150,117727786
110354950,117732314
110359750,117736842
110364550,117741370
110369350,117745898
110374150,117750426
110378950,117754955
110383750,117759483
110388550,117764011
110393350,117768539
110398150,117773067
110402950,117777595
110407750,117782123
110412550,117786651
110417350,117791179
110422150,117795707
110426950,117800236
110431750,117804764
110436550,117809292
110441350,117813820
110446150,117818348
110450950,117822876
110455750,117827404
110460550,117831932
110465350,117836460
110470150,117840988
110474950,117845516
110479750,117850045
110484550,117854573
110489350,117859101
110494150,117863629
110498950,117868157
110503750,117872685
110508550,117877213
110513350,117881741
110518150,117886269
110522950,117890797
110527750,117895326
110532550,117899854
110537350,117904382
110542150,117908910
110546950,117913438
110551750,117917966
110556550,117922494
110561350,117927022
110566150,117931550
110570950,117936078
110575750,117940607
110580550,117945135
110585350,117949663
110590150,117954191
110594950,117958719
110599750,117963247
110604550,117967775
110609350,117972303
110614150,117976831
110618950,117981359
110623750,117985887
110628550,117990416
110633350,117994944
110638150,117999472
110642950,118004000
110647750,118008528
110652550,118013056
110657350,118017584
110662150,118022112
110666950,118026640
110671750,118031168
110676550,118035697
110681350,118040225
110686150,118044753
110690950,118049281
110695750,118053809
110700550,118058337
110705350,118062865
110710150,118067393
110714950,118071921
110719750,118076449
110724550,118080978
110729350,118085506
110734150,118090034
110738950,118094562
110743750,118099090
110748550,118103618
110753350,118108146
110758150,118112674
110762950,118117202
110767750,118121730
110772550,118126258
110777350,118130787
110782150,118135315
110786950,118139843
110791750,118144371
110796550,118148899
110801350,118153427
110806150,118157955
110810950,118162483
110815750,118167011
110820550,118171539
110825350,118176068
110830150,118180596
110834950,118185124
110839750,118189652
110844550,118194180
110849350,118198708
110854150,118203236
110858950,118207764
110863750,118212292
110868550,118216820
110873350,118221349
110878150,118225877
110882950,118230405
110887750,118234933
110892550,118239461
110897350,118243989
110902150,118248517
110906950,118253045
110911750,118257573
110916550,118262101
110921350,118266629
110926150,118271158
110930950,118275686
110935750,118280214
110940550,118284742
110945350,118289270
110950150,118293798
110954950,118298326
110959750,118302854
110964550,118307382
110969350,118311910
110974150,118316439
110978950,118320967
110983750,118325495
110988550,118330023
110993350,118334551
110998150,118339079
111002950,118343607
111007750,118348135
111012550,118352663
111017350,118357191
111022150,118361720
111026950,118366248
111031750,118370776
111036550,118375304
111041350,118379832
111046150,118384360
111050950,118388888
111055750,118393416
111060550,118397944
111065350,118402472
111070150,118407000
111074950,118411529
111079750,118416057
111084550,118420585
111089350,118425113
111094150,118429641
111098950,118434169
111103750,118438697
111108550,118443225
111113350,118447753
111118150,118452281
111122950,118456810
111127750,118461338
111132550,118465866
111137350,118470394
111142150,118474922
111146950,118479450
111151750,118483978
111156550,118488506
111161350,118493034
111166150,118497562
111170950,118502091
111175750,118506619
111180550,118511147
111185350,118515675
111190150,118520203
111194950,118524731
111199750,118529259
111204550,118533787
111209350,118538315
111214150,118542843
111218950,118547372
111223750,118551900
111228550,118556428
111233350,118560956
111238150,118565484
111242950,118570012
111247750,118574540
111252550,118579068
111257350,118583596
111262150,118588124
111266950,118592652
111271750,118597181
111276550,118601709
111281350,118606237
111286150,118610765
111290950,118615293
111295750,118619821
111300550,118624349
111305350,118628877
111310150,118633405
111314950,118637933
111319750,118642462
111324550,118646990
111329350,118651518
111334150,118656046
111338950,118660574
111343750,118665102
111348550,118669630
111353350,118674158
111358150,118678686
111362950,118683214
111367750,118687743
111372550,118692271
111377350,118696799
111382150,118701327
111386950,118705855
111391750,118710383
111396550,118714911
111401350,118719439
111406150,118723967
111410950,118728495
111415750,118733024
111420550,118737552
111425350,118742080
111430150,118746608
111434950,118751136
111439750,118755664
111444550,118760192
111449350,118764720
111454150,118769248
111458950,118773776
111463750,118778304
111468550,118782833
111473350,118787361
111478150,118791889
111482950,118796417
111487750,118800945
111492550,118805473
111497350,118810001
111502150,118814529
111506950,118819057
111511750,118823585
111516550,118828114
111521350,118832642
111526150,118837170
111530950,118841698
111535750,118846226
111540550,118850754
111545350,118855282
111550150,118859810
111554950,118864338
111559750,118868866
111564550,118873395
111569350,118877923
111574150,118882451
111578950,118886979
111583750,118891507
111588550,118896035
111593350,118900563
111598150,118905091
111602950,118909619
111607750,118914147
111612550,118918676
111617350,118923204
111622150,118927732
111626950,118932260
111631750,118936788
111636550,118941316
111641350,118945844
111646150,118950372
111650950,118954900
111655750,118959428
111660550,118963956
111665350,118968485
111670150,118973013
111674950,118977541
111679750,118982069
111684550,118986597
111689350,118991125
111694150,118995653
111698950,119000181
111703750,119004709
111708550,119009237
111713350,119013766
111718150,119018294
111722950,119022822
111727750,119027350
111732550,119031878
111737350,119036406
111742150,119040934
111746950,119045462
111751750,119049990
111756550,119054518
111761350,119059047
111766150,119063575
111770950,119068103
111775750,119072631
111780550,119077159
111785350,119081687
111790150,119086215
111794950,119090743
111799750,119095271
111804550,119099799
111809350,119104328
111814150,119108856
111818950,119113384
111823750,119117912
111828550,119122440
111833350,119126968
111838150,119131496
111842950,119136024
111847750,119140552
111852550,119145080
111857350,119149608
111862150,119154137
111866950,119158665
111871750,119163193
111876550,119167721
111881350,119172249
111886150,119176777
111890950,119181305
111895750,119185833
111900550,119190361
111905350,119194889
111910150,119199418
111914950,119203946
111919750,119208474
111924550,119213002
111929350,119217530
111934150,119222058
111938950,119226586
111943750,119231114
111948550,119235642
111953350,119240170
111958150,119244699
111962950,119249227
111967750,119253755
111972550,119258283
111977350,119262811
111982150,119267339
111986950,119271867
111991750,119276395
111996550,119280923
112001350,119285451
112006150,119289980
112010950,119294508
112015750,119299036
112020550,119303564
112025350,119308092
112030150,119312620
112034950,119317148
112039750,119321676
112044550,119326204
112049350,119330732
112054150,119335260
112058950,119339789
112063750,119344317
112068550,119348845
112073350,119353373
112078150,119357901
112082950,119362429
112087750,119366957
112092550,119371485
112097350,119376013
112102150,119380541
112106950,119385070
112111750,119389598
112116550,119394126
112121350,119398654
112126150,119403182
112130950,119407710
112135750,119412238
112140550,119416766
112145350,119421294
112150150,119425822
112154950,119430351
112159750,119434879
112164550,119439407
112169350,119443935
112174150,119448463
112178950,119452991
112183750,119457519
112188550,119462047
112193350,119466575
112198150,119471103
112202950,119475632
112207750,119480160
112212550,119484688
112217350,119489216
112222150,119493744
112226950,119498272
112231750,119502800
112236550,119507328
112241350,119511856
112246150,119516384
112250950,119520912
112255750,119525441
112260550,119529969
112265350,119534497
112270150,119539025
112274950,119543553
112279750,119548081
112284550,119552609
112289350,119557137
112294150,119561665
112298950,119566193
112303750,119570722
112308550,119575250
112313350,119579778
112318150,119584306
112322950,119588834
112327750,119593362
112332550,119597890
112337350,119602418
112342150,119606946
112346950,119611474
112351750,119616003
112356550,119620531
112361350,119625059
112366150,119629587
112370950,119634115
112375750,119638643
112380550,119643171
112385350,119647699
112390150,119652227
112394950,119656755
112399750,119661284
112404550,119665812
112409350,119670340
112414150,119674868
112418950,119679396
112423750,119683924
112428550,119688452
112433350,119692980
112438150,119697508
112442950,119702036
112447750,119706564
112452550,119711093
112457350,119715621
112462150,119720149
112466950,119724677
112471750,119729205
112476550,119733733
112481350,119738261
112486150,119742789
112490950,119747317
112495750,119751845
112500550,119756374
112505350,119760902
112510150,119765430
112514950,119769958
112519750,119774486
112524550,119779014
112529350,119783542
112534150,119788070
112538950,119792598
112543750,119797126
112548550,119801655
112553350,119806183
112558150,119810711
112562950,119815239
112567750,119819767
112572550,119824295
112577350,119828823
112582150,119833351
112586950,119837879
112591750,119842407
112596550,119846936
112601350,119851464
112606150,119855992
112610950,119860520
112615750,119865048
112620550,119869576
112625350,119874104
112630150,119878632
112634950,119883160
112639750,119887688
112644550,119892217
112649350,119896745
112654150,119901273
112658950,119905801
112663750,119910329
112668550,119914857
112673350,119919385
112678150,119923913
112682950,119928441
112687750,119932969
112692550,119937497
112697350,119942026
112702150,119946554
112706950,119951082
112711750,119955610
112716550,119960138
112721350,119964666
112726150,119969194
112730950,119973722
112735750,119978250
112740550,119982778
112745350,119987307
112750150,119991835
112754950,119996363
112759750,120000891
112764550,120005419
112769350,120009947
112774150,120014475
112778950,120019003
112783750,120023531
112788550,120028059
112793350,120032588
112798150,120037116
112802950,120041644
112807750,120046172
112812550,120050700
112817350,120055228
112822150,120059756
112826950,120064284
112831750,120068812
112836550,120073340
112841350,120077869
112846150,120082397
112850950,120086925
112855750,120091453
112860550,120095981
112865350,120100509
112870150,120105037
112874950,120109565
112879750,120114093
112884550,120118621
112889350,120123150
112894150,120127678
112898950,120132206
112903750,120136734
112908550,120141262
112913350,120145790
112918150,120150318
112922950,120154846
112927750,120159374
112932550,120163902
112937350,120168430
112942150,120172959
112946950,120177487
112951750,120182015
112956550,120186543
112961350,120191071
112966150,120195599
112970950,120200127
112975750,120204655
112980550,120209183
112985350,120213711
112990150,120218240
112994950,120222768
112999750,120227296
113004550,120231824
113009350,120236352
113014150,120240880
113018950,120245408
113023750,120249936
113028550,120254464
113033350,120258992
113038150,120263521
113042950,120268049
113047750,120272577
113052550,120277105
113057350,120281633
113062150,120286161
113066950,120290689
113071750,120295217
113076550,120299745
113081350,120304273
113086150,120308802
113090950,120313330
113095750,120317858
113100550,120322386
113105350,120326914
113110150,120331442
113114950,120335970
113119750,120340498
113124550,120345026
113129350,120349554
113134150,120354083
113138950,120358611
113143750,120363139
113148550,120367667
113153350,120372195
113158150,120376723
113162950,120381251
113167750,120385779
113172550,120390307
113177350,120394835
113182150,120399363
113186950,120403892
113191750,120408420
113196550,120412948
113201350,120417476
113206150,120422004
113210950,120426532
113215750,120431060
113220550,120435588
113225350,120440116
113230150,120444644
113234950,120449173
113239750,120453701
113244550,120458229
113249350,120462757
113254150,120467285
113258950,120471813
113263750,120476341
113268550,120480869
113273350,120485397
113278150,120489925
113282950,120494454
113287750,120498982
113292550,120503510
113297350,120508038
113302150,120512566
113306950,120517094
113311750,120521622
113316550,120526150
113321350,120530678
113326150,120535206
113330950,120539735
113335750,120544263
113340550,120548791
113345350,120553319
113350150,120557847
113354950,120562375
113359750,120566903
113364550,120571431
113369350,120575959
113374150,120580487
113378950,120585016
113383750,120589544
113388550,120594072
113393350,120598600
113398150,120603128
113402950,120607656
113407750,120612184
113412550,120616712
113417350,120621240
113422150,120625768
113426950,120630297
113431750,120634825
113436550,120639353
113441350,120643881
113446150,120648409
113450950,120652937
113455750,120657465
113460550,120661993
113465350,120666521
113470150,120671049
113474950,120675577
113479750,120680106
113484550,120684634
113489350,120689162
113494150,120693690
113498950,120698218
113503750,120702746
113508550,120707274
113513350,120711802
113518150,120716330
113522950,120720858
113527750,120725387
113532550,120729915
113537350,120734443
113542150,120738971
113546950,120743499
113551750,120748027
113556550,120752555
113561350,120757083
113566150,120761611
113570950,120766139
113575750,120770668
113580550,120775196
113585350,120779724
113590150,120784252
113594950,120788780
113599750,120793308
113604550,120797836
113609350,120802364
113614150,120806892
113618950,120811420
113623750,120815949
113628550,120820477
113633350,120825005
113638150,120829533
113642950,120834061
113647750,120838589
113652550,120843117
113657350,120847645
113662150,120852173
113666950,120856701
113671750,120861230
113676550,120865758
113681350,120870286
113686150,120874814
113690950,120879342
113695750,120883870
113700550,120888398
113705350,120892926
113710150,120897454
113714950,120901982
113719750,120906511
113724550,120911039
113729350,120915567
113734150,120920095
113738950,120924623
113743750,120929151
113748550,120933679
113753350,120938207
113758150,120942735
113762950,120947263
113767750,120951792
113772550,120956320
113777350,120960848
113782150,120965376
113786950,120969904
113791750,120974432
113796550,120978960
113801350,120983488
113806150,120988016
113810950,120992544
113815750,120997072
113820550,121001601
113825350,121006129
113830150,121010657
113834950,121015185
113839750,121019713
113844550,121024241
113849350,121028769
113854150,121033297
113858950,121037825
113863750,121042353
113868550,121046882
113873350,121051410
113878150,121055938
113882950,121060466
113887750,121064994
113892550,121069522
113897350,121074050
113902150,121078578
113906950,121083106
113911750,121087634
113916550,121092163
113921350,121096691
113926150,121101219
113930950,121105747
113935750,121110275
113940550,121114803
113945350,121119331
113950150,121123859
113954950,121128387
113959750,121132915
113964550,121137444
113969350,121141972
113974150,121146500
113978950,121151028
113983750,121155556
113988550,121160084
113993350,121164612
113998150,121169140
114002950,121173668
114007750,121178196
114012550,121182725
114017350,121187253
114022150,121191781
114026950,121196309
114031750,121200837
114036550,121205365
114041350,121209893
114046150,121214421
114050950,121218949
114055750,121223477
114060550,121228006
114065350,121232534
114070150,121237062
114074950,121241590
114079750,121246118
114084550,121250646
114089350,121255174
114094150,121259702
114098950,121264230
114103750,121268758
114108550,121273287
114113350,121277815
114118150,121282343
114122950,121286871
114127750,121291399
114132550,121295927
114137350,121300455
114142150,121304983
114146950,121309511
114151750,121314039
114156550,121318568
114161350,121323096
114166150,121327624
114170950,121332152
114175750,121336680
114180550,121341208
114185350,121345736
114190150,121350264
114194950,121354792
114199750,121359320
114204550,121363848
114209350,121368377
114214150,121372905
114218950,121377433
114223750,121381961
114228550,121386489
114233350,121391017
114238150,121395545
114242950,121400073
114247750,121404601
114252550,121409129
114257350,121413658
114262150,121418186
114266950,121422714
114271750,121427242
114276550,121431770
114281350,121436298
114286150,121440826
114290950,121445354
114295750,121449882
114300550,121454410
114305350,121458939
114310150,121463467
114314950,121467995
114319750,121472523
114324550,121477051
114329350,121481579
114334150,121486107
114338950,121490635
114343750,121495163
114348550,121499691
114353350,121504220
114358150,121508748
114362950,121513276
114367750,121517804
114372550,121522332
114377350,121526860
114382150,121531388
114386950,121535916
114391750,121540444
114396550,121544972
114401350,121549501
114406150,121554029
114410950,121558557
114415750,121563085
114420550,121567613
114425350,121572141
114430150,121576669
114434950,121581197
114439750,121585725
114444550,121590253
114449350,121594782
114454150,121599310
114458950,121603838
114463750,121608366
114468550,121612894
114473350,121617422
114478150,121621950
114482950,121626478
114487750,121631006
114492550,121635534
114497350,121640063
114502150,121644591
114506950,121649119
114511750,121653647
114516550,121658175
114521350,121662703
114526150,121667231
114530950,121671759
114535750,121676287
114540550,121680815
114545350,121685343
114550150,121689872
114554950,121694400
114559750,121698928
114564550,121703456
114569350,121707984
114574150,121712512
114578950,121717040
114583750,121721568
114588550,121726096
114593350,121730624
114598150,121735153
114602950,121739681
114607750,121744209
114612550,121748737
114617350,121753265
114622150,121757793
114626950,121762321
114631750,121766849
114636550,121771377
114641350,121775905
114646150,121780434
114650950,121784962
114655750,121789490
114660550,121794018
114665350,121798546
114670150,121803074
114674950,121807602
114679750,121812130
114684550,121816658
114689350,121821186
114694150,121825715
114698950,121830243
114703750,121834771
114708550,121839299
114713350,121843827
114718150,121848355
114722950,121852883
114727750,121857411
114732550,121861939
114737350,121866467
114742150,121870996
114746950,121875524
114751750,121880052
114756550,121884580
114761350,121889108
114766150,121893636
114770950,121898164
114775750,121902692
114780550,121907220
114785350,121911748
114790150,121916277
114794950,121920805
114799750,121925333
114804550,121929861
114809350,121934389
114814150,121938917
114818950,121943445
114823750,121947973
114828550,121952501
114833350,121957029
114838150,121961558
114842950,121966086
114847750,121970614
114852550,121975142
114857350,121979670
114862150,121984198
114866950,121988726
114871750,121993254
114876550,121997782
114881350,122002310
114886150,122006839
114890950,122011367
114895750,122015895
114900550,122020423
114905350,122024951
114910150,122029479
114914950,122034007
114919750,122038535
114924550,122043063
114929350,122047591
114934150,122052120
114938950,122056648
114943750,122061176
114948550,122065704
114953350,122070232
114958150,122074760
114962950,122079288
114967750,122083816
114972550,122088344
114977350,122092872
114982150,122097401
114986950,122101929
114991750,122106457
114996550,122110985
115001350,122115513
115006150,122120041
115010950,122124569
115015750,122129097
115020550,122133625
115025350,122138153
115030150,122142682
115034950,122147210
115039750,122151738
115044550,122156266
115049350,122160794
115054150,122165322
115058950,122169850
115063750,122174378
115068550,122178906
115073350,122183434
115078150,122187962
115082950,122192491
115087750,122197019
115092550,122201547
115097350,122206075
115102150,122210603
115106950,122215131
115111750,122219659
115116550,122224187
115121350,122228715
115126150,122233243
115130950,122237772
115135750,122242300
115140550,122246828
115145350,122251356
115150150,122255884
115154950,122260412
115159750,122264940
115164550,122269468
115169350,122273996
115174150,122278524
115178950,122283053
115183750,122287581
115188550,122292109
115193350,122296637
115198150,122301165
115202950,122305693
115207750,122310221
115212550,122314749
115217350,122319277
115222150,122323805
115226950,122328334
115231750,122332862
115236550,122337390
115241350,122341918
115246150,122346446
115250950,122350974
115255750,122355502
115260550,122360030
115265350,122364558
115270150,122369086
115274950,122373615
115279750,122378143
115284550,122382671
115289350,122387199
115294150,122391727
115298950,122396255
115303750,122400783
115308550,122405311
115313350,122409839
115318150,122414367
115322950,122418896
115327750,122423424
115332550,122427952
115337350,122432480
115342150,122437008
115346950,122441536
115351750,122446064
115356550,122450592
115361350,122455120
115366150,122459648
115370950,122464177
115375750,122468705
115380550,122473233
115385350,122477761
115390150,122482289
115394950,122486817
115399750,122491345
115404550,122495873
115409350,122500401
115414150,122504929
115418950,122509458
115423750,122513986
115428550,122518514
115433350,122523042
115438150,122527570
115442950,122532098
115447750,122536626
115452550,122541154
115457350,122545682
115462150,122550210
115466950,122554739
115471750,122559267
115476550,122563795
115481350,122568323
115486150,122572851
115490950,122577379
115495750,122581907
115500550,122586435
115505350,122590963
115510150,122595491
115514950,122600020
115519750,122604548
115524550,122609076
115529350,122613604
115534150,122618132
115538950,122622660
115543750,122627188
115548550,122631716
115553350,122636244
115558150,122640772
115562950,122645301
115567750,122649829
115572550,122654357
115577350,122658885
115582150,122663413
115586950,122667941
115591750,122672469
115596550,122676997
115601350,122681525
115606150,122686053
115610950,122690582
115615750,122695110
115620550,122699638
115625350,122704166
115630150,122708694
115634950,122713222
115639750,122717750
115644550,122722278
115649350,122726806
115654150,122731334
115658950,122735863
115663750,122740391
115668550,122744919
115673350,122749447
115678150,122753975
115682950,122758503
115687750,122763031
115692550,122767559
115697350,122772087
115702150,122776615
115706950,122781144
115711750,122785672
115716550,122790200
115721350,122794728
115726150,122799256
115730950,122803784
115735750,122808312
115740550,122812840
115745350,122817368
115750150,122821896
115754950,122826425
115759750,122830953
115764550,122835481
115769350,122840009
115774150,122844537
115778950,122849065
115783750,122853593
115788550,122858121
115793350,122862649
115798150,122867177
115802950,122871706
115807750,122876234
115812550,122880762
115817350,122885290
115822150,122889818
115826950,122894346
115831750,122898874
115836550,122903402
115841350,122907930
115846150,122912458
115850950,122916987
115855750,122921515
115860550,122926043
115865350,122930571
115870150,122935099
115874950,122939627
115879750,122944155
115884550,122948683
115889350,122953211
115894150,122957739
115898950,122962268
115903750,122966796
115908550,122971324
115913350,122975852
115918150,122980380
115922950,122984908
115927750,122989436
115932550,122993964
115937350,122998492
115942150,123003020
115946950,123007549
115951750,123012077
115956550,123016605
115961350,123021133
115966150,123025661
115970950,123030189
115975750,123034717
115980550,123039245
115985350,123043773
115990150,123048301
115994950,123052830
115999750,123057358
116004550,123061886
116009350,123066414
116014150,123070942
116018950,123075470
116023750,123079998
116028550,123084526
116033350,123089054
116038150,123093582
116042950,123098111
116047750,123102639
116052550,123107167
116057350,123111695
116062150,123116223
116066950,123120751
116071750,123125279
116076550,123129807
116081350,123134335
116086150,123138863
116090950,123143392
116095750,123147920
116100550,123152448
116105350,123156976
116110150,123161504
116114950,123166032
116119750,123170560
116124550,123175088
116129350,123179616
116134150,123184144
116138950,123188673
116143750,123193201
116148550,123197729
116153350,123202257
116158150,123206785
116162950,123211313
116167750,123215841
116172550,123220369
116177350,123224897
116182150,123229425
116186950,123233954
116191750,123238482
116196550,123243010
116201350,123247538
116206150,123252066
116210950,123256594
116215750,123261122
116220550,123265650
116225350,123270178
116230150,123274706
116234950,123279235
116239750,123283763
116244550,123288291
116249350,123292819
116254150,123297347
116258950,123301875
116263750,123306403
116268550,123310931
116273350,123315459
116278150,123319987
116282950,123324516
116287750,123329044
116292550,123333572
116297350,123338100
116302150,123342628
116306950,123347156
116311750,123351684
116316550,123356212
116321350,123360740
116326150,123365268
116330950,123369797
116335750,123374325
116340550,123378853
116345350,123383381
116350150,123387909
116354950,123392437
116359750,123396965
116364550,123401493
116369350,123406021
116374150,123410549
116378950,123415078
116383750,123419606
116388550,123424134
116393350,123428662
116398150,123433190
116402950,123437718
116407750,123442246
116412550,123446774
116417350,123451302
116422150,123455830
116426950,123460359
116431750,123464887
116436550,123469415
116441350,123473943
116446150,123478471
116450950,123482999
116455750,123487527
116460550,123492055
116465350,123496583
116470150,123501111
116474950,123505640
116479750,123510168
116484550,123514696
116489350,123519224
116494150,123523752
116498950,123528280
116503750,123532808
116508550,123537336
116513350,123541864
116518150,123546392
116522950,123550921
116527750,123555449
116532550,123559977
116537350,123564505
116542150,123569033
116546950,123573561
116551750,123578089
116556550,123582617
116561350,123587145
116566150,123591673
116570950,123596202
116575750,123600730
116580550,123605258
116585350,123609786
116590150,123614314
116594950,123618842
116599750,123623370
116604550,123627898
116609350,123632426
116614150,123636954
116618950,123641483
116623750,123646011
116628550,123650539
116633350,123655067
116638150,123659595
116642950,123664123
116647750,123668651
116652550,123673179
116657350,123677707
116662150,123682235
116666950,123686764
116671750,123691292
116676550,123695820
116681350,123700348
116686150,123704876
116690950,123709404
116695750,123713932
116700550,123718460
116705350,123722988
116710150,123727516
116714950,123732045
116719750,123736573
116724550,123741101
116729350,123745629
116734150,123750157
116738950,123754685
116743750,123759213
116748550,123763741
116753350,123768269
116758150,123772797
116762950,123777326
116767750,123781854
116772550,123786382
116777350,123790910
116782150,123795438
116786950,123799966
116791750,123804494
116796550,123809022
116801350,123813550
116806150,123818078
116810950,123822607
116815750,123827135
116820550,123831663
116825350,123836191
116830150,123840719
116834950,123845247
116839750,123849775
116844550,123854303
116849350,123858831
116854150,123863359
116858950,123867888
116863750,123872416
116868550,123876944
116873350,123881472
116878150,123886000
116882950,123890528
116887750,123895056
116892550,123899584
116897350,123904112
116902150,123908640
116906950,123913169
116911750,123917697
116916550,123922225
116921350,123926753
116926150,123931281
116930950,123935809
116935750,123940337
116940550,123944865
116945350,123949393
116950150,123953921
116954950,123958450
116959750,123962978
116964550,123967506
116969350,123972034
116974150,123976562
116978950,123981090
116983750,123985618
116988550,123990146
116993350,123994674
116998150,123999202
117002950,124003731
117007750,124008259
117012550,124012787
117017350,124017315
117022150,124021843
117026950,124026371
117031750,124030899
117036550,124035427
117041350,124039955
117046150,124044483
117050950,124049012
117055750,124053540
117060550,124058068
117065350,124062596
117070150,124067124
117074950,124071652
117079750,124076180
117084550,124080708
117089350,124085236
117094150,124089764
117098950,124094293
117103750,124098821
117108550,124103349
117113350,124107877
117118150,124112405
117122950,124116933
117127750,124121461
117132550,124125989
117137350,124130517
117142150,124135045
117146950,124139574
117151750,124144102
117156550,124148630
117161350,124153158
117166150,124157686
117170950,124162214
117175750,124166742
117180550,124171270
117185350,124175798
117190150,124180326
117194950,124184855
117199750,124189383
117204550,124193911
117209350,124198439
117214150,124202967
117218950,124207495
117223750,124212023
117228550,124216551
117233350,124221079
117238150,124225607
117242950,124230136
117247750,124234664
117252550,124239192
117257350,124243720
117262150,124248248
117266950,124252776
117271750,124257304
117276550,124261832
117281350,124266360
117286150,124270889
117290950,124275417
117295750,124279945
117300550,124284473
117305350,124289001
117310150,124293529
117314950,124298057
117319750,124302585
117324550,124307113
117329350,124311641
117334150,124316170
117338950,124320698
117343750,124325226
117348550,124329754
117353350,124334282
117358150,124338810
117362950,124343338
117367750,124347866
117372550,124352394
117377350,124356922
117382150,124361451
117386950,124365979
117391750,124370507
117396550,124375035
117401350,124379563
117406150,124384091
117410950,124388619
117415750,124393147
117420550,124397675
117425350,124402203
117430150,124406732
117434950,124411260
117439750,124415788
117444550,124420316
117449350,124424844
117454150,124429372
117458950,124433900
117463750,124438428
117468550,124442956
117473350,124447484
117478150,124452013
117482950,124456541
117487750,124461069
117492550,124465597
117497350,124470125
117502150,124474653
117506950,124479181
117511750,124483709
117516550,124488237
117521350,124492765
117526150,124497294
117530950,124501822
117535750,124506350
117540550,124510878
117545350,124515406
117550150,124519934
117554950,124524462
117559750,124528990
117564550,124533518
117569350,124538046
117574150,124542575
117578950,124547103
117583750,124551631
117588550,124556159
117593350,124560687
117598150,124565215
117602950,124569743
117607750,124574271
117612550,124578799
117617350,124583327
117622150,124587856
117626950,124592384
117631750,124596912
117636550,124601440
117641350,124605968
117646150,124610496
117650950,124615024
117655750,124619552
117660550,124624080
117665350,124628608
117670150,124633137
117674950,124637665
117679750,124642193
117684550,124646721
117689350,124651249
117694150,124655777
117698950,124660305
117703750,124664833
117708550,124669361
117713350,124673890
117718150,124678418
117722950,124682946
117727750,124687474
117732550,124692002
117737350,124696530
117742150,124701058
117746950,124705586
117751750,124710114
117756550,124714642
117761350,124719171
117766150,124723699
117770950,124728227
117775750,124732755
117780550,124737283
117785350,124741811
117790150,124746339
117794950,124750867
117799750,124755395
117804550,124759923
117809350,124764452
117814150,124768980
117818950,124773508
117823750,124778036
117828550,124782564
117833350,124787092
117838150,124791620
117842950,124796148
117847750,124800676
117852550,124805204
117857350,124809733
117862150,124814261
117866950,124818789
117871750,124823317
117876550,124827845
117881350,124832373
117886150,124836901
117890950,124841429
117895750,124845957
117900550,124850485
117905350,124855014
117910150,124859542
117914950,124864070
117919750,124868598
117924550,124873126
117929350,124877654
117934150,124882182
117938950,124886710
117943750,124891238
117948550,124895766
117953350,124900295
117958150,124904823
117962950,124909351
117967750,124913879
117972550,124918407
117977350,124922935
117982150,124927463
117986950,124931991
117991750,124936519
117996550,124941047
118001350,124945576
118006150,124950104
118010950,124954632
118015750,124959160
118020550,124963688
118025350,124968216
118030150,124972744
118034950,124977272
118039750,124981800
118044550,124986328
118049350,124990857
118054150,124995385
118058950,124999913
118063750,125004441
118068550,125008969
118073350,125013497
118078150,125018025
118082950,125022553
118087750,125027081
118092550,125031610
118097350,125036138
118102150,125040666
118106950,125045194
118111750,125049722
118116550,125054250
118121350,125058778
118126150,125063306
118130950,125067834
118135750,125072362
118140550,125076891
118145350,125081419
118150150,125085947
118154950,125090475
118159750,125095003
118164550,125099531
118169350,125104059
118174150,125108587
118178950,125113115
118183750,125117643
118188550,125122172
118193350,125126700
118198150,125131228
118202950,125135756
118207750,125140284
118212550,125144812
118217350,125149340
118222150,125153868
118226950,125158396
118231750,125162924
118236550,125167453
118241350,125171981
118246150,125176509
118250950,125181037
118255750,125185565
118260550,125190093
118265350,125194621
118270150,125199149
118274950,125203677
118279750,125208205
118284550,125212734
118289350,125217262
118294150,125221790
118298950,125226318
118303750,125230846
118308550,125235374
118313350,125239902
118318150,125244430
118322950,125248958
118327750,125253487
118332550,125258015
118337350,125262543
118342150,125267071
118346950,125271599
118351750,125276127
118356550,125280655
118361350,125285183
118366150,125289711
118370950,125294239
118375750,125298768
118380550,125303296
118385350,125307824
118390150,125312352
118394950,125316880
118399750,125321408
118404550,125325936
118409350,125330464
118414150,125334992
118418950,125339520
118423750,125344049
118428550,125348577
118433350,125353105
118438150,125357633
118442950,125362161
118447750,125366689
118452550,125371217
118457350,125375745
118462150,125380273
118466950,125384801
118471750,125389330
118476550,125393858
118481350,125398386
118486150,125402914
118490950,125407442
118495750,125411970
118500550,125416498
118505350,125421026
118510150,125425554
118514950,125430082
118519750,125434611
118524550,125439139
118529350,125443667
118534150,125448195
118538950,125452723
118543750,125457251
118548550,125461779
118553350,125466307
118558150,125470835
118562950,125475364
118567750,125479892
118572550,125484420
118577350,125488948
118582150,125493476
118586950,125498004
118591750,125502532
118596550,125507060
118601350,125511588
118606150,125516116
118610950,125520645
118615750,125525173
118620550,125529701
118625350,125534229
118630150,125538757
118634950,125543285
118639750,125547813
118644550,125552341
118649350,125556869
118654150,125561397
118658950,125565926
118663750,125570454
118668550,125574982
118673350,125579510
118678150,125584038
118682950,125588566
118687750,125593094
118692550,125597622
118697350,125602150
118702150,125606678
118706950,125611207
118711750,125615735
118716550,125620263
118721350,125624791
118726150,125629319
118730950,125633847
118735750,125638375
118740550,125642903
118745350,125647431
118750150,125651960
118754950,125656488
118759750,125661016
118764550,125665544
118769350,125670072
118774150,125674600
118778950,125679128
118783750,125683656
118788550,125688184
118793350,125692712
118798150,125697241
118802950,125701769
118807750,125706297
118812550,125710825
118817350,125715353
118822150,125719881
118826950,125724409
118831750,125728937
118836550,125733465
118841350,125737993
118846150,125742522
118850950,125747050
118855750,125751578
118860550,125756106
118865350,125760634
118870150,125765162
118874950,125769690
118879750,125774218
118884550,125778746
118889350,125783274
118894150,125787803
118898950,125792331
118903750,125796859
118908550,125801387
118913350,125805915
118918150,125810443
118922950,125814971
118927750,125819499
118932550,125824027
118937350,125828556
118942150,125833084
118946950,125837612
118951750,125842140
118956550,125846668
118961350,125851196
118966150,125855724
118970950,125860252
118975750,125864780
118980550,125869308
118985350,125873837
118990150,125878365
118994950,125882893
118999750,125887421
119004550,125891949
119009350,125896477
119014150,125901005
119018950,125905533
119023750,125910061
119028550,125914589
119033350,125919118
119038150,125923646
119042950,125928174
119047750,125932702
119052550,125937230
119057350,125941758
119062150,125946286
119066950,125950814
119071750,125955342
119076550,125959870
119081350,125964399
119086150,125968927
119090950,125973455
119095750,125977983
119100550,125982511
119105350,125987039
119110150,125991567
119114950,125996095
119119750,126000623
119124550,126005152
119129350,126009680
119134150,126014208
119138950,126018736
119143750,126023264
119148550,126027792
119153350,126032320
119158150,126036848
119162950,126041376
119167750,126045904
119172550,126050433
119177350,126054961
119182150,126059489
119186950,126064017
119191750,126068545
119196550,126073073
119201350,126077601
119206150,126082129
119210950,126086657
119215750,126091185
119220550,126095714
119225350,126100242
119230150,126104770
119234950,126109298
119239750,126113826
119244550,126118354
119249350,126122882
119254150,126127410
119258950,126131938
119263750,126136466
119268550,126140995
119273350,126145523
119278150,126150051
119282950,126154579
119287750,126159107
119292550,126163635
119297350,126168163
119302150,126172691
119306950,126177219
119311750,126181748
119316550,126186276
119321350,126190804
119326150,126195332
119330950,126199860
119335750,126204388
119340550,126208916
119345350,126213444
119350150,126217972
119354950,126222500
119359750,126227029
119364550,126231557
119369350,126236085
119374150,126240613
119378950,126245141
119383750,126249669
119388550,126254197
119393350,126258725
119398150,126263253
119402950,126267781
119407750,126272310
119412550,126276838
119417350,126281366
119422150,126285894
119426950,126290422
119431750,126294950
119436550,126299478
119441350,126304006
119446150,126308534
119450950,126313063
119455750,126317591
119460550,126322119
119465350,126326647
119470150,126331175
119474950,126335703
119479750,126340231
119484550,126344759
119489350,126349287
119494150,126353815
119498950,126358344
119503750,126362872
119508550,126367400
119513350,126371928
119518150,126376456
119522950,126380984
119527750,126385512
119532550,126390040
119537350,126394568
119542150,126399096
119546950,126403625
119551750,126408153
119556550,126412681
119561350,126417209
119566150,126421737
119570950,126426265
119575750,126430793
119580550,126435321
119585350,126439849
119590150,126444378
119594950,126448906
119599750,126453434
119604550,126457962
119609350,126462490
119614150,126467018
119618950,126471546
119623750,126476074
119628550,126480602
119633350,126485130
119638150,126489659
119642950,126494187
119647750,126498715
119652550,126503243
119657350,126507771
119662150,126512299
119666950,126516827
119671750,126521355
119676550,126525883
119681350,126530411
119686150,126534940
119690950,126539468
119695750,126543996
119700550,126548524
119705350,126553052
119710150,126557580
119714950,126562108
119719750,126566636
119724550,126571164
119729350,126575693
119734150,126580221
119738950,126584749
119743750,126589277
119748550,126593805
119753350,126598333
119758150,126602861
119762950,126607389
119767750,126611917
119772550,126616445
119777350,126620974
119782150,126625502
119786950,126630030
119791750,126634558
119796550,126639086
119801350,126643614
119806150,126648142
119810975,126652670
