imu_timestamp, mcu_timestamp
4,42775972
118,42779381
310,42783881
502,42788488
694,42793017
886,42797546
1078,42802075
1270,42806604
1462,42811133
1654,42815661
1846,42820189
2038,42824717
2230,42829245
2422,42833773
2614,42838300
2806,42842828
2998,42847356
3190,42851883
3382,42856411
3574,42860939
3766,42865466
3958,42869994
4150,42874522
4342,42879049
4534,42883577
4726,42888104
4918,42892632
5110,42897160
5302,42901687
5494,42906215
5686,42910743
5878,42915270
6070,42919798
6262,42924326
6454,42928853
6646,42933381
6838,42937909
7030,42942436
7222,42946964
7414,42951492
7606,42956019
7798,42960547
7990,42965075
8182,42969602
8374,42974130
8566,42978658
8758,42983185
8950,42987713
9142,42992241
9334,42996768
9526,43001296
9718,43005823
9910,43010351
10102,43014879
10294,43019406
10486,43023934
10678,43028462
10870,43032989
11062,43037517
11254,43042045
11446,43046572
11638,43051100
11830,43055628
12022,43060155
12214,43064683
12406,43069211
12598,43073738
12790,43078266
12982,43082794
13174,43087321
13366,43091849
13558,43096377
13750,43100904
13942,43105432
14134,43109959
14326,43114487
14518,43119015
14710,43123542
14902,43128070
15094,43132598
15286,43137125
15478,43141653
15670,43146181
15862,43150708
16054,43155236
16246,43159764
16438,43164291
16630,43168819
16822,43173347
17014,43177874
17206,43182402
17398,43186930
17590,43191457
17782,43195985
17974,43200513
18166,43205040
18358,43209568
18550,43214095
18742,43218623
18934,43223151
19126,43227678
19318,43232206
19510,43236734
19702,43241261
19894,43245789
20086,43250317
20278,43254844
20470,43259372
20662,43263900
20854,43268427
21046,43272955
21238,43277483
21430,43282010
21622,43286538
21814,43291066
22006,43295593
22198,43300121
22390,43304648
22582,43309176
22774,43313704
22966,43318231
23158,43322759
23350,43327287
23542,43331814
23734,43336342
23926,43340870
24118,43345397
24310,43349925
24502,43354453
24694,43358980
24886,43363508
25078,43368036
25270,43372563
25462,43377091
25654,43381619
25846,43386146
26038,43390674
26230,43395201
26422,43399729
26614,43404257
26806,43408784
26998,43413312
27190,43417840
27382,43422367
27574,43426895
27766,43431423
27958,43435950
28150,43440478
28342,43445006
28534,43449533
28726,43454061
28918,43458589
29110,43463116
29302,43467644
29494,43472172
29686,43476699
29878,43481227
30070,43485754
30262,43490282
30454,43494810
30646,43499337
30838,43503865
31030,43508393
31222,43512920
31414,43517448
31606,43521976
31798,43526503
31990,43531031
32182,43535559
32374,43540086
32566,43544614
32758,43549142
32950,43553669
33142,43558197
33334,43562724
33526,43567252
33718,43571780
33910,43576307
34102,43580835
34294,43585363
34486,43589890
34678,43594418
34870,43598946
35062,43603473
35254,43608001
35446,43612529
35638,43617056
35830,43621584
36022,43626112
36214,43630639
36406,43635167
36598,43639694
36790,43644222
36982,43648750
37174,43653277
37366,43657805
37558,43662333
37750,43666860
37942,43671388
38134,43675916
38326,43680443
38518,43684971
38710,43689499
38902,43694026
39094,43698554
39286,43703082
39478,43707609
39670,43712137
39862,43716664
40054,43721192
40246,43725720
40438,43730247
40630,43734775
40822,43739303
41014,43743830
41206,43748358
41398,43752886
41590,43757413
41782,43761941
41974,43766469
42166,43770996
42358,43775524
42550,43780052
42742,43784579
42934,43789107
43126,43793634
43318,43798162
43510,43802690
43702,43807217
43894,43811745
44086,43816273
44278,43820800
44470,43825328
44662,43829856
44854,43834383
45046,43838911
45238,43843439
45430,43847966
45622,43852494
45814,43857022
46006,43861549
46198,43866077
46390,43870604
46582,43875132
46774,43879660
46966,43884187
47158,43888715
47350,43893243
47542,43897770
47734,43902298
47926,43906826
48118,43911353
48310,43915881
48502,43920409
48694,43924936
48886,43929464
49078,43933992
49270,43938519
49462,43943047
49654,43947574
49846,43952102
50038,43956630
50230,43961157
50422,43965685
50614,43970213
50806,43974740
50998,43979268
51190,43983796
51382,43988323
51574,43992851
51766,43997379
51958,44001906
52150,44006434
52342,44010962
52534,44015489
52726,44020017
52918,44024544
53110,44029072
53302,44033600
53494,44038127
53686,44042655
53878,44047183
54070,44051710
54262,44056238
54454,44060766
54646,44065293
54838,44069821
55030,44074349
55222,44078876
55414,44083404
55606,44087931
55798,44092459
55990,44096987
56182,44101514
56374,44106042
56566,44110570
56758,44115097
56950,44119625
57142,44124153
57334,44128680
57526,44133208
57718,44137736
57910,44142263
58102,44146791
58294,44151318
58486,44155846
58678,44160374
58870,44164901
59062,44169429
59254,44173957
59446,44178484
59638,44183012
59830,44187540
60022,44192067
60214,44196595
60406,44201123
60598,44205650
60790,44210178
60982,44214706
61174,44219233
61366,44223761
61558,44228288
61750,44232816
61942,44237344
62134,44241871
62326,44246399
62518,44250927
62710,44255454
62902,44259982
63094,44264510
63286,44269037
63478,44273565
63670,44278093
63862,44282620
64054,44287148
64246,44291675
64438,44296203
64630,44300731
64822,44305258
65014,44309786
65206,44314314
65398,44318841
65590,44323369
65782,44327897
65974,44332424
66166,44336952
66358,44341480
66550,44346007
66742,44350535
66934,44355063
67126,44359590
67318,44364118
67510,44368645
67702,44373173
67894,44377701
68086,44382228
68278,44386756
68470,44391284
68662,44395811
68854,44400339
69046,44404867
69238,44409394
69430,44413922
69622,44418450
69814,44422977
70006,44427505
70198,44432032
70390,44436560
70582,44441088
70774,44445615
70966,44450143
71158,44454671
71350,44459198
71542,44463726
71734,44468254
71926,44472781
72118,44477309
72310,44481837
72502,44486364
72694,44490892
72886,44495419
73078,44499947
73270,44504475
73462,44509002
73654,44513530
73846,44518058
74038,44522585
74230,44527113
74422,44531641
74614,44536168
74806,44540696
74998,44545224
75190,44549751
75382,44554279
75574,44558806
75766,44563334
75958,44567862
76150,44572389
76342,44576917
76534,44581445
76726,44585972
76918,44590500
77110,44595028
77302,44599555
77494,44604083
77686,44608611
77878,44613138
78070,44617666
78262,44622193
78454,44626721
78646,44631249
78838,44635776
79030,44640304
79222,44644832
79414,44649359
79606,44653887
79798,44658415
79990,44662942
80182,44667470
80374,44671998
80566,44676525
80758,44681053
80950,44685580
81142,44690108
81334,44694636
81526,44699163
81718,44703691
81910,44708219
82102,44712746
82294,44717274
82486,44721802
82678,44726329
82870,44730857
83062,44735385
83254,44739912
83446,44744440
83638,44748968
83830,44753495
84022,44758023
84214,44762550
84406,44767078
84598,44771606
84790,44776133
84982,44780661
85174,44785189
85366,44789716
85558,44794244
85750,44798772
85942,44803299
86134,44807827
86326,44812355
86518,44816882
86710,44821410
86902,44825937
87094,44830465
87286,44834993
87478,44839520
87670,44844048
87862,44848576
88054,44853103
88246,44857631
88438,44862159
88630,44866686
88822,44871214
89014,44875742
89206,44880269
89398,44884797
89590,44889324
89782,44893852
89974,44898380
90166,44902907
90358,44907435
90550,44911963
90742,44916490
90934,44921018
91126,44925546
91318,44930073
91510,44934601
91702,44939129
91894,44943656
92086,44948184
92278,44952711
92470,44957239
92662,44961767
92854,44966294
93046,44970822
93238,44975350
93430,44979877
93622,44984405
93814,44988933
94006,44993460
94198,44997988
94390,45002516
94582,45007043
94774,45011571
94966,45016098
95158,45020626
95350,45025154
95542,45029681
95734,45034209
95926,45038737
96118,45043264
96310,45047792
96502,45052320
96694,45056847
96886,45061375
97078,45065903
97270,45070430
97462,45074958
97654,45079485
97846,45084013
98038,45088541
98230,45093068
98422,45097596
98614,45102124
98806,45106651
98998,45111179
99190,45115707
99382,45120234
99574,45124762
99766,45129290
99958,45133817
100150,45138345
100342,45142872
100534,45147400
100726,45151928
100918,45156455
101110,45160983
101302,45165511
101494,45170038
101686,45174566
101878,45179094
102070,45183621
102262,45188149
102454,45192677
102646,45197204
102838,45201732
103030,45206259
103222,45210787
103414,45215315
103606,45219842
103798,45224370
103990,45228898
104182,45233425
104374,45237953
104566,45242481
104758,45247008
104950,45251536
105142,45256064
105334,45260591
105526,45265119
105718,45269646
105910,45274174
106102,45278702
106294,45283229
106486,45287757
106678,45292285
106870,45296812
107062,45301340
107254,45305868
107446,45310395
107638,45314923
107830,45319451
108022,45323978
108214,45328506
108406,45333034
108598,45337561
108790,45342089
108982,45346616
109174,45351144
109366,45355672
109558,45360199
109750,45364727
109942,45369255
110134,45373782
110326,45378310
110518,45382838
110710,45387365
110902,45391893
111094,45396421
111286,45400948
111478,45405476
111670,45410003
111862,45414531
112054,45419059
112246,45423586
112438,45428114
112630,45432642
112822,45437169
113014,45441697
113206,45446225
113398,45450752
113590,45455280
113782,45459808
113974,45464335
114166,45468863
114358,45473390
114550,45477918
114742,45482446
114934,45486973
115126,45491501
115318,45496029
115510,45500556
115702,45505084
115894,45509612
116086,45514139
116278,45518667
116470,45523195
116662,45527722
116854,45532250
117046,45536778
117238,45541305
117430,45545833
117622,45550360
117814,45554888
118006,45559416
118198,45563943
118390,45568471
118582,45572999
118774,45577526
118966,45582054
119158,45586582
119350,45591109
119542,45595637
119734,45600165
119926,45604692
120118,45609220
120310,45613747
120502,45618275
120694,45622803
120886,45627330
121078,45631858
121270,45636386
121462,45640913
121654,45645441
121846,45649969
122038,45654496
122230,45659024
122422,45663552
122614,45668079
122806,45672607
122998,45677135
123190,45681662
123382,45686190
123574,45690717
123766,45695245
123958,45699773
124150,45704300
124342,45708828
124534,45713356
124726,45717883
124918,45722411
125110,45726939
125302,45731466
125494,45735994
125686,45740522
125878,45745049
126070,45749577
126262,45754105
126454,45758632
126646,45763160
126838,45767687
127030,45772215
127222,45776743
127414,45781270
127606,45785798
127798,45790326
127990,45794853
128182,45799381
128374,45803909
128566,45808436
128758,45812964
128950,45817492
129142,45822019
129334,45826547
129526,45831074
129718,45835602
129910,45840130
130102,45844657
130294,45849185
130486,45853713
130678,45858240
130870,45862768
131062,45867296
131254,45871823
131446,45876351
131638,45880879
131830,45885406
132022,45889934
132214,45894462
132406,45898989
132598,45903517
132790,45908044
132982,45912572
133174,45917100
133366,45921627
133558,45926155
133750,45930683
133942,45935210
134134,45939738
134326,45944266
134518,45948793
134710,45953321
134902,45957849
135094,45962376
135286,45966904
135478,45971432
135670,45975959
135862,45980487
136054,45985014
136246,45989542
136438,45994070
136630,45998597
136822,46003125
137014,46007653
137206,46012180
137398,46016708
137590,46021236
137782,46025763
137974,46030291
138166,46034819
138358,46039346
138550,46043874
138742,46048402
138934,46052929
139126,46057457
139318,46061984
139510,46066512
139702,46071040
139894,46075567
140086,46080095
140278,46084623
140470,46089150
140662,46093678
140854,46098206
141046,46102733
141238,46107261
141430,46111789
141622,46116316
141814,46120844
142006,46125372
142198,46129899
142390,46134427
142582,46138954
142774,46143482
142966,46148010
143158,46152537
143350,46157065
143542,46161593
143734,46166120
143926,46170648
144118,46175176
144310,46179703
144502,46184231
144694,46188759
144886,46193286
145078,46197814
145270,46202341
145462,46206869
145654,46211397
145846,46215924
146038,46220452
146230,46224980
146422,46229507
146614,46234035
146806,46238563
146998,46243090
147190,46247618
147382,46252146
147574,46256673
147766,46261201
147958,46265729
148150,46270256
148342,46274784
148534,46279311
148726,46283839
148918,46288367
149110,46292894
149302,46297422
149494,46301950
149686,46306477
149878,46311005
150070,46315533
150262,46320060
150454,46324588
150646,46329116
150838,46333643
151030,46338171
151222,46342698
151414,46347226
151606,46351754
151798,46356281
151990,46360809
152182,46365337
152374,46369864
152566,46374392
152758,46378920
152950,46383447
153142,46387975
153334,46392503
153526,46397030
153718,46401558
153910,46406086
154102,46410613
154294,46415141
154486,46419668
154678,46424196
154870,46428724
155062,46433251
155254,46437779
155446,46442307
155638,46446834
155830,46451362
156022,46455890
156214,46460417
156406,46464945
156598,46469473
156790,46474000
156982,46478528
157174,46483055
157366,46487583
157558,46492111
157750,46496638
157942,46501166
158134,46505694
158326,46510221
158518,46514749
158710,46519277
158902,46523804
159094,46528332
159286,46532860
159478,46537387
159670,46541915
159862,46546442
160054,46550970
160246,46555498
160438,46560025
160630,46564553
160822,46569081
161014,46573608
161206,46578136
161398,46582664
161590,46587191
161782,46591719
161974,46596247
162166,46600774
162358,46605302
162550,46609829
162742,46614357
162934,46618885
163126,46623412
163318,46627940
163510,46632468
163702,46636995
163894,46641523
164086,46646051
164278,46650578
164470,46655106
164662,46659634
164854,46664161
165046,46668689
165238,46673217
165430,46677744
165622,46682272
165814,46686799
166006,46691327
166198,46695855
166390,46700382
166582,46704910
166774,46709438
166966,46713965
167158,46718493
167350,46723021
167542,46727548
167734,46732076
167926,46736604
168118,46741131
168310,46745659
168502,46750186
168694,46754714
168886,46759242
169078,46763769
169270,46768297
169462,46772825
169654,46777352
169846,46781880
170038,46786408
170230,46790935
170422,46795463
170614,46799991
170806,46804518
170998,46809046
171190,46813573
171382,46818101
171574,46822629
171766,46827156
171958,46831684
172150,46836212
172342,46840739
172534,46845267
172726,46849795
172918,46854322
173110,46858850
173302,46863378
173494,46867905
173686,46872433
173878,46876960
174070,46881488
174262,46886016
174454,46890543
174646,46895071
174838,46899599
175030,46904126
175222,46908654
175414,46913182
175606,46917709
175798,46922237
175990,46926765
176182,46931292
176374,46935820
176566,46940347
176758,46944875
176950,46949403
177142,46953930
177334,46958458
177526,46962986
177718,46967513
177910,46972041
178102,46976569
178294,46981096
178486,46985624
178678,46990152
178870,46994679
179062,46999207
179254,47003734
179446,47008262
179638,47012790
179830,47017317
180022,47021845
180214,47026373
180406,47030900
180598,47035428
180790,47039956
180982,47044483
181174,47049011
181366,47053539
181558,47058066
181750,47062594
181942,47067121
182134,47071649
182326,47076177
182518,47080704
182710,47085232
182902,47089760
183094,47094287
183286,47098815
183478,47103343
183670,47107870
183862,47112398
184054,47116925
184246,47121453
184438,47125981
184630,47130508
184822,47135036
185014,47139564
185206,47144091
185398,47148619
185590,47153147
185782,47157674
185974,47162202
186166,47166730
186358,47171257
186550,47175785
186742,47180312
186934,47184840
187126,47189368
187318,47193895
187510,47198423
187702,47202951
187894,47207478
188086,47212006
188278,47216534
188470,47221061
188662,47225589
188854,47230117
189046,47234644
189238,47239172
189430,47243699
189622,47248227
189814,47252755
190006,47257282
190198,47261810
190390,47266338
190582,47270865
190774,47275393
190966,47279921
191158,47284448
191350,47288976
191542,47293504
191734,47298031
191926,47302559
192118,47307086
192310,47311614
192502,47316142
192694,47320669
192886,47325197
193078,47329725
193270,47334252
193462,47338780
193654,47343308
193846,47347835
194038,47352363
194230,47356891
194422,47361418
194614,47365946
194806,47370473
194998,47375001
195190,47379529
195382,47384056
195574,47388584
195766,47393112
195958,47397639
196150,47402167
196342,47406695
196534,47411222
196726,47415750
196918,47420278
197110,47424805
197302,47429333
197494,47433860
197686,47438388
197878,47442916
198070,47447443
198262,47451971
198454,47456499
198646,47461026
198838,47465554
199030,47470082
199222,47474609
199414,47479137
199606,47483665
199798,47488192
199990,47492720
200182,47497247
200374,47501775
200566,47506303
200758,47510830
200950,47515358
201142,47519886
201334,47524413
201526,47528941
201718,47533469
201910,47537996
202102,47542524
202294,47547051
202486,47551579
202678,47556107
202870,47560634
203062,47565162
203254,47569690
203446,47574217
203638,47578745
203830,47583273
204022,47587800
204214,47592328
204406,47596856
204598,47601383
204790,47605911
204982,47610438
205174,47614966
205366,47619494
205558,47624021
205750,47628549
205942,47633077
206134,47637604
206326,47642132
206518,47646660
206710,47651187
206902,47655715
207094,47660243
207286,47664770
207478,47669298
207670,47673825
207862,47678353
208054,47682881
208246,47687408
208438,47691936
208630,47696464
208822,47700991
209014,47705519
209206,47710047
209398,47714574
209590,47719102
209782,47723630
209974,47728157
210166,47732685
210358,47737212
210550,47741740
210742,47746268
210934,47750795
211126,47755323
211318,47759851
211510,47764378
211702,47768906
211894,47773434
212086,47777961
212278,47782489
212470,47787016
212662,47791544
212854,47796072
213046,47800599
213238,47805127
213430,47809655
213622,47814182
213814,47818710
214006,47823238
214198,47827765
214390,47832293
214582,47836821
214774,47841348
214966,47845876
215158,47850403
215350,47854931
215542,47859459
215734,47863986
215926,47868514
216118,47873042
216310,47877569
216502,47882097
216694,47886625
216886,47891152
217078,47895680
217270,47900208
217462,47904735
217654,47909263
217846,47913790
218038,47918318
218230,47922846
218422,47927373
218614,47931901
218806,47936429
218998,47940956
219190,47945484
219382,47950012
219574,47954539
219766,47959067
219958,47963594
220150,47968122
220342,47972650
220534,47977177
220726,47981705
220918,47986233
221110,47990760
221302,47995288
221494,47999816
221686,48004343
221878,48008871
222070,48013399
222262,48017926
222454,48022454
222646,48026981
222838,48031509
223030,48036037
223222,48040564
223414,48045092
223606,48049620
223798,48054147
223990,48058675
224182,48063203
224374,48067730
224566,48072258
224758,48076785
224950,48081313
225142,48085841
225334,48090368
225526,48094896
225718,48099424
225910,48103951
226102,48108479
226294,48113007
226486,48117534
226678,48122062
226870,48126590
227062,48131117
227254,48135645
227446,48140172
227638,48144700
227830,48149228
228022,48153755
228214,48158283
228406,48162811
228598,48167338
228790,48171866
228982,48176394
229174,48180921
229366,48185449
229558,48189976
229750,48194504
229942,48199032
230134,48203559
230326,48208087
230518,48212615
230710,48217142
230902,48221670
231094,48226198
231286,48230725
231478,48235253
231670,48239781
231862,48244308
232054,48248836
232246,48253363
232438,48257891
232630,48262419
232822,48266946
233014,48271474
233206,48276002
233398,48280529
233590,48285057
233782,48289585
233974,48294112
234166,48298640
234358,48303167
234550,48307695
234742,48312223
234934,48316750
235126,48321278
235318,48325806
235510,48330333
235702,48334861
235894,48339389
236086,48343916
236278,48348444
236470,48352972
236662,48357499
236854,48362027
237046,48366554
237238,48371082
237430,48375610
237622,48380137
237814,48384665
238006,48389193
238198,48393720
238390,48398248
238582,48402776
238774,48407303
238966,48411831
239158,48416358
239350,48420886
239542,48425414
239734,48429941
239926,48434469
240118,48438997
240310,48443524
240502,48448052
240694,48452580
240886,48457107
241078,48461635
241270,48466163
241462,48470690
241654,48475218
241846,48479745
242038,48484273
242230,48488801
242422,48493328
242614,48497856
242806,48502384
242998,48506911
243190,48511439
243382,48515967
243574,48520494
243766,48525022
243958,48529549
244150,48534077
244342,48538605
244534,48543132
244726,48547660
244918,48552188
245110,48556715
245302,48561243
245494,48565771
245686,48570298
245878,48574826
246070,48579353
246262,48583881
246454,48588409
246646,48592936
246838,48597464
247030,48601992
247222,48606519
247414,48611047
247606,48615575
247798,48620102
247990,48624630
248182,48629158
248374,48633685
248566,48638213
248758,48642740
248950,48647268
249142,48651796
249334,48656323
249526,48660851
249718,48665379
249910,48669906
250102,48674434
250294,48678962
250486,48683489
250678,48688017
250870,48692544
251062,48697072
251254,48701600
251446,48706127
251638,48710655
251830,48715183
252022,48719710
252214,48724238
252406,48728766
252598,48733293
252790,48737821
252982,48742349
253174,48746876
253366,48751404
253558,48755931
253750,48760459
253942,48764987
254134,48769514
254326,48774042
254518,48778570
254710,48783097
254902,48787625
255094,48792153
255286,48796680
255478,48801208
255670,48805735
255862,48810263
256054,48814791
256246,48819318
256438,48823846
256630,48828374
256822,48832901
257014,48837429
257206,48841957
257398,48846484
257590,48851012
257782,48855539
257974,48860067
258166,48864595
258358,48869122
258550,48873650
258742,48878178
258934,48882705
259126,48887233
259318,48891761
259510,48896288
259702,48900816
259894,48905344
260086,48909871
260278,48914399
260470,48918926
260662,48923454
260854,48927982
261046,48932509
261238,48937037
261430,48941565
261622,48946092
261814,48950620
262006,48955148
262198,48959675
262390,48964203
262582,48968730
262774,48973258
262966,48977786
263158,48982313
263350,48986841
263542,48991369
263734,48995896
263926,49000424
264118,49004952
264310,49009479
264502,49014007
264694,49018535
264886,49023062
265078,49027590
265270,49032117
265462,49036645
265654,49041173
265846,49045700
266038,49050228
266230,49054756
266422,49059283
266614,49063811
266806,49068339
266998,49072866
267190,49077394
267382,49081921
267574,49086449
267766,49090977
267958,49095504
268150,49100032
268342,49104560
268534,49109087
268726,49113615
268918,49118143
269110,49122670
269302,49127198
269494,49131725
269686,49136253
269878,49140781
270070,49145308
270262,49149836
270454,49154364
270646,49158891
270838,49163419
271030,49167947
271222,49172474
271414,49177002
271606,49181530
271798,49186057
271990,49190585
272182,49195112
272374,49199640
272566,49204168
272758,49208695
272950,49213223
273142,49217751
273334,49222278
273526,49226806
273718,49231334
273910,49235861
274102,49240389
274294,49244916
274486,49249444
274678,49253972
274870,49258499
275062,49263027
275254,49267555
275446,49272082
275638,49276610
275830,49281138
276022,49285665
276214,49290193
276406,49294721
276598,49299248
276790,49303776
276982,49308303
277174,49312831
277366,49317359
277558,49321886
277750,49326414
277942,49330942
278134,49335469
278326,49339997
278518,49344525
278710,49349052
278902,49353580
279094,49358107
279286,49362635
279478,49367163
279670,49371690
279862,49376218
280054,49380746
280246,49385273
280438,49389801
280630,49394329
280822,49398856
281014,49403384
281206,49407911
281398,49412439
281590,49416967
281782,49421494
281974,49426022
282166,49430550
282358,49435077
282550,49439605
282742,49444133
282934,49448660
283126,49453188
283318,49457716
283510,49462243
283702,49466771
283894,49471298
284086,49475826
284278,49480354
284470,49484881
284662,49489409
284854,49493937
285046,49498464
285238,49502992
285430,49507520
285622,49512047
285814,49516575
286006,49521102
286198,49525630
286390,49530158
286582,49534685
286774,49539213
286966,49543741
287158,49548268
287350,49552796
287542,49557324
287734,49561851
287926,49566379
288118,49570907
288310,49575434
288502,49579962
288694,49584489
288886,49589017
289078,49593545
289270,49598072
289462,49602600
289654,49607128
289846,49611655
290038,49616183
290230,49620711
290422,49625238
290614,49629766
290806,49634293
290998,49638821
291190,49643349
291382,49647876
291574,49652404
291766,49656932
291958,49661459
292150,49665987
292342,49670515
292534,49675042
292726,49679570
292918,49684097
293110,49688625
293302,49693153
293494,49697680
293686,49702208
293878,49706736
294070,49711263
294262,49715791
294454,49720319
294646,49724846
294838,49729374
295030,49733902
295222,49738429
295414,49742957
295606,49747484
295798,49752012
295990,49756540
296182,49761067
296374,49765595
296566,49770123
296758,49774650
296950,49779178
297142,49783706
297334,49788233
297526,49792761
297718,49797288
297910,49801816
298102,49806344
298294,49810871
298486,49815399
298678,49819927
298870,49824454
299062,49828982
299254,49833510
299446,49838037
299638,49842565
299830,49847092
300022,49851620
300214,49856148
300406,49860675
300598,49865203
300790,49869731
300982,49874258
301174,49878786
301366,49883314
301558,49887841
301750,49892369
301942,49896897
302134,49901424
302326,49905952
302518,49910479
302710,49915007
302902,49919535
303094,49924062
303286,49928590
303478,49933118
303670,49937645
303862,49942173
304054,49946701
304246,49951228
304438,49955756
304630,49960283
304822,49964811
305014,49969339
305206,49973866
305398,49978394
305590,49982922
305782,49987449
305974,49991977
306166,49996505
306358,50001032
306550,50005560
306742,50010088
306934,50014615
307126,50019143
307318,50023670
307510,50028198
307702,50032726
307894,50037253
308086,50041781
308278,50046309
308470,50050836
308662,50055364
308854,50059892
309046,50064419
309238,50068947
309430,50073474
309622,50078002
309814,50082530
310006,50087057
310198,50091585
310390,50096113
310582,50100640
310774,50105168
310966,50109696
311158,50114223
311350,50118751
311542,50123279
311734,50127806
311926,50132334
312118,50136861
312310,50141389
312502,50145917
312694,50150444
312886,50154972
313078,50159500
313270,50164027
313462,50168555
313654,50173083
313846,50177610
314038,50182138
314230,50186665
314422,50191193
314614,50195721
314806,50200248
314998,50204776
315190,50209304
315382,50213831
315574,50218359
315766,50222887
315958,50227414
316150,50231942
316342,50236469
316534,50240997
316726,50245525
316918,50250052
317110,50254580
317302,50259108
317494,50263635
317686,50268163
317878,50272691
318070,50277218
318262,50281746
318454,50286274
318646,50290801
318838,50295329
319030,50299856
319222,50304384
319414,50308912
319606,50313439
319798,50317967
319990,50322495
320182,50327022
320374,50331550
320566,50336078
320758,50340605
320950,50345133
321142,50349660
321334,50354188
321526,50358716
321718,50363243
321910,50367771
322102,50372299
322294,50376826
322486,50381354
322678,50385882
322870,50390409
323062,50394937
323254,50399464
323446,50403992
323638,50408520
323830,50413047
324022,50417575
324214,50422103
324406,50426630
324598,50431158
324790,50435686
324982,50440213
325174,50444741
325366,50449269
325558,50453796
325750,50458324
325942,50462851
326134,50467379
326326,50471907
326518,50476434
326710,50480962
326902,50485490
327094,50490017
327286,50494545
327478,50499073
327670,50503600
327862,50508128
328054,50512655
328246,50517183
328438,50521711
328630,50526238
328822,50530766
329014,50535294
329206,50539821
329398,50544349
329590,50548877
329782,50553404
329974,50557932
330166,50562459
330358,50566987
330550,50571515
330742,50576042
330934,50580570
331126,50585098
331318,50589625
331510,50594153
331702,50598681
331894,50603208
332086,50607736
332278,50612264
332470,50616791
332662,50621319
332854,50625846
333046,50630374
333238,50634902
333430,50639429
333622,50643957
333814,50648485
334006,50653012
334198,50657540
334390,50662068
334582,50666595
334774,50671123
334966,50675650
335158,50680178
335350,50684706
335542,50689233
335734,50693761
335926,50698289
336118,50702816
336310,50707344
336502,50711872
336694,50716399
336886,50720927
337078,50725454
337270,50729982
337462,50734510
337654,50739037
337846,50743565
338038,50748093
338230,50752620
338422,50757148
338614,50761676
338806,50766203
338998,50770731
339190,50775259
339382,50779786
339574,50784314
339766,50788841
339958,50793369
340150,50797897
340342,50802424
340534,50806952
340726,50811480
340918,50816007
341110,50820535
341302,50825063
341494,50829590
341686,50834118
341878,50838645
342070,50843173
342262,50847701
342454,50852228
342646,50856756
342838,50861284
343030,50865811
343222,50870339
343414,50874867
343606,50879394
343798,50883922
343990,50888449
344182,50892977
344374,50897505
344566,50902032
344758,50906560
344950,50911088
345142,50915615
345334,50920143
345526,50924671
345718,50929198
345910,50933726
346102,50938254
346294,50942781
346486,50947309
346678,50951836
346870,50956364
347062,50960892
347254,50965419
347446,50969947
347638,50974475
347830,50979002
348022,50983530
348214,50988058
348406,50992585
348598,50997113
348790,51001640
348982,51006168
349174,51010696
349366,51015223
349558,51019751
349750,51024279
349942,51028806
350134,51033334
350326,51037862
350518,51042389
350710,51046917
350902,51051444
351094,51055972
351286,51060500
351478,51065027
351670,51069555
351862,51074083
352054,51078610
352246,51083138
352438,51087666
352630,51092193
352822,51096721
353014,51101249
353206,51105776
353398,51110304
353590,51114831
353782,51119359
353974,51123887
354166,51128414
354358,51132942
354550,51137470
354742,51141997
354934,51146525
355126,51151053
355318,51155580
355510,51160108
355702,51164635
355894,51169163
356086,51173691
356278,51178218
356470,51182746
356662,51187274
356854,51191801
357046,51196329
357238,51200857
357430,51205384
357622,51209912
357814,51214439
358006,51218967
358198,51223495
358390,51228022
358582,51232550
358774,51237078
358966,51241605
359158,51246133
359350,51250661
359542,51255188
359734,51259716
359926,51264244
360118,51268771
360310,51273299
360502,51277826
360694,51282354
360886,51286882
361078,51291409
361270,51295937
361462,51300465
361654,51304992
361846,51309520
362038,51314048
362230,51318575
362422,51323103
362614,51327630
362806,51332158
362998,51336686
363190,51341213
363382,51345741
363574,51350269
363766,51354796
363958,51359324
364150,51363852
364342,51368379
364534,51372907
364726,51377434
364918,51381962
365110,51386490
365302,51391017
365494,51395545
365686,51400073
365878,51404600
366070,51409128
366262,51413656
366454,51418183
366646,51422711
366838,51427239
367030,51431766
367222,51436294
367414,51440821
367606,51445349
367798,51449877
367990,51454404
368182,51458932
368374,51463460
368566,51467987
368758,51472515
368950,51477043
369142,51481570
369334,51486098
369526,51490625
369718,51495153
369910,51499681
370102,51504208
370294,51508736
370486,51513264
370678,51517791
370870,51522319
371062,51526847
371254,51531374
371446,51535902
371638,51540429
371830,51544957
372022,51549485
372214,51554012
372406,51558540
372598,51563068
372790,51567595
372982,51572123
373174,51576651
373366,51581178
373558,51585706
373750,51590234
373942,51594761
374134,51599289
374326,51603816
374518,51608344
374710,51612872
374902,51617399
375094,51621927
375286,51626455
375478,51630982
375670,51635510
375862,51640038
376054,51644565
376246,51649093
376438,51653620
376630,51658148
376822,51662676
377014,51667203
377206,51671731
377398,51676259
377590,51680786
377782,51685314
377974,51689842
378166,51694369
378358,51698897
378550,51703424
378742,51707952
378934,51712480
379126,51717007
379318,51721535
379510,51726063
379702,51730590
379894,51735118
380086,51739646
380278,51744173
380470,51748701
380662,51753229
380854,51757756
381046,51762284
381238,51766811
381430,51771339
381622,51775867
381814,51780394
382006,51784922
382198,51789450
382390,51793977
382582,51798505
382774,51803033
382966,51807560
383158,51812088
383350,51816615
383542,51821143
383734,51825671
383926,51830198
384118,51834726
384310,51839254
384502,51843781
384694,51848309
384886,51852837
385078,51857364
385270,51861892
385462,51866420
385654,51870947
385846,51875475
386038,51880002
386230,51884530
386422,51889058
386614,51893585
386806,51898113
386998,51902641
387190,51907168
387382,51911696
387574,51916224
387766,51920751
387958,51925279
388150,51929806
388342,51934334
388534,51938862
388726,51943389
388918,51947917
389110,51952445
389302,51956972
389494,51961500
389686,51966028
389878,51970555
390070,51975083
390262,51979611
390454,51984138
390646,51988666
390838,51993193
391030,51997721
391222,52002249
391414,52006776
391606,52011304
391798,52015832
391990,52020359
392182,52024887
392374,52029415
392566,52033942
392758,52038470
392950,52042998
393142,52047525
393334,52052053
393526,52056580
393718,52061108
393910,52065636
394102,52070163
394294,52074691
394486,52079219
394678,52083746
394870,52088274
395062,52092802
395254,52097329
395446,52101857
395638,52106384
395830,52110912
396022,52115440
396214,52119967
396406,52124495
396598,52129023
396790,52133550
396982,52138078
397174,52142606
397366,52147133
397558,52151661
397750,52156189
397942,52160716
398134,52165244
398326,52169771
398518,52174299
398710,52178827
398902,52183354
399094,52187882
399286,52192410
399478,52196937
399670,52201465
399862,52205993
400054,52210520
400246,52215048
400438,52219576
400630,52224103
400822,52228631
401014,52233158
401206,52237686
401398,52242214
401590,52246741
401782,52251269
401974,52255797
402166,52260324
402358,52264852
402550,52269380
402742,52273907
402934,52278435
403126,52282962
403318,52287490
403510,52292018
403702,52296545
403894,52301073
404086,52305601
404278,52310128
404470,52314656
404662,52319184
404854,52323711
405046,52328239
405238,52332767
405430,52337294
405622,52341822
405814,52346349
406006,52350877
406198,52355405
406390,52359932
406582,52364460
406774,52368988
406966,52373515
407158,52378043
407350,52382571
407542,52387098
407734,52391626
407926,52396154
408118,52400681
408310,52405209
408502,52409736
408694,52414264
408886,52418792
409078,52423319
409270,52427847
409462,52432375
409654,52436902
409846,52441430
410038,52445958
410230,52450485
410422,52455013
410614,52459540
410806,52464068
410998,52468596
411190,52473123
411382,52477651
411574,52482179
411766,52486706
411958,52491234
412150,52495762
412342,52500289
412534,52504817
412726,52509345
412918,52513872
413110,52518400
413302,52522927
413494,52527455
413686,52531983
413878,52536510
414070,52541038
414262,52545566
414454,52550093
414646,52554621
414838,52559149
415030,52563676
415222,52568204
415414,52572732
415606,52577259
415798,52581787
415990,52586314
416182,52590842
416374,52595370
416566,52599897
416758,52604425
416950,52608953
417142,52613480
417334,52618008
417526,52622536
417718,52627063
417910,52631591
418102,52636119
418294,52640646
418486,52645174
418678,52649701
418870,52654229
419062,52658757
419254,52663284
419446,52667812
419638,52672340
419830,52676867
420022,52681395
420214,52685923
420406,52690450
420598,52694978
420790,52699505
420982,52704033
421174,52708561
421366,52713088
421558,52717616
421750,52722144
421942,52726671
422134,52731199
422326,52735727
422518,52740254
422710,52744782
422902,52749310
423094,52753837
423286,52758365
423478,52762892
423670,52767420
423862,52771948
424054,52776475
424246,52781003
424438,52785531
424630,52790058
424822,52794586
425014,52799114
425206,52803641
425398,52808169
425590,52812697
425782,52817224
425974,52821752
426166,52826279
426358,52830807
426550,52835335
426742,52839862
426934,52844390
427126,52848918
427318,52853445
427510,52857973
427702,52862501
427894,52867028
428086,52871556
428278,52876084
428470,52880611
428662,52885139
428854,52889666
429046,52894194
429238,52898722
429430,52903249
429622,52907777
429814,52912305
430006,52916832
430198,52921360
430390,52925888
430582,52930415
430774,52934943
430966,52939471
431158,52943998
431350,52948526
431542,52953053
431734,52957581
431926,52962109
432118,52966636
432310,52971164
432502,52975692
432694,52980219
432886,52984747
433078,52989275
433270,52993802
433462,52998330
433654,53002857
433846,53007385
434038,53011913
434230,53016440
434422,53020968
434614,53025496
434806,53030023
434998,53034551
435190,53039079
435382,53043606
435574,53048134
435766,53052662
435958,53057189
436150,53061717
436342,53066244
436534,53070772
436726,53075300
436918,53079827
437110,53084355
437302,53088883
437494,53093410
437686,53097938
437878,53102466
438070,53106993
438262,53111521
438454,53116049
438646,53120576
438838,53125104
439030,53129631
439222,53134159
439414,53138687
439606,53143214
439798,53147742
439990,53152270
440182,53156797
440374,53161325
440566,53165853
440758,53170380
440950,53174908
441142,53179436
441334,53183963
441526,53188491
441718,53193018
441910,53197546
442102,53202074
442294,53206601
442486,53211129
442678,53215657
442870,53220184
443062,53224712
443254,53229240
443446,53233767
443638,53238295
443830,53242823
444022,53247350
444214,53251878
444406,53256405
444598,53260933
444790,53265461
444982,53269988
445174,53274516
445366,53279044
445558,53283571
445750,53288099
445942,53292627
446134,53297154
446326,53301682
446518,53306210
446710,53310737
446902,53315265
447094,53319792
447286,53324320
447478,53328848
447670,53333375
447862,53337903
448054,53342431
448246,53346958
448438,53351486
448630,53356014
448822,53360541
449014,53365069
449206,53369596
449398,53374124
449590,53378652
449782,53383179
449974,53387707
450166,53392235
450358,53396762
450550,53401290
450742,53405818
450934,53410345
451126,53414873
451318,53419401
451510,53423928
451702,53428456
451894,53432983
452086,53437511
452278,53442039
452470,53446566
452662,53451094
452854,53455622
453046,53460149
453238,53464677
453430,53469205
453622,53473732
453814,53478260
454006,53482788
454198,53487315
454390,53491843
454582,53496370
454774,53500898
454966,53505426
455158,53509953
455350,53514481
455542,53519009
455734,53523536
455926,53528064
456118,53532592
456310,53537119
456502,53541647
456694,53546175
456886,53550702
457078,53555230
457270,53559757
457462,53564285
457654,53568813
457846,53573340
458038,53577868
458230,53582396
458422,53586923
458614,53591451
458806,53595979
458998,53600506
459190,53605034
459382,53609562
459574,53614089
459766,53618617
459958,53623144
460150,53627672
460342,53632200
460534,53636727
460726,53641255
460918,53645783
461110,53650310
461302,53654838
461494,53659366
461686,53663893
461878,53668421
462070,53672948
462262,53677476
462454,53682004
462646,53686531
462838,53691059
463030,53695587
463222,53700114
463414,53704642
463606,53709170
463798,53713697
463990,53718225
464182,53722753
464374,53727280
464566,53731808
464758,53736335
464950,53740863
465142,53745391
465334,53749918
465526,53754446
465718,53758974
465910,53763501
466102,53768029
466294,53772557
466486,53777084
466678,53781612
466870,53786140
467062,53790667
467254,53795195
467446,53799722
467638,53804250
467830,53808778
468022,53813305
468214,53817833
468406,53822361
468598,53826888
468790,53831416
468982,53835944
469174,53840471
469366,53844999
469558,53849527
469750,53854054
469942,53858582
470134,53863109
470326,53867637
470518,53872165
470710,53876692
470902,53881220
471094,53885748
471286,53890275
471478,53894803
471670,53899331
471862,53903858
472054,53908386
472246,53912913
472438,53917441
472630,53921969
472822,53926496
473014,53931024
473206,53935552
473398,53940079
473590,53944607
473782,53949135
473974,53953662
474166,53958190
474358,53962718
474550,53967245
474742,53971773
474934,53976300
475126,53980828
475318,53985356
475510,53989883
475702,53994411
475894,53998939
476086,54003466
476278,54007994
476470,54012522
476662,54017049
476854,54021577
477046,54026105
477238,54030632
477430,54035160
477622,54039687
477814,54044215
478006,54048743
478198,54053270
478390,54057798
478582,54062326
478774,54066853
478966,54071381
479158,54075909
479350,54080436
479542,54084964
479734,54089491
479926,54094019
480118,54098547
480310,54103074
480502,54107602
480694,54112130
480886,54116657
481078,54121185
481270,54125713
481462,54130240
481654,54134768
481846,54139296
482038,54143823
482230,54148351
482422,54152878
482614,54157406
482806,54161934
482998,54166461
483190,54170989
483382,54175517
483574,54180044
483766,54184572
483958,54189100
484150,54193627
484342,54198155
484534,54202683
484726,54207210
484918,54211738
485110,54216265
485302,54220793
485494,54225321
485686,54229848
485878,54234376
486070,54238904
486262,54243431
486454,54247959
486646,54252487
486838,54257014
487030,54261542
487222,54266070
487414,54270597
487606,54275125
487798,54279652
487990,54284180
488182,54288708
488374,54293235
488566,54297763
488758,54302291
488950,54306818
489142,54311346
489334,54315874
489526,54320401
489718,54324929
489910,54329456
490102,54333984
490294,54338512
490486,54343039
490678,54347567
490870,54352095
491062,54356622
491254,54361150
491446,54365678
491638,54370205
491830,54374733
492022,54379261
492214,54383788
492406,54388316
492598,54392843
492790,54397371
492982,54401899
493174,54406426
493366,54410954
493558,54415482
493750,54420009
493942,54424537
494134,54429065
494326,54433592
494518,54438120
494710,54442648
494902,54447175
495094,54451703
495286,54456230
495478,54460758
495670,54465286
495862,54469813
496054,54474341
496246,54478869
496438,54483396
496630,54487924
496822,54492452
497014,54496979
497206,54501507
497398,54506034
497590,54510562
497782,54515090
497974,54519617
498166,54524145
498358,54528673
498550,54533200
498742,54537728
498934,54542256
499126,54546783
499318,54551311
499510,54555839
499702,54560366
499894,54564894
500086,54569421
500278,54573949
500470,54578477
500662,54583004
500854,54587532
501046,54592060
501238,54596587
501430,54601115
501622,54605643
501814,54610170
502006,54614698
502198,54619226
502390,54623753
502582,54628281
502774,54632808
502966,54637336
503158,54641864
503350,54646391
503542,54650919
503734,54655447
503926,54659974
504118,54664502
504310,54669030
504502,54673557
504694,54678085
504886,54682612
505078,54687140
505270,54691668
505462,54696195
505654,54700723
505846,54705251
506038,54709778
506230,54714306
506422,54718834
506614,54723361
506806,54727889
506998,54732417
507190,54736944
507382,54741472
507574,54745999
507766,54750527
507958,54755055
508150,54759582
508342,54764110
508534,54768638
508726,54773165
508918,54777693
509110,54782221
509302,54786748
509494,54791276
509686,54795804
509878,54800331
510070,54804859
510262,54809386
510454,54813914
510646,54818442
510838,54822969
511030,54827497
511222,54832025
511414,54836552
511606,54841080
511798,54845608
511990,54850135
512182,54854663
512374,54859190
512566,54863718
512758,54868246
512950,54872773
513142,54877301
513334,54881829
513526,54886356
513718,54890884
513910,54895412
514102,54899939
514294,54904467
514486,54908995
514678,54913522
514870,54918050
515062,54922577
515254,54927105
515446,54931633
515638,54936160
515830,54940688
516022,54945216
516214,54949743
516406,54954271
516598,54958799
516790,54963326
516982,54967854
517174,54972382
517366,54976909
517558,54981437
517750,54985964
517942,54990492
518134,54995020
518326,54999547
518518,55004075
518710,55008603
518902,55013130
519094,55017658
519286,55022186
519478,55026713
519670,55031241
519862,55035768
520054,55040296
520246,55044824
520438,55049351
520630,55053879
520822,55058407
521014,55062934
521206,55067462
521398,55071990
521590,55076517
521782,55081045
521974,55085573
522166,55090100
522358,55094628
522550,55099155
522742,55103683
522934,55108211
523126,55112738
523318,55117266
523510,55121794
523702,55126321
523894,55130849
524086,55135377
524278,55139904
524470,55144432
524662,55148959
524854,55153487
525046,55158015
525238,55162542
525430,55167070
525622,55171598
525814,55176125
526006,55180653
526198,55185181
526390,55189708
526582,55194236
526774,55198763
526966,55203291
527158,55207819
527350,55212346
527542,55216874
527734,55221402
527926,55225929
528118,55230457
528310,55234985
528502,55239512
528694,55244040
528886,55248568
529078,55253095
529270,55257623
529462,55262150
529654,55266678
529846,55271206
530038,55275733
530230,55280261
530422,55284789
530614,55289316
530806,55293844
530998,55298372
531190,55302899
531382,55307427
531574,55311954
531766,55316482
531958,55321010
532150,55325537
532342,55330065
532534,55334593
532726,55339120
532918,55343648
533110,55348176
533302,55352703
533494,55357231
533686,55361758
533878,55366286
534070,55370814
534262,55375341
534454,55379869
534646,55384397
534838,55388924
535030,55393452
535222,55397980
535414,55402507
535606,55407035
535798,55411562
535990,55416090
536182,55420618
536374,55425145
536566,55429673
536758,55434201
536950,55438728
537142,55443256
537334,55447784
537526,55452311
537718,55456839
537910,55461366
538102,55465894
538294,55470422
538486,55474949
538678,55479477
538870,55484005
539062,55488532
539254,55493060
539446,55497588
539638,55502115
539830,55506643
540022,55511170
540214,55515698
540406,55520226
540598,55524753
540790,55529281
540982,55533809
541174,55538336
541366,55542864
541558,55547392
541750,55551919
541942,55556447
542134,55560974
542326,55565502
542518,55570030
542710,55574557
542902,55579085
543094,55583613
543286,55588140
543478,55592668
543670,55597196
543862,55601723
544054,55606251
544246,55610778
544438,55615306
544630,55619834
544822,55624361
545014,55628889
545206,55633417
545398,55637944
545590,55642472
545782,55647000
545974,55651527
546166,55656055
546358,55660582
546550,55665110
546742,55669638
546934,55674165
547126,55678693
547318,55683221
547510,55687748
547702,55692276
547894,55696804
548086,55701331
548278,55705859
548470,55710386
548662,55714914
548854,55719442
549046,55723969
549238,55728497
549430,55733025
549622,55737552
549814,55742080
550006,55746608
550198,55751135
550390,55755663
550582,55760190
550774,55764718
550966,55769246
551158,55773773
551350,55778301
551542,55782829
551734,55787356
551926,55791884
552118,55796412
552310,55800939
552502,55805467
552694,55809994
552886,55814522
553078,55819050
553270,55823577
553462,55828105
553654,55832633
553846,55837160
554038,55841688
554230,55846216
554422,55850743
554614,55855271
554806,55859798
554998,55864326
555190,55868854
555382,55873381
555574,55877909
555766,55882437
555958,55886964
556150,55891492
556342,55896020
556534,55900547
556726,55905075
556918,55909602
557110,55914130
557302,55918658
557494,55923185
557686,55927713
557878,55932241
558070,55936768
558262,55941296
558454,55945824
558646,55950351
558838,55954879
559030,55959406
559222,55963934
559414,55968462
559606,55972989
559798,55977517
559990,55982045
560182,55986572
560374,55991100
560566,55995628
560758,56000155
560950,56004683
561142,56009210
561334,56013738
561526,56018266
561718,56022793
561910,56027321
562102,56031849
562294,56036376
562486,56040904
562678,56045432
562870,56049959
563062,56054487
563254,56059014
563446,56063542
563638,56068070
563830,56072597
564022,56077125
564214,56081653
564406,56086180
564598,56090708
564790,56095236
564982,56099763
565174,56104291
565366,56108818
565558,56113346
565750,56117874
565942,56122401
566134,56126929
566326,56131457
566518,56135984
566710,56140512
566902,56145040
567094,56149567
567286,56154095
567478,56158622
567670,56163150
567862,56167678
568054,56172205
568246,56176733
568438,56181261
568630,56185788
568822,56190316
569014,56194844
569206,56199371
569398,56203899
569590,56208426
569782,56212954
569974,56217482
570166,56222009
570358,56226537
570550,56231065
570742,56235592
570934,56240120
571126,56244648
571318,56249175
571510,56253703
571702,56258230
571894,56262758
572086,56267286
572278,56271813
572470,56276341
572662,56280869
572854,56285396
573046,56289924
573238,56294452
573430,56298979
573622,56303507
573814,56308034
574006,56312562
574198,56317090
574390,56321617
574582,56326145
574774,56330673
574966,56335200
575158,56339728
575350,56344256
575542,56348783
575734,56353311
575926,56357838
576118,56362366
576310,56366894
576502,56371421
576694,56375949
576886,56380477
577078,56385004
577270,56389532
577462,56394060
577654,56398587
577846,56403115
578038,56407643
578230,56412170
578422,56416698
578614,56421225
578806,56425753
578998,56430281
579190,56434808
579382,56439336
579574,56443864
579766,56448391
579958,56452919
580150,56457447
580342,56461974
580534,56466502
580726,56471029
580918,56475557
581110,56480085
581302,56484612
581494,56489140
581686,56493668
581878,56498195
582070,56502723
582262,56507251
582454,56511778
582646,56516306
582838,56520833
583030,56525361
583222,56529889
583414,56534416
583606,56538944
583798,56543472
583990,56547999
584182,56552527
584374,56557055
584566,56561582
584758,56566110
584950,56570637
585142,56575165
585334,56579693
585526,56584220
585718,56588748
585910,56593276
586102,56597803
586294,56602331
586486,56606859
586678,56611386
586870,56615914
587062,56620441
587254,56624969
587446,56629497
587638,56634024
587830,56638552
588022,56643080
588214,56647607
588406,56652135
588598,56656663
588790,56661190
588982,56665718
589174,56670245
589366,56674773
589558,56679301
589750,56683828
589942,56688356
590134,56692884
590326,56697411
590518,56701939
590710,56706467
590902,56710994
591094,56715522
591286,56720049
591478,56724577
591670,56729105
591862,56733632
592054,56738160
592246,56742688
592438,56747215
592630,56751743
592822,56756271
593014,56760798
593206,56765326
593398,56769853
593590,56774381
593782,56778909
593974,56783436
594166,56787964
594358,56792492
594550,56797019
594742,56801547
594934,56806075
595126,56810602
595318,56815130
595510,56819658
595702,56824185
595894,56828713
596086,56833240
596278,56837768
596470,56842296
596662,56846823
596854,56851351
597046,56855879
597238,56860406
597430,56864934
597622,56869462
597814,56873989
598006,56878517
598198,56883044
598390,56887572
598582,56892100
598774,56896627
598966,56901155
599158,56905683
599350,56910210
599542,56914738
599734,56919266
599926,56923793
600118,56928321
600310,56932848
600502,56937376
600694,56941904
600886,56946431
601078,56950959
601270,56955487
601462,56960014
601654,56964542
601846,56969070
602038,56973597
602230,56978125
602422,56982652
602614,56987180
602806,56991708
602998,56996235
603190,57000763
603382,57005291
603574,57009818
603766,57014346
603958,57018874
604150,57023401
604342,57027929
604534,57032456
604726,57036984
604918,57041512
605110,57046039
605302,57050567
605494,57055095
605686,57059622
605878,57064150
606070,57068678
606262,57073205
606454,57077733
606646,57082260
606838,57086788
607030,57091316
607222,57095843
607414,57100371
607606,57104899
607798,57109426
607990,57113954
608182,57118482
608374,57123009
608566,57127537
608758,57132064
608950,57136592
609142,57141120
609334,57145647
609526,57150175
609718,57154703
609910,57159230
610102,57163758
610294,57168286
610486,57172813
610678,57177341
610870,57181868
611062,57186396
611254,57190924
611446,57195451
611638,57199979
611830,57204507
612022,57209034
612214,57213562
612406,57218090
612598,57222617
612790,57227145
612982,57231672
613174,57236200
613366,57240728
613558,57245255
613750,57249783
613942,57254311
614134,57258838
614326,57263366
614518,57267894
614710,57272421
614902,57276949
615094,57281476
615286,57286004
615478,57290532
615670,57295059
615862,57299587
616054,57304115
616246,57308642
616438,57313170
616630,57317698
616822,57322225
617014,57326753
617206,57331280
617398,57335808
617590,57340336
617782,57344863
617974,57349391
618166,57353919
618358,57358446
618550,57362974
618742,57367502
618934,57372029
619126,57376557
619318,57381084
619510,57385612
619702,57390140
619894,57394667
620086,57399195
620278,57403723
620470,57408250
620662,57412778
620854,57417306
621046,57421833
621238,57426361
621430,57430889
621622,57435416
621814,57439944
622006,57444471
622198,57448999
622390,57453527
622582,57458054
622774,57462582
622966,57467110
623158,57471637
623350,57476165
623542,57480693
623734,57485220
623926,57489748
624118,57494275
624310,57498803
624502,57503331
624694,57507858
624886,57512386
625078,57516914
625270,57521441
625462,57525969
625654,57530497
625846,57535024
626038,57539552
626230,57544079
626422,57548607
626614,57553135
626806,57557662
626998,57562190
627190,57566718
627382,57571245
627574,57575773
627766,57580301
627958,57584828
628150,57589356
628342,57593883
628534,57598411
628726,57602939
628918,57607466
629110,57611994
629302,57616522
629494,57621049
629686,57625577
629878,57630105
630070,57634632
630262,57639160
630454,57643687
630646,57648215
630838,57652743
631030,57657270
631222,57661798
631414,57666326
631606,57670853
631798,57675381
631990,57679909
632182,57684436
632374,57688964
632566,57693491
632758,57698019
632950,57702547
633142,57707074
633334,57711602
633526,57716130
633718,57720657
633910,57725185
634102,57729713
634294,57734240
634486,57738768
634678,57743296
634870,57747823
635062,57752351
635254,57756878
635446,57761406
635638,57765934
635830,57770461
636022,57774989
636214,57779517
636406,57784044
636598,57788572
636790,57793100
636982,57797627
637174,57802155
637366,57806682
637558,57811210
637750,57815738
637942,57820265
638134,57824793
638326,57829321
638518,57833848
638710,57838376
638902,57842904
639094,57847431
639286,57851959
639478,57856486
639670,57861014
639862,57865542
640054,57870069
640246,57874597
640438,57879125
640630,57883652
640822,57888180
641014,57892708
641206,57897235
641398,57901763
641590,57906291
641782,57910818
641974,57915346
642166,57919873
642358,57924401
642550,57928929
642742,57933456
642934,57937984
643126,57942512
643318,57947039
643510,57951567
643702,57956095
643894,57960622
644086,57965150
644278,57969677
644470,57974205
644662,57978733
644854,57983260
645046,57987788
645238,57992316
645430,57996843
645622,58001371
645814,58005899
646006,58010426
646198,58014954
646390,58019481
646582,58024009
646774,58028537
646966,58033064
647158,58037592
647350,58042120
647542,58046647
647734,58051175
647926,58055703
648118,58060230
648310,58064758
648502,58069286
648694,58073813
648886,58078341
649078,58082868
649270,58087396
649462,58091924
649654,58096451
649846,58100979
650038,58105507
650230,58110034
650422,58114562
650614,58119090
650806,58123617
650998,58128145
651190,58132672
651382,58137200
651574,58141728
651766,58146255
651958,58150783
652150,58155311
652342,58159838
652534,58164366
652726,58168894
652918,58173421
653110,58177949
653302,58182477
653494,58187004
653686,58191532
653878,58196059
654070,58200587
654262,58205115
654454,58209642
654646,58214170
654838,58218698
655030,58223225
655222,58227753
655414,58232281
655606,58236808
655798,58241336
655990,58245863
656182,58250391
656374,58254919
656566,58259446
656758,58263974
656950,58268502
657142,58273029
657334,58277557
657526,58282085
657718,58286612
657910,58291140
658102,58295667
658294,58300195
658486,58304723
658678,58309250
658870,58313778
659062,58318306
659254,58322833
659446,58327361
659638,58331889
659830,58336416
660022,58340944
660214,58345472
660406,58349999
660598,58354527
660790,58359054
660982,58363582
661174,58368110
661366,58372637
661558,58377165
661750,58381693
661942,58386220
662134,58390748
662326,58395276
662518,58399803
662710,58404331
662902,58408858
663094,58413386
663286,58417914
663478,58422441
663670,58426969
663862,58431497
664054,58436024
664246,58440552
664438,58445080
664630,58449607
664822,58454135
665014,58458662
665206,58463190
665398,58467718
665590,58472245
665782,58476773
665974,58481301
666166,58485828
666358,58490356
666550,58494884
666742,58499411
666934,58503939
667126,58508467
667318,58512994
667510,58517522
667702,58522049
667894,58526577
668086,58531105
668278,58535632
668470,58540160
668662,58544688
668854,58549215
669046,58553743
669238,58558271
669430,58562798
669622,58567326
669814,58571853
670006,58576381
670198,58580909
670390,58585436
670582,58589964
670774,58594492
670966,58599019
671158,58603547
671350,58608075
671542,58612602
671734,58617130
671926,58621657
672118,58626185
672310,58630713
672502,58635240
672694,58639768
672886,58644296
673078,58648823
673270,58653351
673462,58657879
673654,58662406
673846,58666934
674038,58671461
674230,58675989
674422,58680517
674614,58685044
674806,58689572
674998,58694100
675190,58698627
675382,58703155
675574,58707683
675766,58712210
675958,58716738
676150,58721266
676342,58725793
676534,58730321
676726,58734848
676918,58739376
677110,58743904
677302,58748431
677494,58752959
677686,58757487
677878,58762014
678070,58766542
678262,58771070
678454,58775597
678646,58780125
678838,58784652
679030,58789180
679222,58793708
679414,58798235
679606,58802763
679798,58807291
679990,58811818
680182,58816346
680374,58820874
680566,58825401
680758,58829929
680950,58834456
681142,58838984
681334,58843512
681526,58848039
681718,58852567
681910,58857095
682102,58861622
682294,58866150
682486,58870678
682678,58875205
682870,58879733
683062,58884260
683254,58888788
683446,58893316
683638,58897843
683830,58902371
684022,58906899
684214,58911426
684406,58915954
684598,58920482
684790,58925009
684982,58929537
685174,58934065
685366,58938592
685558,58943120
685750,58947647
685942,58952175
686134,58956703
686326,58961230
686518,58965758
686710,58970286
686902,58974813
687094,58979341
687286,58983869
687478,58988396
687670,58992924
687862,58997451
688054,59001979
688246,59006507
688438,59011034
688630,59015562
688822,59020090
689014,59024617
689206,59029145
689398,59033673
689590,59038200
689782,59042728
689974,59047255
690166,59051783
690358,59056311
690550,59060838
690742,59065366
690934,59069894
691126,59074421
691318,59078949
691510,59083477
691702,59088004
691894,59092532
692086,59097059
692278,59101587
692470,59106115
692662,59110642
692854,59115170
693046,59119698
693238,59124225
693430,59128753
693622,59133281
693814,59137808
694006,59142336
694198,59146863
694390,59151391
694582,59155919
694774,59160446
694966,59164974
695158,59169502
695350,59174029
695542,59178557
695734,59183085
695926,59187612
696118,59192140
696310,59196667
696502,59201195
696694,59205723
696886,59210250
697078,59214778
697270,59219306
697462,59223833
697654,59228361
697846,59232889
698038,59237416
698230,59241944
698422,59246471
698614,59250999
698806,59255527
698998,59260054
699190,59264582
699382,59269110
699574,59273637
699766,59278165
699958,59282693
700150,59287220
700342,59291748
700534,59296275
700726,59300803
700918,59305331
701110,59309858
701302,59314386
701494,59318914
701686,59323441
701878,59327969
702070,59332497
702262,59337024
702454,59341552
702646,59346079
702838,59350607
703030,59355135
703222,59359662
703414,59364190
703606,59368718
703798,59373245
703990,59377773
704182,59382301
704374,59386828
704566,59391356
704758,59395884
704950,59400411
705142,59404939
705334,59409466
705526,59413994
705718,59418522
705910,59423049
706102,59427577
706294,59432105
706486,59436632
706678,59441160
706870,59445688
707062,59450215
707254,59454743
707446,59459270
707638,59463798
707830,59468326
708022,59472853
708214,59477381
708406,59481909
708598,59486436
708790,59490964
708982,59495492
709174,59500019
709366,59504547
709558,59509074
709750,59513602
709942,59518130
710134,59522657
710326,59527185
710518,59531713
710710,59536240
710902,59540768
711094,59545296
711286,59549823
711478,59554351
711670,59558878
711862,59563406
712054,59567934
712246,59572461
712438,59576989
712630,59581517
712822,59586044
713014,59590572
713206,59595100
713398,59599627
713590,59604155
713782,59608682
713974,59613210
714166,59617738
714358,59622265
714550,59626793
714742,59631321
714934,59635848
715126,59640376
715318,59644904
715510,59649431
715702,59653959
715894,59658487
716086,59663014
716278,59667542
716470,59672069
716662,59676597
716854,59681125
717046,59685652
717238,59690180
717430,59694708
717622,59699235
717814,59703763
718006,59708291
718198,59712818
718390,59717346
718582,59721873
718774,59726401
718966,59730929
719158,59735456
719350,59739984
719542,59744512
719734,59749039
719926,59753567
720118,59758095
720310,59762622
720502,59767150
720694,59771677
720886,59776205
721078,59780733
721270,59785260
721462,59789788
721654,59794316
721846,59798843
722038,59803371
722230,59807899
722422,59812426
722614,59816954
722806,59821481
722998,59826009
723190,59830537
723382,59835064
723574,59839592
723766,59844120
723958,59848647
724150,59853175
724342,59857703
724534,59862230
724726,59866758
724918,59871286
725110,59875813
725302,59880341
725494,59884868
725686,59889396
725878,59893924
726070,59898451
726262,59902979
726454,59907507
726646,59912034
726838,59916562
727030,59921090
727222,59925617
727414,59930145
727606,59934672
727798,59939200
727990,59943728
728182,59948255
728374,59952783
728566,59957311
728758,59961838
728950,59966366
729142,59970894
729334,59975421
729526,59979949
729718,59984476
729910,59989004
730102,59993532
730294,59998059
730486,60002587
730678,60007115
730870,60011642
731062,60016170
731254,60020698
731446,60025225
731638,60029753
731830,60034280
732022,60038808
732214,60043336
732406,60047863
732598,60052391
732790,60056919
732982,60061446
733174,60065974
733366,60070502
733558,60075029
733750,60079557
733942,60084084
734134,60088612
734326,60093140
734518,60097667
734710,60102195
734902,60106723
735094,60111250
735286,60115778
735478,60120306
735670,60124833
735862,60129361
736054,60133889
736246,60138416
736438,60142944
736630,60147471
736822,60151999
737014,60156527
737206,60161054
737398,60165582
737590,60170110
737782,60174637
737974,60179165
738166,60183693
738358,60188220
738550,60192748
738742,60197275
738934,60201803
739126,60206331
739318,60210858
739510,60215386
739702,60219914
739894,60224441
740086,60228969
740278,60233497
740470,60238024
740662,60242552
740854,60247079
741046,60251607
741238,60256135
741430,60260662
741622,60265190
741814,60269718
742006,60274245
742198,60278773
742390,60283301
742582,60287828
742774,60292356
742966,60296883
743158,60301411
743350,60305939
743542,60310466
743734,60314994
743926,60319522
744118,60324049
744310,60328577
744502,60333105
744694,60337632
744886,60342160
745078,60346688
745270,60351215
745462,60355743
745654,60360270
745846,60364798
746038,60369326
746230,60373853
746422,60378381
746614,60382909
746806,60387436
746998,60391964
747190,60396492
747382,60401019
747574,60405547
747766,60410074
747958,60414602
748150,60419130
748342,60423657
748534,60428185
748726,60432713
748918,60437240
749110,60441768
749302,60446296
749494,60450823
749686,60455351
749878,60459878
750070,60464406
750262,60468934
750454,60473461
750646,60477989
750838,60482517
751030,60487044
751222,60491572
751414,60496100
751606,60500627
751798,60505155
751990,60509683
752182,60514210
752374,60518738
752566,60523265
752758,60527793
752950,60532321
753142,60536848
753334,60541376
753526,60545904
753718,60550431
753910,60554959
754102,60559487
754294,60564014
754486,60568542
754678,60573069
754870,60577597
755062,60582125
755254,60586652
755446,60591180
755638,60595708
755830,60600235
756022,60604763
756214,60609291
756406,60613818
756598,60618346
756790,60622873
756982,60627401
757174,60631929
757366,60636456
757558,60640984
757750,60645512
757942,60650039
758134,60654567
758326,60659095
758518,60663622
758710,60668150
758902,60672678
759094,60677205
759286,60681733
759478,60686260
759670,60690788
759862,60695316
760054,60699843
760246,60704371
760438,60708899
760630,60713426
760822,60717954
761014,60722482
761206,60727009
761398,60731537
761590,60736064
761782,60740592
761974,60745120
762166,60749647
762358,60754175
762550,60758703
762742,60763230
762934,60767758
763126,60772286
763318,60776813
763510,60781341
763702,60785869
763894,60790396
764086,60794924
764278,60799451
764470,60803979
764662,60808507
764854,60813034
765046,60817562
765238,60822090
765430,60826617
765622,60831145
765814,60835673
766006,60840200
766198,60844728
766390,60849255
766582,60853783
766774,60858311
766966,60862838
767158,60867366
767350,60871894
767542,60876421
767734,60880949
767926,60885477
768118,60890004
768310,60894532
768502,60899060
768694,60903587
768886,60908115
769078,60912642
769270,60917170
769462,60921698
769654,60926225
769846,60930753
770038,60935281
770230,60939808
770422,60944336
770614,60948864
770806,60953391
770998,60957919
771190,60962446
771382,60966974
771574,60971502
771766,60976029
771958,60980557
772150,60985085
772342,60989612
772534,60994140
772726,60998668
772918,61003195
773110,61007723
773302,61012251
773494,61016778
773686,61021306
773878,61025833
774070,61030361
774262,61034889
774454,61039416
774646,61043944
774838,61048472
775030,61052999
775222,61057527
775414,61062055
775606,61066582
775798,61071110
775990,61075637
776182,61080165
776374,61084693
776566,61089220
776758,61093748
776950,61098276
777142,61102803
777334,61107331
777526,61111859
777718,61116386
777910,61120914
778102,61125442
778294,61129969
778486,61134497
778678,61139024
778870,61143552
779062,61148080
779254,61152607
779446,61157135
779638,61161663
779830,61166190
780022,61170718
780214,61175246
780406,61179773
780598,61184301
780790,61188828
780982,61193356
781174,61197884
781366,61202411
781558,61206939
781750,61211467
781942,61215994
782134,61220522
782326,61225050
782518,61229577
782710,61234105
782902,61238633
783094,61243160
783286,61247688
783478,61252215
783670,61256743
783862,61261271
784054,61265798
784246,61270326
784438,61274854
784630,61279381
784822,61283909
785014,61288437
785206,61292964
785398,61297492
785590,61302019
785782,61306547
785974,61311075
786166,61315602
786358,61320130
786550,61324658
786742,61329185
786934,61333713
787126,61338241
787318,61342768
787510,61347296
787702,61351824
787894,61356351
788086,61360879
788278,61365406
788470,61369934
788662,61374462
788854,61378989
789046,61383517
789238,61388045
789430,61392572
789622,61397100
789814,61401628
790006,61406155
790198,61410683
790390,61415210
790582,61419738
790774,61424266
790966,61428793
791158,61433321
791350,61437849
791542,61442376
791734,61446904
791926,61451432
792118,61455959
792310,61460487
792502,61465015
792694,61469542
792886,61474070
793078,61478597
793270,61483125
793462,61487653
793654,61492180
793846,61496708
794038,61501236
794230,61505763
794422,61510291
794614,61514819
794806,61519346
794998,61523874
795190,61528402
795382,61532929
795574,61537457
795766,61541984
795958,61546512
796150,61551040
796342,61555567
796534,61560095
796726,61564623
796918,61569150
797110,61573678
797302,61578206
797494,61582733
797686,61587261
797878,61591788
798070,61596316
798262,61600844
798454,61605371
798646,61609899
798838,61614427
799030,61618954
799222,61623482
799414,61628010
799606,61632537
799798,61637065
799990,61641593
800182,61646120
800374,61650648
800566,61655175
800758,61659703
800950,61664231
801142,61668758
801334,61673286
801526,61677814
801718,61682341
801910,61686869
802102,61691397
802294,61695924
802486,61700452
802678,61704979
802870,61709507
803062,61714035
803254,61718562
803446,61723090
803638,61727618
803830,61732145
804022,61736673
804214,61741201
804406,61745728
804598,61750256
804790,61754784
804982,61759311
805174,61763839
805366,61768366
805558,61772894
805750,61777422
805942,61781949
806134,61786477
806326,61791005
806518,61795532
806710,61800060
806902,61804588
807094,61809115
807286,61813643
807478,61818170
807670,61822698
807862,61827226
808054,61831753
808246,61836281
808438,61840809
808630,61845336
808822,61849864
809014,61854392
809206,61858919
809398,61863447
809590,61867975
809782,61872502
809974,61877030
810166,61881557
810358,61886085
810550,61890613
810742,61895140
810934,61899668
811126,61904196
811318,61908723
811510,61913251
811702,61917779
811894,61922306
812086,61926834
812278,61931362
812470,61935889
812662,61940417
812854,61944944
813046,61949472
813238,61954000
813430,61958527
813622,61963055
813814,61967583
814006,61972110
814198,61976638
814390,61981166
814582,61985693
814774,61990221
814966,61994748
815158,61999276
815350,62003804
815542,62008331
815734,62012859
815926,62017387
816118,62021914
816310,62026442
816502,62030970
816694,62035497
816886,62040025
817078,62044553
817270,62049080
817462,62053608
817654,62058135
817846,62062663
818038,62067191
818230,62071718
818422,62076246
818614,62080774
818806,62085301
818998,62089829
819190,62094357
819382,62098884
819574,62103412
819766,62107940
819958,62112467
820150,62116995
820342,62121522
820534,62126050
820726,62130578
820918,62135105
821110,62139633
821302,62144161
821494,62148688
821686,62153216
821878,62157744
822070,62162271
822262,62166799
822454,62171326
822646,62175854
822838,62180382
823030,62184909
823222,62189437
823414,62193965
823606,62198492
823798,62203020
823990,62207548
824182,62212075
824374,62216603
824566,62221131
824758,62225658
824950,62230186
825142,62234713
825334,62239241
825526,62243769
825718,62248296
825910,62252824
826102,62257352
826294,62261879
826486,62266407
826678,62270935
826870,62275462
827062,62279990
827254,62284518
827446,62289045
827638,62293573
827830,62298100
828022,62302628
828214,62307156
828406,62311683
828598,62316211
828790,62320739
828982,62325266
829174,62329794
829366,62334322
829558,62338849
829750,62343377
829942,62347904
830134,62352432
830326,62356960
830518,62361487
830710,62366015
830902,62370543
831094,62375070
831286,62379598
831478,62384126
831670,62388653
831862,62393181
832054,62397709
832246,62402236
832438,62406764
832630,62411291
832822,62415819
833014,62420347
833206,62424874
833398,62429402
833590,62433930
833782,62438457
833974,62442985
834166,62447513
834358,62452040
834550,62456568
834742,62461096
834934,62465623
835126,62470151
835318,62474678
835510,62479206
835702,62483734
835894,62488261
836086,62492789
836278,62497317
836470,62501844
836662,62506372
836854,62510900
837046,62515427
837238,62519955
837430,62524482
837622,62529010
837814,62533538
838006,62538065
838198,62542593
838390,62547121
838582,62551648
838774,62556176
838966,62560704
839158,62565231
839350,62569759
839542,62574287
839734,62578814
839926,62583342
840118,62587869
840310,62592397
840502,62596925
840694,62601452
840886,62605980
841078,62610508
841270,62615035
841462,62619563
841654,62624091
841846,62628618
842038,62633146
842230,62637674
842422,62642201
842614,62646729
842806,62651256
842998,62655784
843190,62660312
843382,62664839
843574,62669367
843766,62673895
843958,62678422
844150,62682950
844342,62687478
844534,62692005
844726,62696533
844918,62701061
845110,62705588
845302,62710116
845494,62714643
845686,62719171
845878,62723699
846070,62728226
846262,62732754
846454,62737282
846646,62741809
846838,62746337
847030,62750865
847222,62755392
847414,62759920
847606,62764447
847798,62768975
847990,62773503
848182,62778030
848374,62782558
848566,62787086
848758,62791613
848950,62796141
849142,62800669
849334,62805196
849526,62809724
849718,62814252
849910,62818779
850102,62823307
850294,62827834
850486,62832362
850678,62836890
850870,62841417
851062,62845945
851254,62850473
851446,62855000
851638,62859528
851830,62864056
852022,62868583
852214,62873111
852406,62877639
852598,62882166
852790,62886694
852982,62891221
853174,62895749
853366,62900277
853558,62904804
853750,62909332
853942,62913860
854134,62918387
854326,62922915
854518,62927443
854710,62931970
854902,62936498
855094,62941026
855286,62945553
855478,62950081
855670,62954608
855862,62959136
856054,62963664
856246,62968191
856438,62972719
856630,62977247
856822,62981774
857014,62986302
857206,62990830
857398,62995357
857590,62999885
857782,63004412
857974,63008940
858166,63013468
858358,63017995
858550,63022523
858742,63027051
858934,63031578
859126,63036106
859318,63040634
859510,63045161
859702,63049689
859894,63054217
860086,63058744
860278,63063272
860470,63067799
860662,63072327
860854,63076855
861046,63081382
861238,63085910
861430,63090438
861622,63094965
861814,63099493
862006,63104021
862198,63108548
862390,63113076
862582,63117604
862774,63122131
862966,63126659
863158,63131186
863350,63135714
863542,63140242
863734,63144769
863926,63149297
864118,63153825
864310,63158352
864502,63162880
864694,63167408
864886,63171935
865078,63176463
865270,63180991
865462,63185518
865654,63190046
865846,63194573
866038,63199101
866230,63203629
866422,63208156
866614,63212684
866806,63217212
866998,63221739
867190,63226267
867382,63230795
867574,63235322
867766,63239850
867958,63244377
868150,63248905
868342,63253433
868534,63257960
868726,63262488
868918,63267016
869110,63271543
869302,63276071
869494,63280599
869686,63285126
869878,63289654
870070,63294182
870262,63298709
870454,63303237
870646,63307764
870838,63312292
871030,63316820
871222,63321347
871414,63325875
871606,63330403
871798,63334930
871990,63339458
872182,63343986
872374,63348513
872566,63353041
872758,63357569
872950,63362096
873142,63366624
873334,63371151
873526,63375679
873718,63380207
873910,63384734
874102,63389262
874294,63393790
874486,63398317
874678,63402845
874870,63407373
875062,63411900
875254,63416428
875446,63420955
875638,63425483
875830,63430011
876022,63434538
876214,63439066
876406,63443594
876598,63448121
876790,63452649
876982,63457177
877174,63461704
877366,63466232
877558,63470760
877750,63475287
877942,63479815
878134,63484342
878326,63488870
878518,63493398
878710,63497925
878902,63502453
879094,63506981
879286,63511508
879478,63516036
879670,63520564
879862,63525091
880054,63529619
880246,63534147
880438,63538674
880630,63543202
880822,63547729
881014,63552257
881206,63556785
881398,63561312
881590,63565840
881782,63570368
881974,63574895
882166,63579423
882358,63583951
882550,63588478
882742,63593006
882934,63597533
883126,63602061
883318,63606589
883510,63611116
883702,63615644
883894,63620172
884086,63624699
884278,63629227
884470,63633755
884662,63638282
884854,63642810
885046,63647338
885238,63651865
885430,63656393
885622,63660920
885814,63665448
886006,63669976
886198,63674503
886390,63679031
886582,63683559
886774,63688086
886966,63692614
887158,63697142
887350,63701669
887542,63706197
887734,63710724
887926,63715252
888118,63719780
888310,63724307
888502,63728835
888694,63733363
888886,63737890
889078,63742418
889270,63746946
889462,63751473
889654,63756001
889846,63760529
890038,63765056
890230,63769584
890422,63774111
890614,63778639
890806,63783167
890998,63787694
891190,63792222
891382,63796750
891574,63801277
891766,63805805
891958,63810333
892150,63814860
892342,63819388
892534,63823915
892726,63828443
892918,63832971
893110,63837498
893302,63842026
893494,63846554
893686,63851081
893878,63855609
894070,63860137
894262,63864664
894454,63869192
894646,63873720
894838,63878247
895030,63882775
895222,63887302
895414,63891830
895606,63896358
895798,63900885
895990,63905413
896182,63909941
896374,63914468
896566,63918996
896758,63923524
896950,63928051
897142,63932579
897334,63937107
897526,63941634
897718,63946162
897910,63950689
898102,63955217
898294,63959745
898486,63964272
898678,63968800
898870,63973328
899062,63977855
899254,63982383
899446,63986911
899638,63991438
899830,63995966
900022,64000493
900214,64005021
900406,64009549
900598,64014076
900790,64018604
900982,64023132
901174,64027659
901366,64032187
901558,64036715
901750,64041242
901942,64045770
902134,64050298
902326,64054825
902518,64059353
902710,64063880
902902,64068408
903094,64072936
903286,64077463
903478,64081991
903670,64086519
903862,64091046
904054,64095574
904246,64100102
904438,64104629
904630,64109157
904822,64113684
905014,64118212
905206,64122740
905398,64127267
905590,64131795
905782,64136323
905974,64140850
906166,64145378
906358,64149906
906550,64154433
906742,64158961
906934,64163489
907126,64168016
907318,64172544
907510,64177071
907702,64181599
907894,64186127
908086,64190654
908278,64195182
908470,64199710
908662,64204237
908854,64208765
909046,64213293
909238,64217820
909430,64222348
909622,64226875
909814,64231403
910006,64235931
910198,64240458
910390,64244986
910582,64249514
910774,64254041
910966,64258569
911158,64263097
911350,64267624
911542,64272152
911734,64276680
911926,64281207
912118,64285735
912310,64290262
912502,64294790
912694,64299318
912886,64303845
913078,64308373
913270,64312901
913462,64317428
913654,64321956
913846,64326484
914038,64331011
914230,64335539
914422,64340067
914614,64344594
914806,64349122
914998,64353649
915190,64358177
915382,64362705
915574,64367232
915766,64371760
915958,64376288
916150,64380815
916342,64385343
916534,64389871
916726,64394398
916918,64398926
917110,64403453
917302,64407981
917494,64412509
917686,64417036
917878,64421564
918070,64426092
918262,64430619
918454,64435147
918646,64439675
918838,64444202
919030,64448730
919222,64453257
919414,64457785
919606,64462313
919798,64466840
919990,64471368
920182,64475896
920374,64480423
920566,64484951
920758,64489479
920950,64494006
921142,64498534
921334,64503062
921526,64507589
921718,64512117
921910,64516644
922102,64521172
922294,64525700
922486,64530227
922678,64534755
922870,64539283
923062,64543810
923254,64548338
923446,64552866
923638,64557393
923830,64561921
924022,64566448
924214,64570976
924406,64575504
924598,64580031
924790,64584559
924982,64589087
925174,64593614
925366,64598142
925558,64602670
925750,64607197
925942,64611725
926134,64616252
926326,64620780
926518,64625308
926710,64629835
926902,64634363
927094,64638891
927286,64643418
927478,64647946
927670,64652474
927862,64657001
928054,64661529
928246,64666057
928438,64670584
928630,64675112
928822,64679639
929014,64684167
929206,64688695
929398,64693222
929590,64697750
929782,64702278
929974,64706805
930166,64711333
930358,64715861
930550,64720388
930742,64724916
930934,64729443
931126,64733971
931318,64738499
931510,64743026
931702,64747554
931894,64752082
932086,64756609
932278,64761137
932470,64765665
932662,64770192
932854,64774720
933046,64779247
933238,64783775
933430,64788303
933622,64792830
933814,64797358
934006,64801886
934198,64806413
934390,64810941
934582,64815469
934774,64819996
934966,64824524
935158,64829052
935350,64833579
935542,64838107
935734,64842634
935926,64847162
936118,64851690
936310,64856217
936502,64860745
936694,64865273
936886,64869800
937078,64874328
937270,64878856
937462,64883383
937654,64887911
937846,64892438
938038,64896966
938230,64901494
938422,64906021
938614,64910549
938806,64915077
938998,64919604
939190,64924132
939382,64928660
939574,64933187
939766,64937715
939958,64942242
940150,64946770
940342,64951298
940534,64955825
940726,64960353
940918,64964881
941110,64969408
941302,64973936
941494,64978464
941686,64982991
941878,64987519
942070,64992046
942262,64996574
942454,65001102
942646,65005629
942838,65010157
943030,65014685
943222,65019212
943414,65023740
943606,65028268
943798,65032795
943990,65037323
944182,65041851
944374,65046378
944566,65050906
944758,65055433
944950,65059961
945142,65064489
945334,65069016
945526,65073544
945718,65078072
945910,65082599
946102,65087127
946294,65091655
946486,65096182
946678,65100710
946870,65105237
947062,65109765
947254,65114293
947446,65118820
947638,65123348
947830,65127876
948022,65132403
948214,65136931
948406,65141459
948598,65145986
948790,65150514
948982,65155041
949174,65159569
949366,65164097
949558,65168624
949750,65173152
949942,65177680
950134,65182207
950326,65186735
950518,65191263
950710,65195790
950902,65200318
951094,65204845
951286,65209373
951478,65213901
951670,65218428
951862,65222956
952054,65227484
952246,65232011
952438,65236539
952630,65241067
952822,65245594
953014,65250122
953206,65254649
953398,65259177
953590,65263705
953782,65268232
953974,65272760
954166,65277288
954358,65281815
954550,65286343
954742,65290871
954934,65295398
955126,65299926
955318,65304453
955510,65308981
955702,65313509
955894,65318036
956086,65322564
956278,65327092
956470,65331619
956662,65336147
956854,65340675
957046,65345202
957238,65349730
957430,65354258
957622,65358785
957814,65363313
958006,65367840
958198,65372368
958390,65376896
958582,65381423
958774,65385951
958966,65390479
959158,65395006
959350,65399534
959542,65404062
959734,65408589
959926,65413117
960118,65417644
960310,65422172
960502,65426700
960694,65431227
960886,65435755
961078,65440283
961270,65444810
961462,65449338
961654,65453866
961846,65458393
962038,65462921
962230,65467448
962422,65471976
962614,65476504
962806,65481031
962998,65485559
963190,65490087
963382,65494614
963574,65499142
963766,65503670
963958,65508197
964150,65512725
964342,65517252
964534,65521780
964726,65526308
964918,65530835
965110,65535363
965302,65539891
965494,65544418
965686,65548946
965878,65553474
966070,65558001
966262,65562529
966454,65567056
966646,65571584
966838,65576112
967030,65580639
967222,65585167
967414,65589695
967606,65594222
967798,65598750
967990,65603278
968182,65607805
968374,65612333
968566,65616860
968758,65621388
968950,65625916
969142,65630443
969334,65634971
969526,65639499
969718,65644026
969910,65648554
970102,65653082
970294,65657609
970486,65662137
970678,65666664
970870,65671192
971062,65675720
971254,65680247
971446,65684775
971638,65689303
971830,65693830
972022,65698358
972214,65702886
972406,65707413
972598,65711941
972790,65716468
972982,65720996
973174,65725524
973366,65730051
973558,65734579
973750,65739107
973942,65743634
974134,65748162
974326,65752690
974518,65757217
974710,65761745
974902,65766273
975094,65770800
975286,65775328
975478,65779855
975670,65784383
975862,65788911
976054,65793438
976246,65797966
976438,65802494
976630,65807021
976822,65811549
977014,65816077
977206,65820604
977398,65825132
977590,65829659
977782,65834187
977974,65838715
978166,65843242
978358,65847770
978550,65852298
978742,65856825
978934,65861353
979126,65865881
979318,65870408
979510,65874936
979702,65879463
979894,65883991
980086,65888519
980278,65893046
980470,65897574
980662,65902102
980854,65906629
981046,65911157
981238,65915685
981430,65920212
981622,65924740
981814,65929267
982006,65933795
982198,65938323
982390,65942850
982582,65947378
982774,65951906
982966,65956433
983158,65960961
983350,65965489
983542,65970016
983734,65974544
983926,65979071
984118,65983599
984310,65988127
984502,65992654
984694,65997182
984886,66001710
985078,66006237
985270,66010765
985462,66015293
985654,66019820
985846,66024348
986038,66028875
986230,66033403
986422,66037931
986614,66042458
986806,66046986
986998,66051514
987190,66056041
987382,66060569
987574,66065097
987766,66069624
987958,66074152
988150,66078679
988342,66083207
988534,66087735
988726,66092262
988918,66096790
989110,66101318
989302,66105845
989494,66110373
989686,66114901
989878,66119428
990070,66123956
990262,66128483
990454,66133011
990646,66137539
990838,66142066
991030,66146594
991222,66151122
991414,66155649
991606,66160177
991798,66164705
991990,66169232
992182,66173760
992374,66178288
992566,66182815
992758,66187343
992950,66191870
993142,66196398
993334,66200926
993526,66205453
993718,66209981
993910,66214509
994102,66219036
994294,66223564
994486,66228092
994678,66232619
994870,66237147
995062,66241674
995254,66246202
995446,66250730
995638,66255257
995830,66259785
996022,66264313
996214,66268840
996406,66273368
996598,66277896
996790,66282423
996982,66286951
997174,66291478
997366,66296006
997558,66300534
997750,66305061
997942,66309589
998134,66314117
998326,66318644
998518,66323172
998710,66327700
998902,66332227
999094,66336755
999286,66341282
999478,66345810
999670,66350338
999862,66354865
1000054,66359393
1000246,66363921
1000438,66368448
1000630,66372976
1000822,66377504
1001014,66382031
1001206,66386559
1001398,66391086
1001590,66395614
1001782,66400142
1001974,66404669
1002166,66409197
1002358,66413725
1002550,66418252
1002742,66422780
1002934,66427308
1003126,66431835
1003318,66436363
1003510,66440890
1003702,66445418
1003894,66449946
1004086,66454473
1004278,66459001
1004470,66463529
1004662,66468056
1004854,66472584
1005046,66477112
1005238,66481639
1005430,66486167
1005622,66490694
1005814,66495222
1006006,66499750
1006198,66504277
1006390,66508805
1006582,66513333
1006774,66517860
1006966,66522388
1007158,66526916
1007350,66531443
1007542,66535971
1007734,66540498
1007926,66545026
1008118,66549554
1008310,66554081
1008502,66558609
1008694,66563137
1008886,66567664
1009078,66572192
1009270,66576720
1009462,66581247
1009654,66585775
1009846,66590302
1010038,66594830
1010230,66599358
1010422,66603885
1010614,66608413
1010806,66612941
1010998,66617468
1011190,66621996
1011382,66626524
1011574,66631051
1011766,66635579
1011958,66640106
1012150,66644634
1012342,66649162
1012534,66653689
1012726,66658217
1012918,66662745
1013110,66667272
1013302,66671800
1013494,66676328
1013686,66680855
1013878,66685383
1014070,66689910
1014262,66694438
1014454,66698966
1014646,66703493
1014838,66708021
1015030,66712549
1015222,66717076
1015414,66721604
1015606,66726132
1015798,66730659
1015990,66735187
1016182,66739714
1016374,66744242
1016566,66748770
1016758,66753297
1016950,66757825
1017142,66762353
1017334,66766880
1017526,66771408
1017718,66775936
1017910,66780463
1018102,66784991
1018294,66789518
1018486,66794046
1018678,66798574
1018870,66803101
1019062,66807629
1019254,66812157
1019446,66816684
1019638,66821212
1019830,66825740
1020022,66830267
1020214,66834795
1020406,66839322
1020598,66843850
1020790,66848378
1020982,66852905
1021174,66857433
1021366,66861961
1021558,66866488
1021750,66871016
1021942,66875544
1022134,66880071
1022326,66884599
1022518,66889126
1022710,66893654
1022902,66898182
1023094,66902709
1023286,66907237
1023478,66911765
1023670,66916292
1023862,66920820
1024054,66925348
1024246,66929875
1024438,66934403
1024630,66938930
1024822,66943458
1025014,66947986
1025206,66952513
1025398,66957041
1025590,66961569
1025782,66966096
1025974,66970624
1026166,66975152
1026358,66979679
1026550,66984207
1026742,66988734
1026934,66993262
1027126,66997790
1027318,67002317
1027510,67006845
1027702,67011373
1027894,67015900
1028086,67020428
1028278,67024956
1028470,67029483
1028662,67034011
1028854,67038538
1029046,67043066
1029238,67047594
1029430,67052121
1029622,67056649
1029814,67061177
1030006,67065704
1030198,67070232
1030390,67074760
1030582,67079287
1030774,67083815
1030966,67088342
1031158,67092870
1031350,67097398
1031542,67101925
1031734,67106453
1031926,67110981
1032118,67115508
1032310,67120036
1032502,67124564
1032694,67129091
1032886,67133619
1033078,67138146
1033270,67142674
1033462,67147202
1033654,67151729
1033846,67156257
1034038,67160785
1034230,67165312
1034422,67169840
1034614,67174368
1034806,67178895
1034998,67183423
1035190,67187950
1035382,67192478
1035574,67197006
1035766,67201533
1035958,67206061
1036150,67210589
1036342,67215116
1036534,67219644
1036726,67224172
1036918,67228699
1037110,67233227
1037302,67237754
1037494,67242282
1037686,67246810
1037878,67251337
1038070,67255865
1038262,67260393
1038454,67264920
1038646,67269448
1038838,67273976
1039030,67278503
1039222,67283031
1039414,67287558
1039606,67292086
1039798,67296614
1039990,67301141
1040182,67305669
1040374,67310197
1040566,67314724
1040758,67319252
1040950,67323780
1041142,67328307
1041334,67332835
1041526,67337362
1041718,67341890
1041910,67346418
1042102,67350945
1042294,67355473
1042486,67360001
1042678,67364528
1042870,67369056
1043062,67373584
1043254,67378111
1043446,67382639
1043638,67387166
1043830,67391694
1044022,67396222
1044214,67400749
1044406,67405277
1044598,67409805
1044790,67414332
1044982,67418860
1045174,67423387
1045366,67427915
1045558,67432443
1045750,67436970
1045942,67441498
1046134,67446026
1046326,67450553
1046518,67455081
1046710,67459609
1046902,67464136
1047094,67468664
1047286,67473191
1047478,67477719
1047670,67482247
1047862,67486774
1048054,67491302
1048246,67495830
1048438,67500357
1048630,67504885
1048822,67509413
1049014,67513940
1049206,67518468
1049398,67522995
1049590,67527523
1049782,67532051
1049974,67536578
1050166,67541106
1050358,67545634
1050550,67550161
1050742,67554689
1050934,67559217
1051126,67563744
1051318,67568272
1051510,67572799
1051702,67577327
1051894,67581855
1052086,67586382
1052278,67590910
1052470,67595438
1052662,67599965
1052854,67604493
1053046,67609021
1053238,67613548
1053430,67618076
1053622,67622603
1053814,67627131
1054006,67631659
1054198,67636186
1054390,67640714
1054582,67645242
1054774,67649769
1054966,67654297
1055158,67658825
1055350,67663352
1055542,67667880
1055734,67672407
1055926,67676935
1056118,67681463
1056310,67685990
1056502,67690518
1056694,67695046
1056886,67699573
1057078,67704101
1057270,67708629
1057462,67713156
1057654,67717684
1057846,67722211
1058038,67726739
1058230,67731267
1058422,67735794
1058614,67740322
1058806,67744850
1058998,67749377
1059190,67753905
1059382,67758433
1059574,67762960
1059766,67767488
1059958,67772015
1060150,67776543
1060342,67781071
1060534,67785598
1060726,67790126
1060918,67794654
1061110,67799181
1061302,67803709
1061494,67808237
1061686,67812764
1061878,67817292
1062070,67821819
1062262,67826347
1062454,67830875
1062646,67835402
1062838,67839930
1063030,67844458
1063222,67848985
1063414,67853513
1063606,67858041
1063798,67862568
1063990,67867096
1064182,67871623
1064374,67876151
1064566,67880679
1064758,67885206
1064950,67889734
1065142,67894262
1065334,67898789
1065526,67903317
1065718,67907845
1065910,67912372
1066102,67916900
1066294,67921427
1066486,67925955
1066678,67930483
1066870,67935010
1067062,67939538
1067254,67944066
1067446,67948593
1067638,67953121
1067830,67957648
1068022,67962176
1068214,67966704
1068406,67971231
1068598,67975759
1068790,67980287
1068982,67984814
1069174,67989342
1069366,67993870
1069558,67998397
1069750,68002925
1069942,68007452
1070134,68011980
1070326,68016508
1070518,68021035
1070710,68025563
1070902,68030091
1071094,68034618
1071286,68039146
1071478,68043674
1071670,68048201
1071862,68052729
1072054,68057256
1072246,68061784
1072438,68066312
1072630,68070839
1072822,68075367
1073014,68079895
1073206,68084422
1073398,68088950
1073590,68093478
1073782,68098005
1073974,68102533
1074166,68107060
1074358,68111588
1074550,68116116
1074742,68120643
1074934,68125171
1075126,68129699
1075318,68134226
1075510,68138754
1075702,68143282
1075894,68147809
1076086,68152337
1076278,68156864
1076470,68161392
1076662,68165920
1076854,68170447
1077046,68174975
1077238,68179503
1077430,68184030
1077622,68188558
1077814,68193086
1078006,68197613
1078198,68202141
1078390,68206668
1078582,68211196
1078774,68215724
1078966,68220251
1079158,68224779
1079350,68229307
1079542,68233834
1079734,68238362
1079926,68242890
1080118,68247417
1080310,68251945
1080502,68256472
1080694,68261000
1080886,68265528
1081078,68270055
1081270,68274583
1081462,68279111
1081654,68283638
1081846,68288166
1082038,68292694
1082230,68297221
1082422,68301749
1082614,68306276
1082806,68310804
1082998,68315332
1083190,68319859
1083382,68324387
1083574,68328915
1083766,68333442
1083958,68337970
1084150,68342498
1084342,68347025
1084534,68351553
1084726,68356080
1084918,68360608
1085110,68365136
1085302,68369663
1085494,68374191
1085686,68378719
1085878,68383246
1086070,68387774
1086262,68392302
1086454,68396829
1086646,68401357
1086838,68405884
1087030,68410412
1087222,68414940
1087414,68419467
1087606,68423995
1087798,68428523
1087990,68433050
1088182,68437578
1088374,68442105
1088566,68446633
1088758,68451161
1088950,68455688
1089142,68460216
1089334,68464744
1089526,68469271
1089718,68473799
1089910,68478327
1090102,68482854
1090294,68487382
1090486,68491909
1090678,68496437
1090870,68500965
1091062,68505492
1091254,68510020
1091446,68514548
1091638,68519075
1091830,68523603
1092022,68528131
1092214,68532658
1092406,68537186
1092598,68541713
1092790,68546241
1092982,68550769
1093174,68555296
1093366,68559824
1093558,68564352
1093750,68568879
1093942,68573407
1094134,68577935
1094326,68582462
1094518,68586990
1094710,68591517
1094902,68596045
1095094,68600573
1095286,68605100
1095478,68609628
1095670,68614156
1095862,68618683
1096054,68623211
1096246,68627739
1096438,68632266
1096630,68636794
1096822,68641321
1097014,68645849
1097206,68650377
1097398,68654904
1097590,68659432
1097782,68663960
1097974,68668487
1098166,68673015
1098358,68677543
1098550,68682070
1098742,68686598
1098934,68691125
1099126,68695653
1099318,68700181
1099510,68704708
1099702,68709236
1099894,68713764
1100086,68718291
1100278,68722819
1100470,68727347
1100662,68731874
1100854,68736402
1101046,68740929
1101238,68745457
1101430,68749985
1101622,68754512
1101814,68759040
1102006,68763568
1102198,68768095
1102390,68772623
1102582,68777151
1102774,68781678
1102966,68786206
1103158,68790733
1103350,68795261
1103542,68799789
1103734,68804316
1103926,68808844
1104118,68813372
1104310,68817899
1104502,68822427
1104694,68826955
1104886,68831482
1105078,68836010
1105270,68840537
1105462,68845065
1105654,68849593
1105846,68854120
1106038,68858648
1106230,68863176
1106422,68867703
1106614,68872231
1106806,68876759
1106998,68881286
1107190,68885814
1107382,68890341
1107574,68894869
1107766,68899397
1107958,68903924
1108150,68908452
1108342,68912980
1108534,68917507
1108726,68922035
1108918,68926563
1109110,68931090
1109302,68935618
1109494,68940145
1109686,68944673
1109878,68949201
1110070,68953728
1110262,68958256
1110454,68962784
1110646,68967311
1110838,68971839
1111030,68976367
1111222,68980894
1111414,68985422
1111606,68989949
1111798,68994477
1111990,68999005
1112182,69003532
1112374,69008060
1112566,69012588
1112758,69017115
1112950,69021643
1113142,69026171
1113334,69030698
1113526,69035226
1113718,69039753
1113910,69044281
1114102,69048809
1114294,69053336
1114486,69057864
1114678,69062392
1114870,69066919
1115062,69071447
1115254,69075975
1115446,69080502
1115638,69085030
1115830,69089557
1116022,69094085
1116214,69098613
1116406,69103140
1116598,69107668
1116790,69112196
1116982,69116723
1117174,69121251
1117366,69125779
1117558,69130306
1117750,69134834
1117942,69139361
1118134,69143889
1118326,69148417
1118518,69152944
1118710,69157472
1118902,69162000
1119094,69166527
1119286,69171055
1119478,69175583
1119670,69180110
1119862,69184638
1120054,69189165
1120246,69193693
1120438,69198221
1120630,69202748
1120822,69207276
1121014,69211804
1121206,69216331
1121398,69220859
1121590,69225387
1121782,69229914
1121974,69234442
1122166,69238969
1122358,69243497
1122550,69248025
1122742,69252552
1122934,69257080
1123126,69261608
1123318,69266135
1123510,69270663
1123702,69275191
1123894,69279718
1124086,69284246
1124278,69288773
1124470,69293301
1124662,69297829
1124854,69302356
1125046,69306884
1125238,69311412
1125430,69315939
1125622,69320467
1125814,69324995
1126006,69329522
1126198,69334050
1126390,69338577
1126582,69343105
1126774,69347633
1126966,69352160
1127158,69356688
1127350,69361216
1127542,69365743
1127734,69370271
1127926,69374799
1128118,69379326
1128310,69383854
1128502,69388381
1128694,69392909
1128886,69397437
1129078,69401964
1129270,69406492
1129462,69411020
1129654,69415547
1129846,69420075
1130038,69424603
1130230,69429130
1130422,69433658
1130614,69438185
1130806,69442713
1130998,69447241
1131190,69451768
1131382,69456296
1131574,69460824
1131766,69465351
1131958,69469879
1132150,69474407
1132342,69478934
1132534,69483462
1132726,69487990
1132918,69492517
1133110,69497045
1133302,69501572
1133494,69506100
1133686,69510628
1133878,69515155
1134070,69519683
1134262,69524211
1134454,69528738
1134646,69533266
1134838,69537794
1135030,69542321
1135222,69546849
1135414,69551376
1135606,69555904
1135798,69560432
1135990,69564959
1136182,69569487
1136374,69574015
1136566,69578542
1136758,69583070
1136950,69587598
1137142,69592125
1137334,69596653
1137526,69601180
1137718,69605708
1137910,69610236
1138102,69614763
1138294,69619291
1138486,69623819
1138678,69628346
1138870,69632874
1139062,69637402
1139254,69641929
1139446,69646457
1139638,69650984
1139830,69655512
1140022,69660040
1140214,69664567
1140406,69669095
1140598,69673623
1140790,69678150
1140982,69682678
1141174,69687206
1141366,69691733
1141558,69696261
1141750,69700788
1141942,69705316
1142134,69709844
1142326,69714371
1142518,69718899
1142710,69723427
1142902,69727954
1143094,69732482
1143286,69737010
1143478,69741537
1143670,69746065
1143862,69750592
1144054,69755120
1144246,69759648
1144438,69764175
1144630,69768703
1144822,69773231
1145014,69777758
1145206,69782286
1145398,69786814
1145590,69791341
1145782,69795869
1145974,69800396
1146166,69804924
1146358,69809452
1146550,69813979
1146742,69818507
1146934,69823035
1147126,69827562
1147318,69832090
1147510,69836618
1147702,69841145
1147894,69845673
1148086,69850200
1148278,69854728
1148470,69859256
1148662,69863783
1148854,69868311
1149046,69872839
1149238,69877366
1149430,69881894
1149622,69886422
1149814,69890949
1150006,69895477
1150198,69900004
1150390,69904532
1150582,69909060
1150774,69913587
1150966,69918115
1151158,69922643
1151350,69927170
1151542,69931698
1151734,69936226
1151926,69940753
1152118,69945281
1152310,69949808
1152502,69954336
1152694,69958864
1152886,69963391
1153078,69967919
1153270,69972447
1153462,69976974
1153654,69981502
1153846,69986030
1154038,69990557
1154230,69995085
1154422,69999612
1154614,70004140
1154806,70008668
1154998,70013195
1155190,70017723
1155382,70022251
1155574,70026778
1155766,70031306
1155958,70035834
1156150,70040361
1156342,70044889
1156534,70049416
1156726,70053944
1156918,70058472
1157110,70062999
1157302,70067527
1157494,70072055
1157686,70076582
1157878,70081110
1158070,70085638
1158262,70090165
1158454,70094693
1158646,70099220
1158838,70103748
1159030,70108276
1159222,70112803
1159414,70117331
1159606,70121859
1159798,70126386
1159990,70130914
1160182,70135442
1160374,70139969
1160566,70144497
1160758,70149024
1160950,70153552
1161142,70158080
1161334,70162607
1161526,70167135
1161718,70171663
1161910,70176190
1162102,70180718
1162294,70185246
1162486,70189773
1162678,70194301
1162870,70198828
1163062,70203356
1163254,70207884
1163446,70212411
1163638,70216939
1163830,70221467
1164022,70225994
1164214,70230522
1164406,70235050
1164598,70239577
1164790,70244105
1164982,70248632
1165174,70253160
1165366,70257688
1165558,70262215
1165750,70266743
1165942,70271271
1166134,70275798
1166326,70280326
1166518,70284854
1166710,70289381
1166902,70293909
1167094,70298436
1167286,70302964
1167478,70307492
1167670,70312019
1167862,70316547
1168054,70321075
1168246,70325602
1168438,70330130
1168630,70334658
1168822,70339185
1169014,70343713
1169206,70348240
1169398,70352768
1169590,70357296
1169782,70361823
1169974,70366351
1170166,70370879
1170358,70375406
1170550,70379934
1170742,70384462
1170934,70388989
1171126,70393517
1171318,70398044
1171510,70402572
1171702,70407100
1171894,70411627
1172086,70416155
1172278,70420683
1172470,70425210
1172662,70429738
1172854,70434266
1173046,70438793
1173238,70443321
1173430,70447849
1173622,70452376
1173814,70456904
1174006,70461431
1174198,70465959
1174390,70470487
1174582,70475014
1174774,70479542
1174966,70484070
1175158,70488597
1175350,70493125
1175542,70497653
1175734,70502180
1175926,70506708
1176118,70511235
1176310,70515763
1176502,70520291
1176694,70524818
1176886,70529346
1177078,70533874
1177270,70538401
1177462,70542929
1177654,70547457
1177846,70551984
1178038,70556512
1178230,70561039
1178422,70565567
1178614,70570095
1178806,70574622
1178998,70579150
1179190,70583678
1179382,70588205
1179574,70592733
1179766,70597261
1179958,70601788
1180150,70606316
1180342,70610843
1180534,70615371
1180726,70619899
1180918,70624426
1181110,70628954
1181302,70633482
1181494,70638009
1181686,70642537
1181878,70647065
1182070,70651592
1182262,70656120
1182454,70660647
1182646,70665175
1182838,70669703
1183030,70674230
1183222,70678758
1183414,70683286
1183606,70687813
1183798,70692341
1183990,70696869
1184182,70701396
1184374,70705924
1184566,70710451
1184758,70714979
1184950,70719507
1185142,70724034
1185334,70728562
1185526,70733090
1185718,70737617
1185910,70742145
1186102,70746673
1186294,70751200
1186486,70755728
1186678,70760255
1186870,70764783
1187062,70769311
1187254,70773838
1187446,70778366
1187638,70782894
1187830,70787421
1188022,70791949
1188214,70796477
1188406,70801004
1188598,70805532
1188790,70810059
1188982,70814587
1189174,70819115
1189366,70823642
1189558,70828170
1189750,70832698
1189942,70837225
1190134,70841753
1190326,70846281
1190518,70850808
1190710,70855336
1190902,70859863
1191094,70864391
1191286,70868919
1191478,70873446
1191670,70877974
1191862,70882502
1192054,70887029
1192246,70891557
1192438,70896085
1192630,70900612
1192822,70905140
1193014,70909667
1193206,70914195
1193398,70918723
1193590,70923250
1193782,70927778
1193974,70932306
1194166,70936833
1194358,70941361
1194550,70945889
1194742,70950416
1194934,70954944
1195126,70959471
1195318,70963999
1195510,70968527
1195702,70973054
1195894,70977582
1196086,70982110
1196278,70986637
1196470,70991165
1196662,70995693
1196854,71000220
1197046,71004748
1197238,71009275
1197430,71013803
1197622,71018331
1197814,71022858
1198006,71027386
1198198,71031914
1198390,71036441
1198582,71040969
1198774,71045497
1198966,71050024
1199158,71054552
1199350,71059079
1199542,71063607
1199734,71068135
1199926,71072662
1200118,71077190
1200310,71081718
1200502,71086245
1200694,71090773
1200886,71095301
1201078,71099828
1201270,71104356
1201462,71108883
1201654,71113411
1201846,71117939
1202038,71122466
1202230,71126994
1202422,71131522
1202614,71136049
1202806,71140577
1202998,71145105
1203190,71149632
1203382,71154160
1203574,71158687
1203766,71163215
1203958,71167743
1204150,71172270
1204342,71176798
1204534,71181326
1204726,71185853
1204918,71190381
1205110,71194909
1205302,71199436
1205494,71203964
1205686,71208492
1205878,71213019
1206070,71217547
1206262,71222074
1206454,71226602
1206646,71231130
1206838,71235657
1207030,71240185
1207222,71244713
1207414,71249240
1207606,71253768
1207798,71258296
1207990,71262823
1208182,71267351
1208374,71271878
1208566,71276406
1208758,71280934
1208950,71285461
1209142,71289989
1209334,71294517
1209526,71299044
1209718,71303572
1209910,71308100
1210102,71312627
1210294,71317155
1210486,71321682
1210678,71326210
1210870,71330738
1211062,71335265
1211254,71339793
1211446,71344321
1211638,71348848
1211830,71353376
1212022,71357904
1212214,71362431
1212406,71366959
1212598,71371486
1212790,71376014
1212982,71380542
1213174,71385069
1213366,71389597
1213558,71394125
1213750,71398652
1213942,71403180
1214134,71407708
1214326,71412235
1214518,71416763
1214710,71421290
1214902,71425818
1215094,71430346
1215286,71434873
1215478,71439401
1215670,71443929
1215862,71448456
1216054,71452984
1216246,71457512
1216438,71462039
1216630,71466567
1216822,71471094
1217014,71475622
1217206,71480150
1217398,71484677
1217590,71489205
1217782,71493733
1217974,71498260
1218166,71502788
1218358,71507316
1218550,71511843
1218742,71516371
1218934,71520898
1219126,71525426
1219318,71529954
1219510,71534481
1219702,71539009
1219894,71543537
1220086,71548064
1220278,71552592
1220470,71557120
1220662,71561647
1220854,71566175
1221046,71570702
1221238,71575230
1221430,71579758
1221622,71584285
1221814,71588813
1222006,71593341
1222198,71597868
1222390,71602396
1222582,71606924
1222774,71611451
1222966,71615979
1223158,71620507
1223350,71625034
1223542,71629562
1223734,71634089
1223926,71638617
1224118,71643145
1224310,71647672
1224502,71652200
1224694,71656728
1224886,71661255
1225078,71665783
1225270,71670311
1225462,71674838
1225654,71679366
1225846,71683893
1226038,71688421
1226230,71692949
1226422,71697476
1226614,71702004
1226806,71706532
1226998,71711059
1227190,71715587
1227382,71720115
1227574,71724642
1227766,71729170
1227958,71733697
1228150,71738225
1228342,71742753
1228534,71747280
1228726,71751808
1228918,71756336
1229110,71760863
1229302,71765391
1229494,71769919
1229686,71774446
1229878,71778974
1230070,71783501
1230262,71788029
1230454,71792557
1230646,71797084
1230838,71801612
1231030,71806140
1231222,71810667
1231414,71815195
1231606,71819723
1231798,71824250
1231990,71828778
1232182,71833305
1232374,71837833
1232566,71842361
1232758,71846888
1232950,71851416
1233142,71855944
1233334,71860471
1233526,71864999
1233718,71869527
1233910,71874054
1234102,71878582
1234294,71883110
1234486,71887637
1234678,71892165
1234870,71896692
1235062,71901220
1235254,71905748
1235446,71910275
1235638,71914803
1235830,71919331
1236022,71923858
1236214,71928386
1236406,71932914
1236598,71937441
1236790,71941969
1236982,71946496
1237174,71951024
1237366,71955552
1237558,71960079
1237750,71964607
1237942,71969135
1238134,71973662
1238326,71978190
1238518,71982718
1238710,71987245
1238902,71991773
1239094,71996300
1239286,72000828
1239478,72005356
1239670,72009883
1239862,72014411
1240054,72018939
1240246,72023466
1240438,72027994
1240630,72032522
1240822,72037049
1241014,72041577
1241206,72046104
1241398,72050632
1241590,72055160
1241782,72059687
1241974,72064215
1242166,72068743
1242358,72073270
1242550,72077798
1242742,72082326
1242934,72086853
1243126,72091381
1243318,72095909
1243510,72100436
1243702,72104964
1243894,72109491
1244086,72114019
1244278,72118547
1244470,72123074
1244662,72127602
1244854,72132130
1245046,72136657
1245238,72141185
1245430,72145713
1245622,72150240
1245814,72154768
1246006,72159295
1246198,72163823
1246390,72168351
1246582,72172878
1246774,72177406
1246966,72181934
1247158,72186461
1247350,72190989
1247542,72195517
1247734,72200044
1247926,72204572
1248118,72209099
1248310,72213627
1248502,72218155
1248694,72222682
1248886,72227210
1249078,72231738
1249270,72236265
1249462,72240793
1249654,72245321
1249846,72249848
1250038,72254376
1250230,72258903
1250422,72263431
1250614,72267959
1250806,72272486
1250998,72277014
1251190,72281542
1251382,72286069
1251574,72290597
1251766,72295125
1251958,72299652
1252150,72304180
1252342,72308708
1252534,72313235
1252726,72317763
1252918,72322290
1253110,72326818
1253302,72331346
1253494,72335873
1253686,72340401
1253878,72344929
1254070,72349456
1254262,72353984
1254454,72358512
1254646,72363039
1254838,72367567
1255030,72372094
1255222,72376622
1255414,72381150
1255606,72385677
1255798,72390205
1255990,72394733
1256182,72399260
1256374,72403788
1256566,72408316
1256758,72412843
1256950,72417371
1257142,72421898
1257334,72426426
1257526,72430954
1257718,72435481
1257910,72440009
1258102,72444537
1258294,72449064
1258486,72453592
1258678,72458120
1258870,72462647
1259062,72467175
1259254,72471703
1259446,72476230
1259638,72480758
1259830,72485285
1260022,72489813
1260214,72494341
1260406,72498868
1260598,72503396
1260790,72507924
1260982,72512451
1261174,72516979
1261366,72521507
1261558,72526034
1261750,72530562
1261942,72535089
1262134,72539617
1262326,72544145
1262518,72548672
1262710,72553200
1262902,72557728
1263094,72562255
1263286,72566783
1263478,72571311
1263670,72575838
1263862,72580366
1264054,72584893
1264246,72589421
1264438,72593949
1264630,72598476
1264822,72603004
1265014,72607532
1265206,72612059
1265398,72616587
1265590,72621115
1265782,72625642
1265974,72630170
1266166,72634698
1266358,72639225
1266550,72643753
1266742,72648280
1266934,72652808
1267126,72657336
1267318,72661863
1267510,72666391
1267702,72670919
1267894,72675446
1268086,72679974
1268278,72684502
1268470,72689029
1268662,72693557
1268854,72698084
1269046,72702612
1269238,72707140
1269430,72711667
1269622,72716195
1269814,72720723
1270006,72725250
1270198,72729778
1270390,72734306
1270582,72738833
1270774,72743361
1270966,72747888
1271158,72752416
1271350,72756944
1271542,72761471
1271734,72765999
1271926,72770527
1272118,72775054
1272310,72779582
1272502,72784110
1272694,72788637
1272886,72793165
1273078,72797693
1273270,72802220
1273462,72806748
1273654,72811275
1273846,72815803
1274038,72820331
1274230,72824858
1274422,72829386
1274614,72833914
1274806,72838441
1274998,72842969
1275190,72847497
1275382,72852024
1275574,72856552
1275766,72861079
1275958,72865607
1276150,72870135
1276342,72874662
1276534,72879190
1276726,72883718
1276918,72888245
1277110,72892773
1277302,72897301
1277494,72901828
1277686,72906356
1277878,72910883
1278070,72915411
1278262,72919939
1278454,72924466
1278646,72928994
1278838,72933522
1279030,72938049
1279222,72942577
1279414,72947105
1279606,72951632
1279798,72956160
1279990,72960688
1280182,72965215
1280374,72969743
1280566,72974270
1280758,72978798
1280950,72983326
1281142,72987853
1281334,72992381
1281526,72996909
1281718,73001436
1281910,73005964
1282102,73010492
1282294,73015019
1282486,73019547
1282678,73024074
1282870,73028602
1283062,73033130
1283254,73037657
1283446,73042185
1283638,73046713
1283830,73051240
1284022,73055768
1284214,73060296
1284406,73064823
1284598,73069351
1284790,73073878
1284982,73078406
1285174,73082934
1285366,73087461
1285558,73091989
1285750,73096517
1285942,73101044
1286134,73105572
1286326,73110100
1286518,73114627
1286710,73119155
1286902,73123682
1287094,73128210
1287286,73132738
1287478,73137265
1287670,73141793
1287862,73146321
1288054,73150848
1288246,73155376
1288438,73159904
1288630,73164431
1288822,73168959
1289014,73173486
1289206,73178014
1289398,73182542
1289590,73187069
1289782,73191597
1289974,73196125
1290166,73200652
1290358,73205180
1290550,73209708
1290742,73214235
1290934,73218763
1291126,73223291
1291318,73227818
1291510,73232346
1291702,73236873
1291894,73241401
1292086,73245929
1292278,73250456
1292470,73254984
1292662,73259512
1292854,73264039
1293046,73268567
1293238,73273095
1293430,73277622
1293622,73282150
1293814,73286677
1294006,73291205
1294198,73295733
1294390,73300260
1294582,73304788
1294774,73309316
1294966,73313843
1295158,73318371
1295350,73322899
1295542,73327426
1295734,73331954
1295926,73336481
1296118,73341009
1296310,73345537
1296502,73350064
1296694,73354592
1296886,73359120
1297078,73363647
1297270,73368175
1297462,73372703
1297654,73377230
1297846,73381758
1298038,73386285
1298230,73390813
1298422,73395341
1298614,73399868
1298806,73404396
1298998,73408924
1299190,73413451
1299382,73417979
1299574,73422507
1299766,73427034
1299958,73431562
1300150,73436089
1300342,73440617
1300534,73445145
1300726,73449672
1300918,73454200
1301110,73458728
1301302,73463255
1301494,73467783
1301686,73472311
1301878,73476838
1302070,73481366
1302262,73485893
1302454,73490421
1302646,73494949
1302838,73499476
1303030,73504004
1303222,73508532
1303414,73513059
1303606,73517587
1303798,73522115
1303990,73526642
1304182,73531170
1304374,73535697
1304566,73540225
1304758,73544753
1304950,73549280
1305142,73553808
1305334,73558336
1305526,73562863
1305718,73567391
1305910,73571919
1306102,73576446
1306294,73580974
1306486,73585501
1306678,73590029
1306870,73594557
1307062,73599084
1307254,73603612
1307446,73608140
1307638,73612667
1307830,73617195
1308022,73621723
1308214,73626250
1308406,73630778
1308598,73635305
1308790,73639833
1308982,73644361
1309174,73648888
1309366,73653416
1309558,73657944
1309750,73662471
1309942,73666999
1310134,73671527
1310326,73676054
1310518,73680582
1310710,73685110
1310902,73689637
1311094,73694165
1311286,73698692
1311478,73703220
1311670,73707748
1311862,73712275
1312054,73716803
1312246,73721331
1312438,73725858
1312630,73730386
1312822,73734913
1313014,73739441
1313206,73743969
1313398,73748496
1313590,73753024
1313782,73757552
1313974,73762079
1314166,73766607
1314358,73771135
1314550,73775662
1314742,73780190
1314934,73784717
1315126,73789245
1315318,73793773
1315510,73798300
1315702,73802828
1315894,73807356
1316086,73811883
1316278,73816411
1316470,73820939
1316662,73825466
1316854,73829994
1317046,73834521
1317238,73839049
1317430,73843577
1317622,73848104
1317814,73852632
1318006,73857160
1318198,73861687
1318390,73866215
1318582,73870743
1318774,73875270
1318966,73879798
1319158,73884325
1319350,73888853
1319542,73893381
1319734,73897908
1319926,73902436
1320118,73906964
1320310,73911491
1320502,73916019
1320694,73920547
1320886,73925074
1321078,73929602
1321270,73934129
1321462,73938657
1321654,73943185
1321846,73947712
1322038,73952240
1322230,73956768
1322422,73961295
1322614,73965823
1322806,73970351
1322998,73974878
1323190,73979406
1323382,73983933
1323574,73988461
1323766,73992989
1323958,73997516
1324150,74002044
1324342,74006572
1324534,74011099
1324726,74015627
1324918,74020155
1325110,74024682
1325302,74029210
1325494,74033737
1325686,74038265
1325878,74042793
1326070,74047320
1326262,74051848
1326454,74056376
1326646,74060903
1326838,74065431
1327030,74069959
1327222,74074486
1327414,74079014
1327606,74083541
1327798,74088069
1327990,74092597
1328182,74097124
1328374,74101652
1328566,74106180
1328758,74110707
1328950,74115235
1329142,74119763
1329334,74124290
1329526,74128818
1329718,74133345
1329910,74137873
1330102,74142401
1330294,74146928
1330486,74151456
1330678,74155984
1330870,74160511
1331062,74165039
1331254,74169567
1331446,74174094
1331638,74178622
1331830,74183149
1332022,74187677
1332214,74192205
1332406,74196732
1332598,74201260
1332790,74205788
1332982,74210315
1333174,74214843
1333366,74219371
1333558,74223898
1333750,74228426
1333942,74232953
1334134,74237481
1334326,74242009
1334518,74246536
1334710,74251064
1334902,74255592
1335094,74260119
1335286,74264647
1335478,74269175
1335670,74273702
1335862,74278230
1336054,74282757
1336246,74287285
1336438,74291813
1336630,74296340
1336822,74300868
1337014,74305396
1337206,74309923
1337398,74314451
1337590,74318979
1337782,74323506
1337974,74328034
1338166,74332561
1338358,74337089
1338550,74341617
1338742,74346144
1338934,74350672
1339126,74355200
1339318,74359727
1339510,74364255
1339702,74368783
1339894,74373310
1340086,74377838
1340278,74382365
1340470,74386893
1340662,74391421
1340854,74395948
1341046,74400476
1341238,74405004
1341430,74409531
1341622,74414059
1341814,74418587
1342006,74423114
1342198,74427642
1342390,74432169
1342582,74436697
1342774,74441225
1342966,74445752
1343158,74450280
1343350,74454808
1343542,74459335
1343734,74463863
1343926,74468391
1344118,74472918
1344310,74477446
1344502,74481973
1344694,74486501
1344886,74491029
1345078,74495556
1345270,74500084
1345462,74504612
1345654,74509139
1345846,74513667
1346038,74518195
1346230,74522722
1346422,74527250
1346614,74531777
1346806,74536305
1346998,74540833
1347190,74545360
1347382,74549888
1347574,74554416
1347766,74558943
1347958,74563471
1348150,74567999
1348342,74572526
1348534,74577054
1348726,74581581
1348918,74586109
1349110,74590637
1349302,74595164
1349494,74599692
1349686,74604220
1349878,74608747
1350070,74613275
1350262,74617803
1350454,74622330
1350646,74626858
1350838,74631385
1351030,74635913
1351222,74640441
1351414,74644968
1351606,74649496
1351798,74654024
1351990,74658551
1352182,74663079
1352374,74667607
1352566,74672134
1352758,74676662
1352950,74681189
1353142,74685717
1353334,74690245
1353526,74694772
1353718,74699300
1353910,74703828
1354102,74708355
1354294,74712883
1354486,74717411
1354678,74721938
1354870,74726466
1355062,74730993
1355254,74735521
1355446,74740049
1355638,74744576
1355830,74749104
1356022,74753632
1356214,74758159
1356406,74762687
1356598,74767215
1356790,74771742
1356982,74776270
1357174,74780797
1357366,74785325
1357558,74789853
1357750,74794380
1357942,74798908
1358134,74803436
1358326,74807963
1358518,74812491
1358710,74817019
1358902,74821546
1359094,74826074
1359286,74830601
1359478,74835129
1359670,74839657
1359862,74844184
1360054,74848712
1360246,74853240
1360438,74857767
1360630,74862295
1360822,74866823
1361014,74871350
1361206,74875878
1361398,74880405
1361590,74884933
1361782,74889461
1361974,74893988
1362166,74898516
1362358,74903044
1362550,74907571
1362742,74912099
1362934,74916627
1363126,74921154
1363318,74925682
1363510,74930210
1363702,74934737
1363894,74939265
1364086,74943792
1364278,74948320
1364470,74952848
1364662,74957375
1364854,74961903
1365046,74966431
1365238,74970958
1365430,74975486
1365622,74980014
1365814,74984541
1366006,74989069
1366198,74993596
1366390,74998124
1366582,75002652
1366774,75007179
1366966,75011707
1367158,75016235
1367350,75020762
1367542,75025290
1367734,75029818
1367926,75034345
1368118,75038873
1368310,75043400
1368502,75047928
1368694,75052456
1368886,75056983
1369078,75061511
1369270,75066039
1369462,75070566
1369654,75075094
1369846,75079622
1370038,75084149
1370230,75088677
1370422,75093204
1370614,75097732
1370806,75102260
1370998,75106787
1371190,75111315
1371382,75115843
1371574,75120370
1371766,75124898
1371958,75129426
1372150,75133953
1372342,75138481
1372534,75143008
1372726,75147536
1372918,75152064
1373110,75156591
1373302,75161119
1373494,75165647
1373686,75170174
1373878,75174702
1374070,75179230
1374262,75183757
1374454,75188285
1374646,75192812
1374838,75197340
1375030,75201868
1375222,75206395
1375414,75210923
1375606,75215451
1375798,75219978
1375990,75224506
1376182,75229034
1376374,75233561
1376566,75238089
1376758,75242616
1376950,75247144
1377142,75251672
1377334,75256199
1377526,75260727
1377718,75265255
1377910,75269782
1378102,75274310
1378294,75278838
1378486,75283365
1378678,75287893
1378870,75292421
1379062,75296948
1379254,75301476
1379446,75306003
1379638,75310531
1379830,75315059
1380022,75319586
1380214,75324114
1380406,75328642
1380598,75333169
1380790,75337697
1380982,75342225
1381174,75346752
1381366,75351280
1381558,75355807
1381750,75360335
1381942,75364863
1382134,75369390
1382326,75373918
1382518,75378446
1382710,75382973
1382902,75387501
1383094,75392029
1383286,75396556
1383478,75401084
1383670,75405611
1383862,75410139
1384054,75414667
1384246,75419194
1384438,75423722
1384630,75428250
1384822,75432777
1385014,75437305
1385206,75441833
1385398,75446360
1385590,75450888
1385782,75455415
1385974,75459943
1386166,75464471
1386358,75468998
1386550,75473526
1386742,75478054
1386934,75482581
1387126,75487109
1387318,75491637
1387510,75496164
1387702,75500692
1387894,75505220
1388086,75509747
1388278,75514275
1388470,75518802
1388662,75523330
1388854,75527858
1389046,75532385
1389238,75536913
1389430,75541441
1389622,75545968
1389814,75550496
1390006,75555024
1390198,75559551
1390390,75564079
1390582,75568606
1390774,75573134
1390966,75577662
1391158,75582189
1391350,75586717
1391542,75591245
1391734,75595772
1391926,75600300
1392118,75604828
1392310,75609355
1392502,75613883
1392694,75618410
1392886,75622938
1393078,75627466
1393270,75631993
1393462,75636521
1393654,75641049
1393846,75645576
1394038,75650104
1394230,75654632
1394422,75659159
1394614,75663687
1394806,75668215
1394998,75672742
1395190,75677270
1395382,75681797
1395574,75686325
1395766,75690853
1395958,75695380
1396150,75699908
1396342,75704436
1396534,75708963
1396726,75713491
1396918,75718019
1397110,75722546
1397302,75727074
1397494,75731601
1397686,75736129
1397878,75740657
1398070,75745184
1398262,75749712
1398454,75754240
1398646,75758767
1398838,75763295
1399030,75767823
1399222,75772350
1399414,75776878
1399606,75781406
1399798,75785933
1399990,75790461
1400182,75794988
1400374,75799516
1400566,75804044
1400758,75808571
1400950,75813099
1401142,75817627
1401334,75822154
1401526,75826682
1401718,75831210
1401910,75835737
1402102,75840265
1402294,75844792
1402486,75849320
1402678,75853848
1402870,75858375
1403062,75862903
1403254,75867431
1403446,75871958
1403638,75876486
1403830,75881014
1404022,75885541
1404214,75890069
1404406,75894597
1404598,75899124
1404790,75903652
1404982,75908179
1405174,75912707
1405366,75917235
1405558,75921762
1405750,75926290
1405942,75930818
1406134,75935345
1406326,75939873
1406518,75944401
1406710,75948928
1406902,75953456
1407094,75957983
1407286,75962511
1407478,75967039
1407670,75971566
1407862,75976094
1408054,75980622
1408246,75985149
1408438,75989677
1408630,75994205
1408822,75998732
1409014,76003260
1409206,76007787
1409398,76012315
1409590,76016843
1409782,76021370
1409974,76025898
1410166,76030426
1410358,76034953
1410550,76039481
1410742,76044009
1410934,76048536
1411126,76053064
1411318,76057592
1411510,76062119
1411702,76066647
1411894,76071174
1412086,76075702
1412278,76080230
1412470,76084757
1412662,76089285
1412854,76093813
1413046,76098340
1413238,76102868
1413430,76107396
1413622,76111923
1413814,76116451
1414006,76120978
1414198,76125506
1414390,76130034
1414582,76134561
1414774,76139089
1414966,76143617
1415158,76148144
1415350,76152672
1415542,76157200
1415734,76161727
1415926,76166255
1416118,76170783
1416310,76175310
1416502,76179838
1416694,76184365
1416886,76188893
1417078,76193421
1417270,76197948
1417462,76202476
1417654,76207004
1417846,76211531
1418038,76216059
1418230,76220587
1418422,76225114
1418614,76229642
1418806,76234169
1418998,76238697
1419190,76243225
1419382,76247752
1419574,76252280
1419766,76256808
1419958,76261335
1420150,76265863
1420342,76270391
1420534,76274918
1420726,76279446
1420918,76283974
1421110,76288501
1421302,76293029
1421494,76297556
1421686,76302084
1421878,76306612
1422070,76311139
1422262,76315667
1422454,76320195
1422646,76324722
1422838,76329250
1423030,76333778
1423222,76338305
1423414,76342833
1423606,76347360
1423798,76351888
1423990,76356416
1424182,76360943
1424374,76365471
1424566,76369999
1424758,76374526
1424950,76379054
1425142,76383582
1425334,76388109
1425526,76392637
1425718,76397165
1425910,76401692
1426102,76406220
1426294,76410747
1426486,76415275
1426678,76419803
1426870,76424330
1427062,76428858
1427254,76433386
1427446,76437913
1427638,76442441
1427830,76446969
1428022,76451496
1428214,76456024
1428406,76460551
1428598,76465079
1428790,76469607
1428982,76474134
1429174,76478662
1429366,76483190
1429558,76487717
1429750,76492245
1429942,76496773
1430134,76501300
1430326,76505828
1430518,76510356
1430710,76514883
1430902,76519411
1431094,76523938
1431286,76528466
1431478,76532994
1431670,76537521
1431862,76542049
1432054,76546577
1432246,76551104
1432438,76555632
1432630,76560160
1432822,76564687
1433014,76569215
1433206,76573742
1433398,76578270
1433590,76582798
1433782,76587325
1433974,76591853
1434166,76596381
1434358,76600908
1434550,76605436
1434742,76609964
1434934,76614491
1435126,76619019
1435318,76623546
1435510,76628074
1435702,76632602
1435894,76637129
1436086,76641657
1436278,76646185
1436470,76650712
1436662,76655240
1436854,76659768
1437046,76664295
1437238,76668823
1437430,76673351
1437622,76677878
1437814,76682406
1438006,76686933
1438198,76691461
1438390,76695989
1438582,76700516
1438774,76705044
1438966,76709572
1439158,76714099
1439350,76718627
1439542,76723155
1439734,76727682
1439926,76732210
1440118,76736737
1440310,76741265
1440502,76745793
1440694,76750320
1440886,76754848
1441078,76759376
1441270,76763903
1441462,76768431
1441654,76772959
1441846,76777486
1442038,76782014
1442230,76786542
1442422,76791069
1442614,76795597
1442806,76800124
1442998,76804652
1443190,76809180
1443382,76813707
1443574,76818235
1443766,76822763
1443958,76827290
1444150,76831818
1444342,76836346
1444534,76840873
1444726,76845401
1444918,76849928
1445110,76854456
1445302,76858984
1445494,76863511
1445686,76868039
1445878,76872567
1446070,76877094
1446262,76881622
1446454,76886150
1446646,76890677
1446838,76895205
1447030,76899732
1447222,76904260
1447414,76908788
1447606,76913315
1447798,76917843
1447990,76922371
1448182,76926898
1448374,76931426
1448566,76935954
1448758,76940481
1448950,76945009
1449142,76949537
1449334,76954064
1449526,76958592
1449718,76963119
1449910,76967647
1450102,76972175
1450294,76976702
1450486,76981230
1450678,76985758
1450870,76990285
1451062,76994813
1451254,76999341
1451446,77003868
1451638,77008396
1451830,77012923
1452022,77017451
1452214,77021979
1452406,77026506
1452598,77031034
1452790,77035562
1452982,77040089
1453174,77044617
1453366,77049145
1453558,77053672
1453750,77058200
1453942,77062728
1454134,77067255
1454326,77071783
1454518,77076310
1454710,77080838
1454902,77085366
1455094,77089893
1455286,77094421
1455478,77098949
1455670,77103476
1455862,77108004
1456054,77112532
1456246,77117059
1456438,77121587
1456630,77126114
1456822,77130642
1457014,77135170
1457206,77139697
1457398,77144225
1457590,77148753
1457782,77153280
1457974,77157808
1458166,77162336
1458358,77166863
1458550,77171391
1458742,77175918
1458934,77180446
1459126,77184974
1459318,77189501
1459510,77194029
1459702,77198557
1459894,77203084
1460086,77207612
1460278,77212140
1460470,77216667
1460662,77221195
1460854,77225723
1461046,77230250
1461238,77234778
1461430,77239305
1461622,77243833
1461814,77248361
1462006,77252888
1462198,77257416
1462390,77261944
1462582,77266471
1462774,77270999
1462966,77275527
1463158,77280054
1463350,77284582
1463542,77289109
1463734,77293637
1463926,77298165
1464118,77302692
1464310,77307220
1464502,77311748
1464694,77316275
1464886,77320803
1465078,77325331
1465270,77329858
1465462,77334386
1465654,77338913
1465846,77343441
1466038,77347969
1466230,77352496
1466422,77357024
1466614,77361552
1466806,77366079
1466998,77370607
1467190,77375135
1467382,77379662
1467574,77384190
1467766,77388717
1467958,77393245
1468150,77397773
1468342,77402300
1468534,77406828
1468726,77411356
1468918,77415883
1469110,77420411
1469302,77424939
1469494,77429466
1469686,77433994
1469878,77438522
1470070,77443049
1470262,77447577
1470454,77452104
1470646,77456632
1470838,77461160
1471030,77465687
1471222,77470215
1471414,77474743
1471606,77479270
1471798,77483798
1471990,77488326
1472182,77492853
1472374,77497381
1472566,77501908
1472758,77506436
1472950,77510964
1473142,77515491
1473334,77520019
1473526,77524547
1473718,77529074
1473910,77533602
1474102,77538130
1474294,77542657
1474486,77547185
1474678,77551712
1474870,77556240
1475062,77560768
1475254,77565295
1475446,77569823
1475638,77574351
1475830,77578878
1476022,77583406
1476214,77587934
1476406,77592461
1476598,77596989
1476790,77601516
1476982,77606044
1477174,77610572
1477366,77615099
1477558,77619627
1477750,77624155
1477942,77628682
1478134,77633210
1478326,77637738
1478518,77642265
1478710,77646793
1478902,77651320
1479094,77655848
1479286,77660376
1479478,77664903
1479670,77669431
1479862,77673959
1480054,77678486
1480246,77683014
1480438,77687542
1480630,77692069
1480822,77696597
1481014,77701124
1481206,77705652
1481398,77710180
1481590,77714707
1481782,77719235
1481974,77723763
1482166,77728290
1482358,77732818
1482550,77737346
1482742,77741873
1482934,77746401
1483126,77750928
1483318,77755456
1483510,77759984
1483702,77764511
1483894,77769039
1484086,77773567
1484278,77778094
1484470,77782622
1484662,77787150
1484854,77791677
1485046,77796205
1485238,77800732
1485430,77805260
1485622,77809788
1485814,77814315
1486006,77818843
1486198,77823371
1486390,77827898
1486582,77832426
1486774,77836954
1486966,77841481
1487158,77846009
1487350,77850536
1487542,77855064
1487734,77859592
1487926,77864119
1488118,77868647
1488310,77873175
1488502,77877702
1488694,77882230
1488886,77886758
1489078,77891285
1489270,77895813
1489462,77900340
1489654,77904868
1489846,77909396
1490038,77913923
1490230,77918451
1490422,77922979
1490614,77927506
1490806,77932034
1490998,77936562
1491190,77941089
1491382,77945617
1491574,77950144
1491766,77954672
1491958,77959200
1492150,77963727
1492342,77968255
1492534,77972783
1492726,77977310
1492918,77981838
1493110,77986366
1493302,77990893
1493494,77995421
1493686,77999948
1493878,78004476
1494070,78009004
1494262,78013531
1494454,78018059
1494646,78022587
1494838,78027114
1495030,78031642
1495222,78036169
1495414,78040697
1495606,78045225
1495798,78049752
1495990,78054280
1496182,78058808
1496374,78063335
1496566,78067863
1496758,78072391
1496950,78076918
1497142,78081446
1497334,78085973
1497526,78090501
1497718,78095029
1497910,78099556
1498102,78104084
1498294,78108612
1498486,78113139
1498678,78117667
1498870,78122195
1499062,78126722
1499254,78131250
1499446,78135777
1499638,78140305
1499830,78144833
1500022,78149360
1500214,78153888
1500406,78158416
1500598,78162943
1500790,78167471
1500982,78171999
1501174,78176526
1501366,78181054
1501558,78185581
1501750,78190109
1501942,78194637
1502134,78199164
1502326,78203692
1502518,78208220
1502710,78212747
1502902,78217275
1503094,78221802
1503286,78226330
1503478,78230858
1503670,78235385
1503862,78239913
1504054,78244441
1504246,78248968
1504438,78253496
1504630,78258024
1504822,78262551
1505014,78267079
1505206,78271606
1505398,78276134
1505590,78280662
1505782,78285189
1505974,78289717
1506166,78294245
1506358,78298772
1506550,78303300
1506742,78307828
1506934,78312355
1507126,78316883
1507318,78321410
1507510,78325938
1507702,78330466
1507894,78334993
1508086,78339521
1508278,78344049
1508470,78348576
1508662,78353104
1508854,78357632
1509046,78362159
1509238,78366687
1509430,78371214
1509622,78375742
1509814,78380270
1510006,78384797
1510198,78389325
1510390,78393853
1510582,78398380
1510774,78402908
1510966,78407436
1511158,78411963
1511350,78416491
1511542,78421018
1511734,78425546
1511926,78430074
1512118,78434601
1512310,78439129
1512502,78443657
1512694,78448184
1512886,78452712
1513078,78457239
1513270,78461767
1513462,78466295
1513654,78470822
1513846,78475350
1514038,78479878
1514230,78484405
1514422,78488933
1514614,78493461
1514806,78497988
1514998,78502516
1515190,78507043
1515382,78511571
1515574,78516099
1515766,78520626
1515958,78525154
1516150,78529682
1516342,78534209
1516534,78538737
1516726,78543265
1516918,78547792
1517110,78552320
1517302,78556847
1517494,78561375
1517686,78565903
1517878,78570430
1518070,78574958
1518262,78579486
1518454,78584013
1518646,78588541
1518838,78593069
1519030,78597596
1519222,78602124
1519414,78606651
1519606,78611179
1519798,78615707
1519990,78620234
1520182,78624762
1520374,78629290
1520566,78633817
1520758,78638345
1520950,78642873
1521142,78647400
1521334,78651928
1521526,78656455
1521718,78660983
1521910,78665511
1522102,78670038
1522294,78674566
1522486,78679094
1522678,78683621
1522870,78688149
1523062,78692676
1523254,78697204
1523446,78701732
1523638,78706259
1523830,78710787
1524022,78715315
1524214,78719842
1524406,78724370
1524598,78728898
1524790,78733425
1524982,78737953
1525174,78742480
1525366,78747008
1525558,78751536
1525750,78756063
1525942,78760591
1526134,78765119
1526326,78769646
1526518,78774174
1526710,78778702
1526902,78783229
1527094,78787757
1527286,78792284
1527478,78796812
1527670,78801340
1527862,78805867
1528054,78810395
1528246,78814923
1528438,78819450
1528630,78823978
1528822,78828506
1529014,78833033
1529206,78837561
1529398,78842088
1529590,78846616
1529782,78851144
1529974,78855671
1530166,78860199
1530358,78864727
1530550,78869254
1530742,78873782
1530934,78878310
1531126,78882837
1531318,78887365
1531510,78891892
1531702,78896420
1531894,78900948
1532086,78905475
1532278,78910003
1532470,78914531
1532662,78919058
1532854,78923586
1533046,78928114
1533238,78932641
1533430,78937169
1533622,78941696
1533814,78946224
1534006,78950752
1534198,78955279
1534390,78959807
1534582,78964335
1534774,78968862
1534966,78973390
1535158,78977917
1535350,78982445
1535542,78986973
1535734,78991500
1535926,78996028
1536118,79000556
1536310,79005083
1536502,79009611
1536694,79014139
1536886,79018666
1537078,79023194
1537270,79027721
1537462,79032249
1537654,79036777
1537846,79041304
1538038,79045832
1538230,79050360
1538422,79054887
1538614,79059415
1538806,79063943
1538998,79068470
1539190,79072998
1539382,79077525
1539574,79082053
1539766,79086581
1539958,79091108
1540150,79095636
1540342,79100164
1540534,79104691
1540726,79109219
1540918,79113747
1541110,79118274
1541302,79122802
1541494,79127329
1541686,79131857
1541878,79136385
1542070,79140912
1542262,79145440
1542454,79149968
1542646,79154495
1542838,79159023
1543030,79163551
1543222,79168078
1543414,79172606
1543606,79177133
1543798,79181661
1543990,79186189
1544182,79190716
1544374,79195244
1544566,79199772
1544758,79204299
1544950,79208827
1545142,79213355
1545334,79217882
1545526,79222410
1545718,79226937
1545910,79231465
1546102,79235993
1546294,79240520
1546486,79245048
1546678,79249576
1546870,79254103
1547062,79258631
1547254,79263159
1547446,79267686
1547638,79272214
1547830,79276741
1548022,79281269
1548214,79285797
1548406,79290324
1548598,79294852
1548790,79299380
1548982,79303907
1549174,79308435
1549366,79312963
1549558,79317490
1549750,79322018
1549942,79326545
1550134,79331073
1550326,79335601
1550518,79340128
1550710,79344656
1550902,79349184
1551094,79353711
1551286,79358239
1551478,79362766
1551670,79367294
1551862,79371822
1552054,79376349
1552246,79380877
1552438,79385405
1552630,79389932
1552822,79394460
1553014,79398988
1553206,79403515
1553398,79408043
1553590,79412570
1553782,79417098
1553974,79421626
1554166,79426153
1554358,79430681
1554550,79435209
1554742,79439736
1554934,79444264
1555126,79448792
1555318,79453319
1555510,79457847
1555702,79462374
1555894,79466902
1556086,79471430
1556278,79475957
1556470,79480485
1556662,79485013
1556854,79489540
1557046,79494068
1557238,79498596
1557430,79503123
1557622,79507651
1557814,79512178
1558006,79516706
1558198,79521234
1558390,79525761
1558582,79530289
1558774,79534817
1558966,79539344
1559158,79543872
1559350,79548400
1559542,79552927
1559734,79557455
1559926,79561982
1560118,79566510
1560310,79571038
1560502,79575565
1560694,79580093
1560886,79584621
1561078,79589148
1561270,79593676
1561462,79598204
1561654,79602731
1561846,79607259
1562038,79611786
1562230,79616314
1562422,79620842
1562614,79625369
1562806,79629897
1562998,79634425
1563190,79638952
1563382,79643480
1563574,79648008
1563766,79652535
1563958,79657063
1564150,79661590
1564342,79666118
1564534,79670646
1564726,79675173
1564918,79679701
1565110,79684229
1565302,79688756
1565494,79693284
1565686,79697812
1565878,79702339
1566070,79706867
1566262,79711394
1566454,79715922
1566646,79720450
1566838,79724977
1567030,79729505
1567222,79734033
1567414,79738560
1567606,79743088
1567798,79747615
1567990,79752143
1568182,79756671
1568374,79761198
1568566,79765726
1568758,79770254
1568950,79774781
1569142,79779309
1569334,79783837
1569526,79788364
1569718,79792892
1569910,79797419
1570102,79801947
1570294,79806475
1570486,79811002
1570678,79815530
1570870,79820058
1571062,79824585
1571254,79829113
1571446,79833641
1571638,79838168
1571830,79842696
1572022,79847223
1572214,79851751
1572406,79856279
1572598,79860806
1572790,79865334
1572982,79869862
1573174,79874389
1573366,79878917
1573558,79883445
1573750,79887972
1573942,79892500
1574134,79897027
1574326,79901555
1574518,79906083
1574710,79910610
1574902,79915138
1575094,79919666
1575286,79924193
1575478,79928721
1575670,79933249
1575862,79937776
1576054,79942304
1576246,79946831
1576438,79951359
1576630,79955887
1576822,79960414
1577014,79964942
1577206,79969470
1577398,79973997
1577590,79978525
1577782,79983053
1577974,79987580
1578166,79992108
1578358,79996635
1578550,80001163
1578742,80005691
1578934,80010218
1579126,80014746
1579318,80019274
1579510,80023801
1579702,80028329
1579894,80032856
1580086,80037384
1580278,80041912
1580470,80046439
1580662,80050967
1580854,80055495
1581046,80060022
1581238,80064550
1581430,80069078
1581622,80073605
1581814,80078133
1582006,80082660
1582198,80087188
1582390,80091716
1582582,80096243
1582774,80100771
1582966,80105299
1583158,80109826
1583350,80114354
1583542,80118882
1583734,80123409
1583926,80127937
1584118,80132464
1584310,80136992
1584502,80141520
1584694,80146047
1584886,80150575
1585078,80155103
1585270,80159630
1585462,80164158
1585654,80168686
1585846,80173213
1586038,80177741
1586230,80182268
1586422,80186796
1586614,80191324
1586806,80195851
1586998,80200379
1587190,80204907
1587382,80209434
1587574,80213962
1587766,80218490
1587958,80223017
1588150,80227545
1588342,80232072
1588534,80236600
1588726,80241128
1588918,80245655
1589110,80250183
1589302,80254711
1589494,80259238
1589686,80263766
1589878,80268294
1590070,80272821
1590262,80277349
1590454,80281876
1590646,80286404
1590838,80290932
1591030,80295459
1591222,80299987
1591414,80304515
1591606,80309042
1591798,80313570
1591990,80318097
1592182,80322625
1592374,80327153
1592566,80331680
1592758,80336208
1592950,80340736
1593142,80345263
1593334,80349791
1593526,80354319
1593718,80358846
1593910,80363374
1594102,80367901
1594294,80372429
1594486,80376957
1594678,80381484
1594870,80386012
1595062,80390540
1595254,80395067
1595446,80399595
1595638,80404123
1595830,80408650
1596022,80413178
1596214,80417705
1596406,80422233
1596598,80426761
1596790,80431288
1596982,80435816
1597174,80440344
1597366,80444871
1597558,80449399
1597750,80453927
1597942,80458454
1598134,80462982
1598326,80467509
1598518,80472037
1598710,80476565
1598902,80481092
1599094,80485620
1599286,80490148
1599478,80494675
1599670,80499203
1599862,80503731
1600054,80508258
1600246,80512786
1600438,80517313
1600630,80521841
1600822,80526369
1601014,80530896
1601206,80535424
1601398,80539952
1601590,80544479
1601782,80549007
1601974,80553534
1602166,80558062
1602358,80562590
1602550,80567117
1602742,80571645
1602934,80576173
1603126,80580700
1603318,80585228
1603510,80589756
1603702,80594283
1603894,80598811
1604086,80603338
1604278,80607866
1604470,80612394
1604662,80616921
1604854,80621449
1605046,80625977
1605238,80630504
1605430,80635032
1605622,80639560
1605814,80644087
1606006,80648615
1606198,80653142
1606390,80657670
1606582,80662198
1606774,80666725
1606966,80671253
1607158,80675781
1607350,80680308
1607542,80684836
1607734,80689364
1607926,80693891
1608118,80698419
1608310,80702946
1608502,80707474
1608694,80712002
1608886,80716529
1609078,80721057
1609270,80725585
1609462,80730112
1609654,80734640
1609846,80739168
1610038,80743695
1610230,80748223
1610422,80752750
1610614,80757278
1610806,80761806
1610998,80766333
1611190,80770861
1611382,80775389
1611574,80779916
1611766,80784444
1611958,80788971
1612150,80793499
1612342,80798027
1612534,80802554
1612726,80807082
1612918,80811610
1613110,80816137
1613302,80820665
1613494,80825193
1613686,80829720
1613878,80834248
1614070,80838775
1614262,80843303
1614454,80847831
1614646,80852358
1614838,80856886
1615030,80861414
1615222,80865941
1615414,80870469
1615606,80874997
1615798,80879524
1615990,80884052
1616182,80888579
1616374,80893107
1616566,80897635
1616758,80902162
1616950,80906690
1617142,80911218
1617334,80915745
1617526,80920273
1617718,80924801
1617910,80929328
1618102,80933856
1618294,80938383
1618486,80942911
1618678,80947439
1618870,80951966
1619062,80956494
1619254,80961022
1619446,80965549
1619638,80970077
1619830,80974604
1620022,80979132
1620214,80983660
1620406,80988187
1620598,80992715
1620790,80997243
1620982,81001770
1621174,81006298
1621366,81010826
1621558,81015353
1621750,81019881
1621942,81024408
1622134,81028936
1622326,81033464
1622518,81037991
1622710,81042519
1622902,81047047
1623094,81051574
1623286,81056102
1623478,81060630
1623670,81065157
1623862,81069685
1624054,81074212
1624246,81078740
1624438,81083268
1624630,81087795
1624822,81092323
1625014,81096851
1625206,81101378
1625398,81105906
1625590,81110433
1625782,81114961
1625974,81119489
1626166,81124016
1626358,81128544
1626550,81133072
1626742,81137599
1626934,81142127
1627126,81146655
1627318,81151182
1627510,81155710
1627702,81160237
1627894,81164765
1628086,81169293
1628278,81173820
1628470,81178348
1628662,81182876
1628854,81187403
1629046,81191931
1629238,81196459
1629430,81200986
1629622,81205514
1629814,81210041
1630006,81214569
1630198,81219097
1630390,81223624
1630582,81228152
1630774,81232680
1630966,81237207
1631158,81241735
1631350,81246262
1631542,81250790
1631734,81255318
1631926,81259845
1632118,81264373
1632310,81268901
1632502,81273428
1632694,81277956
1632886,81282484
1633078,81287011
1633270,81291539
1633462,81296066
1633654,81300594
1633846,81305122
1634038,81309649
1634230,81314177
1634422,81318705
1634614,81323232
1634806,81327760
1634998,81332288
1635190,81336815
1635382,81341343
1635574,81345870
1635766,81350398
1635958,81354926
1636150,81359453
1636342,81363981
1636534,81368509
1636726,81373036
1636918,81377564
1637110,81382091
1637302,81386619
1637494,81391147
1637686,81395674
1637878,81400202
1638070,81404730
1638262,81409257
1638454,81413785
1638646,81418313
1638838,81422840
1639030,81427368
1639222,81431895
1639414,81436423
1639606,81440951
1639798,81445478
1639990,81450006
1640182,81454534
1640374,81459061
1640566,81463589
1640758,81468117
1640950,81472644
1641142,81477172
1641334,81481699
1641526,81486227
1641718,81490755
1641910,81495282
1642102,81499810
1642294,81504338
1642486,81508865
1642678,81513393
1642870,81517921
1643062,81522448
1643254,81526976
1643446,81531503
1643638,81536031
1643830,81540559
1644022,81545086
1644214,81549614
1644406,81554142
1644598,81558669
1644790,81563197
1644982,81567724
1645174,81572252
1645366,81576780
1645558,81581307
1645750,81585835
1645942,81590363
1646134,81594890
1646326,81599418
1646518,81603946
1646710,81608473
1646902,81613001
1647094,81617528
1647286,81622056
1647478,81626584
1647670,81631111
1647862,81635639
1648054,81640167
1648246,81644694
1648438,81649222
1648630,81653750
1648822,81658277
1649014,81662805
1649206,81667332
1649398,81671860
1649590,81676388
1649782,81680915
1649974,81685443
1650166,81689971
1650358,81694498
1650550,81699026
1650742,81703553
1650934,81708081
1651126,81712609
1651318,81717136
1651510,81721664
1651702,81726192
1651894,81730719
1652086,81735247
1652278,81739775
1652470,81744302
1652662,81748830
1652854,81753357
1653046,81757885
1653238,81762413
1653430,81766940
1653622,81771468
1653814,81775996
1654006,81780523
1654198,81785051
1654390,81789579
1654582,81794106
1654774,81798634
1654966,81803161
1655158,81807689
1655350,81812217
1655542,81816744
1655734,81821272
1655926,81825800
1656118,81830327
1656310,81834855
1656502,81839382
1656694,81843910
1656886,81848438
1657078,81852965
1657270,81857493
1657462,81862021
1657654,81866548
1657846,81871076
1658038,81875604
1658230,81880131
1658422,81884659
1658614,81889186
1658806,81893714
1658998,81898242
1659190,81902769
1659382,81907297
1659574,81911825
1659766,81916352
1659958,81920880
1660150,81925408
1660342,81929935
1660534,81934463
1660726,81938990
1660918,81943518
1661110,81948046
1661302,81952573
1661494,81957101
1661686,81961629
1661878,81966156
1662070,81970684
1662262,81975211
1662454,81979739
1662646,81984267
1662838,81988794
1663030,81993322
1663222,81997850
1663414,82002377
1663606,82006905
1663798,82011433
1663990,82015960
1664182,82020488
1664374,82025015
1664566,82029543
1664758,82034071
1664950,82038598
1665142,82043126
1665334,82047654
1665526,82052181
1665718,82056709
1665910,82061236
1666102,82065764
1666294,82070292
1666486,82074819
1666678,82079347
1666870,82083875
1667062,82088402
1667254,82092930
1667446,82097458
1667638,82101985
1667830,82106513
1668022,82111040
1668214,82115568
1668406,82120096
1668598,82124623
1668790,82129151
1668982,82133679
1669174,82138206
1669366,82142734
1669558,82147262
1669750,82151789
1669942,82156317
1670134,82160844
1670326,82165372
1670518,82169900
1670710,82174427
1670902,82178955
1671094,82183483
1671286,82188010
1671478,82192538
1671670,82197065
1671862,82201593
1672054,82206121
1672246,82210648
1672438,82215176
1672630,82219704
1672822,82224231
1673014,82228759
1673206,82233287
1673398,82237814
1673590,82242342
1673782,82246869
1673974,82251397
1674166,82255925
1674358,82260452
1674550,82264980
1674742,82269508
1674934,82274035
1675126,82278563
1675318,82283090
1675510,82287618
1675702,82292146
1675894,82296673
1676086,82301201
1676278,82305729
1676470,82310256
1676662,82314784
1676854,82319312
1677046,82323839
1677238,82328367
1677430,82332894
1677622,82337422
1677814,82341950
1678006,82346477
1678198,82351005
1678390,82355533
1678582,82360060
1678774,82364588
1678966,82369115
1679158,82373643
1679350,82378171
1679542,82382698
1679734,82387226
1679926,82391754
1680118,82396281
1680310,82400809
1680502,82405337
1680694,82409864
1680886,82414392
1681078,82418919
1681270,82423447
1681462,82427975
1681654,82432502
1681846,82437030
1682038,82441558
1682230,82446085
1682422,82450613
1682614,82455141
1682806,82459668
1682998,82464196
1683190,82468723
1683382,82473251
1683574,82477779
1683766,82482306
1683958,82486834
1684150,82491362
1684342,82495889
1684534,82500417
1684726,82504944
1684918,82509472
1685110,82514000
1685302,82518527
1685494,82523055
1685686,82527583
1685878,82532110
1686070,82536638
1686262,82541166
1686454,82545693
1686646,82550221
1686838,82554748
1687030,82559276
1687222,82563804
1687414,82568331
1687606,82572859
1687798,82577387
1687990,82581914
1688182,82586442
1688374,82590969
1688566,82595497
1688758,82600025
1688950,82604552
1689142,82609080
1689334,82613608
1689526,82618135
1689718,82622663
1689910,82627191
1690102,82631718
1690294,82636246
1690486,82640773
1690678,82645301
1690870,82649829
1691062,82654356
1691254,82658884
1691446,82663412
1691638,82667939
1691830,82672467
1692022,82676994
1692214,82681522
1692406,82686050
1692598,82690577
1692790,82695105
1692982,82699633
1693174,82704160
1693366,82708688
1693558,82713216
1693750,82717743
1693942,82722271
1694134,82726798
1694326,82731326
1694518,82735854
1694710,82740381
1694902,82744909
1695094,82749437
1695286,82753964
1695478,82758492
1695670,82763019
1695862,82767547
1696054,82772075
1696246,82776602
1696438,82781130
1696630,82785658
1696822,82790185
1697014,82794713
1697206,82799241
1697398,82803768
1697590,82808296
1697782,82812823
1697974,82817351
1698166,82821879
1698358,82826406
1698550,82830934
1698742,82835462
1698934,82839989
1699126,82844517
1699318,82849045
1699510,82853572
1699702,82858100
1699894,82862627
1700086,82867155
1700278,82871683
1700470,82876210
1700662,82880738
1700854,82885266
1701046,82889793
1701238,82894321
1701430,82898848
1701622,82903376
1701814,82907904
1702006,82912431
1702198,82916959
1702390,82921487
1702582,82926014
1702774,82930542
1702966,82935070
1703158,82939597
1703350,82944125
1703542,82948652
1703734,82953180
1703926,82957708
1704118,82962235
1704310,82966763
1704502,82971291
1704694,82975818
1704886,82980346
1705078,82984874
1705270,82989401
1705462,82993929
1705654,82998456
1705846,83002984
1706038,83007512
1706230,83012039
1706422,83016567
1706614,83021095
1706806,83025622
1706998,83030150
1707190,83034677
1707382,83039205
1707574,83043733
1707766,83048260
1707958,83052788
1708150,83057316
1708342,83061843
1708534,83066371
1708726,83070899
1708918,83075426
1709110,83079954
1709302,83084481
1709494,83089009
1709686,83093537
1709878,83098064
1710070,83102592
1710262,83107120
1710454,83111647
1710646,83116175
1710838,83120703
1711030,83125230
1711222,83129758
1711414,83134285
1711606,83138813
1711798,83143341
1711990,83147868
1712182,83152396
1712374,83156924
1712566,83161451
1712758,83165979
1712950,83170506
1713142,83175034
1713334,83179562
1713526,83184089
1713718,83188617
1713910,83193145
1714102,83197672
1714294,83202200
1714486,83206728
1714678,83211255
1714870,83215783
1715062,83220310
1715254,83224838
1715446,83229366
1715638,83233893
1715830,83238421
1716022,83242949
1716214,83247476
1716406,83252004
1716598,83256532
1716790,83261059
1716982,83265587
1717174,83270114
1717366,83274642
1717558,83279170
1717750,83283697
1717942,83288225
1718134,83292753
1718326,83297280
1718518,83301808
1718710,83306336
1718902,83310863
1719094,83315391
1719286,83319918
1719478,83324446
1719670,83328974
1719862,83333501
1720054,83338029
1720246,83342557
1720438,83347084
1720630,83351612
1720822,83356139
1721014,83360667
1721206,83365195
1721398,83369722
1721590,83374250
1721782,83378778
1721974,83383305
1722166,83387833
1722358,83392361
1722550,83396888
1722742,83401416
1722934,83405943
1723126,83410471
1723318,83414999
1723510,83419526
1723702,83424054
1723894,83428582
1724086,83433109
1724278,83437637
1724470,83442165
1724662,83446692
1724854,83451220
1725046,83455747
1725238,83460275
1725430,83464803
1725622,83469330
1725814,83473858
1726006,83478386
1726198,83482913
1726390,83487441
1726582,83491969
1726774,83496496
1726966,83501024
1727158,83505551
1727350,83510079
1727542,83514607
1727734,83519134
1727926,83523662
1728118,83528190
1728310,83532717
1728502,83537245
1728694,83541772
1728886,83546300
1729078,83550828
1729270,83555355
1729462,83559883
1729654,83564411
1729846,83568938
1730038,83573466
1730230,83577994
1730422,83582521
1730614,83587049
1730806,83591576
1730998,83596104
1731190,83600632
1731382,83605159
1731574,83609687
1731766,83614215
1731958,83618742
1732150,83623270
1732342,83627798
1732534,83632325
1732726,83636853
1732918,83641380
1733110,83645908
1733302,83650436
1733494,83654963
1733686,83659491
1733878,83664019
1734070,83668546
1734262,83673074
1734454,83677602
1734646,83682129
1734838,83686657
1735030,83691184
1735222,83695712
1735414,83700240
1735606,83704767
1735798,83709295
1735990,83713823
1736182,83718350
1736374,83722878
1736566,83727405
1736758,83731933
1736950,83736461
1737142,83740988
1737334,83745516
1737526,83750044
1737718,83754571
1737910,83759099
1738102,83763627
1738294,83768154
1738486,83772682
1738678,83777209
1738870,83781737
1739062,83786265
1739254,83790792
1739446,83795320
1739638,83799848
1739830,83804375
1740022,83808903
1740214,83813431
1740406,83817958
1740598,83822486
1740790,83827013
1740982,83831541
1741174,83836069
1741366,83840596
1741558,83845124
1741750,83849652
1741942,83854179
1742134,83858707
1742326,83863234
1742518,83867762
1742710,83872290
1742902,83876817
1743094,83881345
1743286,83885873
1743478,83890400
1743670,83894928
1743862,83899456
1744054,83903983
1744246,83908511
1744438,83913038
1744630,83917566
1744822,83922094
1745014,83926621
1745206,83931149
1745398,83935677
1745590,83940204
1745782,83944732
1745974,83949260
1746166,83953787
1746358,83958315
1746550,83962842
1746742,83967370
1746934,83971898
1747126,83976425
1747318,83980953
1747510,83985481
1747702,83990008
1747894,83994536
1748086,83999063
1748278,84003591
1748470,84008119
1748662,84012646
1748854,84017174
1749046,84021702
1749238,84026229
1749430,84030757
1749622,84035285
1749814,84039812
1750006,84044340
1750198,84048867
1750390,84053395
1750582,84057923
1750774,84062450
1750966,84066978
1751158,84071506
1751350,84076033
1751542,84080561
1751734,84085089
1751926,84089616
1752118,84094144
1752310,84098671
1752502,84103199
1752694,84107727
1752886,84112254
1753078,84116782
1753270,84121310
1753462,84125837
1753654,84130365
1753846,84134892
1754038,84139420
1754230,84143948
1754422,84148475
1754614,84153003
1754806,84157531
1754998,84162058
1755190,84166586
1755382,84171114
1755574,84175641
1755766,84180169
1755958,84184696
1756150,84189224
1756342,84193752
1756534,84198279
1756726,84202807
1756918,84207335
1757110,84211862
1757302,84216390
1757494,84220918
1757686,84225445
1757878,84229973
1758070,84234500
1758262,84239028
1758454,84243556
1758646,84248083
1758838,84252611
1759030,84257139
1759222,84261666
1759414,84266194
1759606,84270722
1759798,84275249
1759990,84279777
1760182,84284304
1760374,84288832
1760566,84293360
1760758,84297887
1760950,84302415
1761142,84306943
1761334,84311470
1761526,84315998
1761718,84320525
1761910,84325053
1762102,84329581
1762294,84334108
1762486,84338636
1762678,84343164
1762870,84347691
1763062,84352219
1763254,84356747
1763446,84361274
1763638,84365802
1763830,84370329
1764022,84374857
1764214,84379385
1764406,84383912
1764598,84388440
1764790,84392968
1764982,84397495
1765174,84402023
1765366,84406551
1765558,84411078
1765750,84415606
1765942,84420133
1766134,84424661
1766326,84429189
1766518,84433716
1766710,84438244
1766902,84442772
1767094,84447299
1767286,84451827
1767478,84456354
1767670,84460882
1767862,84465410
1768054,84469937
1768246,84474465
1768438,84478993
1768630,84483520
1768822,84488048
1769014,84492576
1769206,84497103
1769398,84501631
1769590,84506158
1769782,84510686
1769974,84515214
1770166,84519741
1770358,84524269
1770550,84528797
1770742,84533324
1770934,84537852
1771126,84542380
1771318,84546907
1771510,84551435
1771702,84555962
1771894,84560490
1772086,84565018
1772278,84569545
1772470,84574073
1772662,84578601
1772854,84583128
1773046,84587656
1773238,84592183
1773430,84596711
1773622,84601239
1773814,84605766
1774006,84610294
1774198,84614822
1774390,84619349
1774582,84623877
1774774,84628405
1774966,84632932
1775158,84637460
1775350,84641987
1775542,84646515
1775734,84651043
1775926,84655570
1776118,84660098
1776310,84664626
1776502,84669153
1776694,84673681
1776886,84678209
1777078,84682736
1777270,84687264
1777462,84691791
1777654,84696319
1777846,84700847
1778038,84705374
1778230,84709902
1778422,84714430
1778614,84718957
1778806,84723485
1778998,84728012
1779190,84732540
1779382,84737068
1779574,84741595
1779766,84746123
1779958,84750651
1780150,84755178
1780342,84759706
1780534,84764234
1780726,84768761
1780918,84773289
1781110,84777816
1781302,84782344
1781494,84786872
1781686,84791399
1781878,84795927
1782070,84800455
1782262,84804982
1782454,84809510
1782646,84814038
1782838,84818565
1783030,84823093
1783222,84827620
1783414,84832148
1783606,84836676
1783798,84841203
1783990,84845731
1784182,84850259
1784374,84854786
1784566,84859314
1784758,84863841
1784950,84868369
1785142,84872897
1785334,84877424
1785526,84881952
1785718,84886480
1785910,84891007
1786102,84895535
1786294,84900063
1786486,84904590
1786678,84909118
1786870,84913645
1787062,84918173
1787254,84922701
1787446,84927228
1787638,84931756
1787830,84936284
1788022,84940811
1788214,84945339
1788406,84949867
1788598,84954394
1788790,84958922
1788982,84963449
1789174,84967977
1789366,84972505
1789558,84977032
1789750,84981560
1789942,84986088
1790134,84990615
1790326,84995143
1790518,84999670
1790710,85004198
1790902,85008726
1791094,85013253
1791286,85017781
1791478,85022309
1791670,85026836
1791862,85031364
1792054,85035892
1792246,85040419
1792438,85044947
1792630,85049474
1792822,85054002
1793014,85058530
1793206,85063057
1793398,85067585
1793590,85072113
1793782,85076640
1793974,85081168
1794166,85085695
1794358,85090223
1794550,85094751
1794742,85099278
1794934,85103806
1795126,85108334
1795318,85112861
1795510,85117389
1795702,85121917
1795894,85126444
1796086,85130972
1796278,85135499
1796470,85140027
1796662,85144555
1796854,85149082
1797046,85153610
1797238,85158138
1797430,85162665
1797622,85167193
1797814,85171720
1798006,85176248
1798198,85180776
1798390,85185303
1798582,85189831
1798774,85194359
1798966,85198886
1799158,85203414
1799350,85207942
1799542,85212469
1799734,85216997
1799926,85221524
1800118,85226052
1800310,85230580
1800502,85235107
1800694,85239635
1800886,85244163
1801078,85248690
1801270,85253218
1801462,85257745
1801654,85262273
1801846,85266801
1802038,85271328
1802230,85275856
1802422,85280384
1802614,85284911
1802806,85289439
1802998,85293967
1803190,85298494
1803382,85303022
1803574,85307549
1803766,85312077
1803958,85316605
1804150,85321132
1804342,85325660
1804534,85330188
1804726,85334715
1804918,85339243
1805110,85343770
1805302,85348298
1805494,85352826
1805686,85357353
1805878,85361881
1806070,85366409
1806262,85370936
1806454,85375464
1806646,85379991
1806838,85384519
1807030,85389047
1807222,85393574
1807414,85398102
1807606,85402630
1807798,85407157
1807990,85411685
1808182,85416213
1808374,85420740
1808566,85425268
1808758,85429795
1808950,85434323
1809142,85438851
1809334,85443378
1809526,85447906
1809718,85452434
1809910,85456961
1810102,85461489
1810294,85466016
1810486,85470544
1810678,85475072
1810870,85479599
1811062,85484127
1811254,85488655
1811446,85493182
1811638,85497710
1811830,85502238
1812022,85506765
1812214,85511293
1812406,85515820
1812598,85520348
1812790,85524876
1812982,85529403
1813174,85533931
1813366,85538459
1813558,85542986
1813750,85547514
1813942,85552041
1814134,85556569
1814326,85561097
1814518,85565624
1814710,85570152
1814902,85574680
1815094,85579207
1815286,85583735
1815478,85588263
1815670,85592790
1815862,85597318
1816054,85601845
1816246,85606373
1816438,85610901
1816630,85615428
1816822,85619956
1817014,85624484
1817206,85629011
1817398,85633539
1817590,85638066
1817782,85642594
1817974,85647122
1818166,85651649
1818358,85656177
1818550,85660705
1818742,85665232
1818934,85669760
1819126,85674288
1819318,85678815
1819510,85683343
1819702,85687870
1819894,85692398
1820086,85696926
1820278,85701453
1820470,85705981
1820662,85710509
1820854,85715036
1821046,85719564
1821238,85724091
1821430,85728619
1821622,85733147
1821814,85737674
1822006,85742202
1822198,85746730
1822390,85751257
1822582,85755785
1822774,85760313
1822966,85764840
1823158,85769368
1823350,85773895
1823542,85778423
1823734,85782951
1823926,85787478
1824118,85792006
1824310,85796534
1824502,85801061
1824694,85805589
1824886,85810117
1825078,85814644
1825270,85819172
1825462,85823699
1825654,85828227
1825846,85832755
1826038,85837282
1826230,85841810
1826422,85846338
1826614,85850865
1826806,85855393
1826998,85859920
1827190,85864448
1827382,85868976
1827574,85873503
1827766,85878031
1827958,85882559
1828150,85887086
1828342,85891614
1828534,85896142
1828726,85900669
1828918,85905197
1829110,85909724
1829302,85914252
1829494,85918780
1829686,85923307
1829878,85927835
1830070,85932363
1830262,85936890
1830454,85941418
1830646,85945945
1830838,85950473
1831030,85955001
1831222,85959528
1831414,85964056
1831606,85968584
1831798,85973111
1831990,85977639
1832182,85982167
1832374,85986694
1832566,85991222
1832758,85995749
1832950,86000277
1833142,86004805
1833334,86009332
1833526,86013860
1833718,86018388
1833910,86022915
1834102,86027443
1834294,86031971
1834486,86036498
1834678,86041026
1834870,86045553
1835062,86050081
1835254,86054609
1835446,86059136
1835638,86063664
1835830,86068192
1836022,86072719
1836214,86077247
1836406,86081774
1836598,86086302
1836790,86090830
1836982,86095357
1837174,86099885
1837366,86104413
1837558,86108940
1837750,86113468
1837942,86117996
1838134,86122523
1838326,86127051
1838518,86131578
1838710,86136106
1838902,86140634
1839094,86145161
1839286,86149689
1839478,86154217
1839670,86158744
1839862,86163272
1840054,86167800
1840246,86172327
1840438,86176855
1840630,86181382
1840822,86185910
1841014,86190438
1841206,86194965
1841398,86199493
1841590,86204021
1841782,86208548
1841974,86213076
1842166,86217604
1842358,86222131
1842550,86226659
1842742,86231186
1842934,86235714
1843126,86240242
1843318,86244769
1843510,86249297
1843702,86253825
1843894,86258352
1844086,86262880
1844278,86267407
1844470,86271935
1844662,86276463
1844854,86280990
1845046,86285518
1845238,86290046
1845430,86294573
1845622,86299101
1845814,86303629
1846006,86308156
1846198,86312684
1846390,86317211
1846582,86321739
1846774,86326267
1846966,86330794
1847158,86335322
1847350,86339850
1847542,86344377
1847734,86348905
1847926,86353433
1848118,86357960
1848310,86362488
1848502,86367015
1848694,86371543
1848886,86376071
1849078,86380598
1849270,86385126
1849462,86389654
1849654,86394181
1849846,86398709
1850038,86403237
1850230,86407764
1850422,86412292
1850614,86416819
1850806,86421347
1850998,86425875
1851190,86430402
1851382,86434930
1851574,86439458
1851766,86443985
1851958,86448513
1852150,86453041
1852342,86457568
1852534,86462096
1852726,86466623
1852918,86471151
1853110,86475679
1853302,86480206
1853494,86484734
1853686,86489262
1853878,86493789
1854070,86498317
1854262,86502845
1854454,86507372
1854646,86511900
1854838,86516427
1855030,86520955
1855222,86525483
1855414,86530010
1855606,86534538
1855798,86539066
1855990,86543593
1856182,86548121
1856374,86552649
1856566,86557176
1856758,86561704
1856950,86566231
1857142,86570759
1857334,86575287
1857526,86579814
1857718,86584342
1857910,86588870
1858102,86593397
1858294,86597925
1858486,86602453
1858678,86606980
1858870,86611508
1859062,86616035
1859254,86620563
1859446,86625091
1859638,86629618
1859830,86634146
1860022,86638674
1860214,86643201
1860406,86647729
1860598,86652257
1860790,86656784
1860982,86661312
1861174,86665839
1861366,86670367
1861558,86674895
1861750,86679422
1861942,86683950
1862134,86688478
1862326,86693005
1862518,86697533
1862710,86702060
1862902,86706588
1863094,86711116
1863286,86715643
1863478,86720171
1863670,86724699
1863862,86729226
1864054,86733754
1864246,86738282
1864438,86742809
1864630,86747337
1864822,86751864
1865014,86756392
1865206,86760920
1865398,86765447
1865590,86769975
1865782,86774503
1865974,86779030
1866166,86783558
1866358,86788086
1866550,86792613
1866742,86797141
1866934,86801668
1867126,86806196
1867318,86810724
1867510,86815251
1867702,86819779
1867894,86824307
1868086,86828834
1868278,86833362
1868470,86837890
1868662,86842417
1868854,86846945
1869046,86851472
1869238,86856000
1869430,86860528
1869622,86865055
1869814,86869583
1870006,86874111
1870198,86878638
1870390,86883166
1870582,86887694
1870774,86892221
1870966,86896749
1871158,86901276
1871350,86905804
1871542,86910332
1871734,86914859
1871926,86919387
1872118,86923915
1872310,86928442
1872502,86932970
1872694,86937498
1872886,86942025
1873078,86946553
1873270,86951080
1873462,86955608
1873654,86960136
1873846,86964663
1874038,86969191
1874230,86973719
1874422,86978246
1874614,86982774
1874806,86987302
1874998,86991829
1875190,86996357
1875382,87000884
1875574,87005412
1875766,87009940
1875958,87014467
1876150,87018995
1876342,87023523
1876534,87028050
1876726,87032578
1876918,87037106
1877110,87041633
1877302,87046161
1877494,87050688
1877686,87055216
1877878,87059744
1878070,87064271
1878262,87068799
1878454,87073327
1878646,87077854
1878838,87082382
1879030,87086910
1879222,87091437
1879414,87095965
1879606,87100492
1879798,87105020
1879990,87109548
1880182,87114075
1880374,87118603
1880566,87123131
1880758,87127658
1880950,87132186
1881142,87136714
1881334,87141241
1881526,87145769
1881718,87150296
1881910,87154824
1882102,87159352
1882294,87163879
1882486,87168407
1882678,87172935
1882870,87177462
1883062,87181990
1883254,87186518
1883446,87191045
1883638,87195573
1883830,87200100
1884022,87204628
1884214,87209156
1884406,87213683
1884598,87218211
1884790,87222739
1884982,87227266
1885174,87231794
1885366,87236322
1885558,87240849
1885750,87245377
1885942,87249904
1886134,87254432
1886326,87258960
1886518,87263487
1886710,87268015
1886902,87272543
1887094,87277070
1887286,87281598
1887478,87286126
1887670,87290653
1887862,87295181
1888054,87299708
1888246,87304236
1888438,87308764
1888630,87313291
1888822,87317819
1889014,87322347
1889206,87326874
1889398,87331402
1889590,87335930
1889782,87340457
1889974,87344985
1890166,87349512
1890358,87354040
1890550,87358568
1890742,87363095
1890934,87367623
1891126,87372151
1891318,87376678
1891510,87381206
1891702,87385734
1891894,87390261
1892086,87394789
1892278,87399316
1892470,87403844
1892662,87408372
1892854,87412899
1893046,87417427
1893238,87421955
1893430,87426482
1893622,87431010
1893814,87435538
1894006,87440065
1894198,87444593
1894390,87449120
1894582,87453648
1894774,87458176
1894966,87462703
1895158,87467231
1895350,87471759
1895542,87476286
1895734,87480814
1895926,87485342
1896118,87489869
1896310,87494397
1896502,87498924
1896694,87503452
1896886,87507980
1897078,87512507
1897270,87517035
1897462,87521563
1897654,87526090
1897846,87530618
1898038,87535146
1898230,87539673
1898422,87544201
1898614,87548728
1898806,87553256
1898998,87557784
1899190,87562311
1899382,87566839
1899574,87571367
1899766,87575894
1899958,87580422
1900150,87584950
1900342,87589477
1900534,87594005
1900726,87598532
1900918,87603060
1901110,87607588
1901302,87612115
1901494,87616643
1901686,87621171
1901878,87625698
1902070,87630226
1902262,87634754
1902454,87639281
1902646,87643809
1902838,87648336
1903030,87652864
1903222,87657392
1903414,87661919
1903606,87666447
1903798,87670975
1903990,87675502
1904182,87680030
1904374,87684558
1904566,87689085
1904758,87693613
1904950,87698140
1905142,87702668
1905334,87707196
1905526,87711723
1905718,87716251
1905910,87720779
1906102,87725306
1906294,87729834
1906486,87734362
1906678,87738889
1906870,87743417
1907062,87747944
1907254,87752472
1907446,87757000
1907638,87761527
1907830,87766055
1908022,87770583
1908214,87775110
1908406,87779638
1908598,87784166
1908790,87788693
1908982,87793221
1909174,87797748
1909366,87802276
1909558,87806804
1909750,87811331
1909942,87815859
1910134,87820387
1910326,87824914
1910518,87829442
1910710,87833969
1910902,87838497
1911094,87843025
1911286,87847552
1911478,87852080
1911670,87856608
1911862,87861135
1912054,87865663
1912246,87870191
1912438,87874718
1912630,87879246
1912822,87883773
1913014,87888301
1913206,87892829
1913398,87897356
1913590,87901884
1913782,87906412
1913974,87910939
1914166,87915467
1914358,87919995
1914550,87924522
1914742,87929050
1914934,87933577
1915126,87938105
1915318,87942633
1915510,87947160
1915702,87951688
1915894,87956216
1916086,87960743
1916278,87965271
1916470,87969799
1916662,87974326
1916854,87978854
1917046,87983381
1917238,87987909
1917430,87992437
1917622,87996964
1917814,88001492
1918006,88006020
1918198,88010547
1918390,88015075
1918582,88019603
1918774,88024130
1918966,88028658
1919158,88033185
1919350,88037713
1919542,88042241
1919734,88046768
1919926,88051296
1920118,88055824
1920310,88060351
1920502,88064879
1920694,88069407
1920886,88073934
1921078,88078462
1921270,88082989
1921462,88087517
1921654,88092045
1921846,88096572
1922038,88101100
1922230,88105628
1922422,88110155
1922614,88114683
1922806,88119210
1922998,88123738
1923190,88128266
1923382,88132793
1923574,88137321
1923766,88141849
1923958,88146376
1924150,88150904
1924342,88155432
1924534,88159959
1924726,88164487
1924918,88169014
1925110,88173542
1925302,88178070
1925494,88182597
1925686,88187125
1925878,88191653
1926070,88196180
1926262,88200708
1926454,88205236
1926646,88209763
1926838,88214291
1927030,88218818
1927222,88223346
1927414,88227874
1927606,88232401
1927798,88236929
1927990,88241457
1928182,88245984
1928374,88250512
1928566,88255040
1928758,88259567
1928950,88264095
1929142,88268622
1929334,88273150
1929526,88277678
1929718,88282205
1929910,88286733
1930102,88291261
1930294,88295788
1930486,88300316
1930678,88304844
1930870,88309371
1931062,88313899
1931254,88318426
1931446,88322954
1931638,88327482
1931830,88332009
1932022,88336537
1932214,88341065
1932406,88345592
1932598,88350120
1932790,88354647
1932982,88359175
1933174,88363703
1933366,88368230
1933558,88372758
1933750,88377286
1933942,88381813
1934134,88386341
1934326,88390869
1934518,88395396
1934710,88399924
1934902,88404451
1935094,88408979
1935286,88413507
1935478,88418034
1935670,88422562
1935862,88427090
1936054,88431617
1936246,88436145
1936438,88440673
1936630,88445200
1936822,88449728
1937014,88454255
1937206,88458783
1937398,88463311
1937590,88467838
1937782,88472366
1937974,88476894
1938166,88481421
1938358,88485949
1938550,88490477
1938742,88495004
1938934,88499532
1939126,88504059
1939318,88508587
1939510,88513115
1939702,88517642
1939894,88522170
1940086,88526698
1940278,88531225
1940470,88535753
1940662,88540281
1940854,88544808
1941046,88549336
1941238,88553863
1941430,88558391
1941622,88562919
1941814,88567446
1942006,88571974
1942198,88576502
1942390,88581029
1942582,88585557
1942774,88590084
1942966,88594612
1943158,88599140
1943350,88603667
1943542,88608195
1943734,88612723
1943926,88617250
1944118,88621778
1944310,88626306
1944502,88630833
1944694,88635361
1944886,88639888
1945078,88644416
1945270,88648944
1945462,88653471
1945654,88657999
1945846,88662527
1946038,88667054
1946230,88671582
1946422,88676110
1946614,88680637
1946806,88685165
1946998,88689692
1947190,88694220
1947382,88698748
1947574,88703275
1947766,88707803
1947958,88712331
1948150,88716858
1948342,88721386
1948534,88725914
1948726,88730441
1948918,88734969
1949110,88739496
1949302,88744024
1949494,88748552
1949686,88753079
1949878,88757607
1950070,88762135
1950262,88766662
1950454,88771190
1950646,88775718
1950838,88780245
1951030,88784773
1951222,88789300
1951414,88793828
1951606,88798356
1951798,88802883
1951990,88807411
1952182,88811939
1952374,88816466
1952566,88820994
1952758,88825521
1952950,88830049
1953142,88834577
1953334,88839104
1953526,88843632
1953718,88848160
1953910,88852687
1954102,88857215
1954294,88861743
1954486,88866270
1954678,88870798
1954870,88875325
1955062,88879853
1955254,88884381
1955446,88888908
1955638,88893436
1955830,88897964
1956022,88902491
1956214,88907019
1956406,88911547
1956598,88916074
1956790,88920602
1956982,88925129
1957174,88929657
1957366,88934185
1957558,88938712
1957750,88943240
1957942,88947768
1958134,88952295
1958326,88956823
1958518,88961350
1958710,88965878
1958902,88970406
1959094,88974933
1959286,88979461
1959478,88983989
1959670,88988516
1959862,88993044
1960054,88997572
1960246,89002099
1960438,89006627
1960630,89011154
1960822,89015682
1961014,89020210
1961206,89024737
1961398,89029265
1961590,89033793
1961782,89038320
1961974,89042848
1962166,89047375
1962358,89051903
1962550,89056431
1962742,89060958
1962934,89065486
1963126,89070014
1963318,89074541
1963510,89079069
1963702,89083597
1963894,89088124
1964086,89092652
1964278,89097179
1964470,89101707
1964662,89106235
1964854,89110762
1965046,89115290
1965238,89119818
1965430,89124345
1965622,89128873
1965814,89133400
1966006,89137928
1966198,89142456
1966390,89146983
1966582,89151511
1966774,89156039
1966966,89160566
1967158,89165094
1967350,89169621
1967542,89174149
1967734,89178677
1967926,89183204
1968118,89187732
1968310,89192260
1968502,89196787
1968694,89201315
1968886,89205843
1969078,89210370
1969270,89214898
1969462,89219425
1969654,89223953
1969846,89228481
1970038,89233008
1970230,89237536
1970422,89242064
1970614,89246591
1970806,89251119
1970998,89255646
1971190,89260174
1971382,89264702
1971574,89269229
1971766,89273757
1971958,89278285
1972150,89282812
1972342,89287340
1972534,89291867
1972726,89296395
1972918,89300923
1973110,89305450
1973302,89309978
1973494,89314506
1973686,89319033
1973878,89323561
1974070,89328089
1974262,89332616
1974454,89337144
1974646,89341671
1974838,89346199
1975030,89350727
1975222,89355254
1975414,89359782
1975606,89364310
1975798,89368837
1975990,89373365
1976182,89377892
1976374,89382420
1976566,89386948
1976758,89391475
1976950,89396003
1977142,89400531
1977334,89405058
1977526,89409586
1977718,89414113
1977910,89418641
1978102,89423169
1978294,89427696
1978486,89432224
1978678,89436752
1978870,89441279
1979062,89445807
1979254,89450335
1979446,89454862
1979638,89459390
1979830,89463917
1980022,89468445
1980214,89472973
1980406,89477500
1980598,89482028
1980790,89486556
1980982,89491083
1981174,89495611
1981366,89500138
1981558,89504666
1981750,89509194
1981942,89513721
1982134,89518249
1982326,89522777
1982518,89527304
1982710,89531832
1982902,89536359
1983094,89540887
1983286,89545415
1983478,89549942
1983670,89554470
1983862,89558998
1984054,89563525
1984246,89568053
1984438,89572581
1984630,89577108
1984822,89581636
1985014,89586163
1985206,89590691
1985398,89595219
1985590,89599746
1985782,89604274
1985974,89608802
1986166,89613329
1986358,89617857
1986550,89622384
1986742,89626912
1986934,89631440
1987126,89635967
1987318,89640495
1987510,89645023
1987702,89649550
1987894,89654078
1988086,89658606
1988278,89663133
1988470,89667661
1988662,89672188
1988854,89676716
1989046,89681244
1989238,89685771
1989430,89690299
1989622,89694827
1989814,89699354
1990006,89703882
1990198,89708409
1990390,89712937
1990582,89717465
1990774,89721992
1990966,89726520
1991158,89731048
1991350,89735575
1991542,89740103
1991734,89744630
1991926,89749158
1992118,89753686
1992310,89758213
1992502,89762741
1992694,89767269
1992886,89771796
1993078,89776324
1993270,89780852
1993462,89785379
1993654,89789907
1993846,89794434
1994038,89798962
1994230,89803490
1994422,89808017
1994614,89812545
1994806,89817073
1994998,89821600
1995190,89826128
1995382,89830655
1995574,89835183
1995766,89839711
1995958,89844238
1996150,89848766
1996342,89853294
1996534,89857821
1996726,89862349
1996918,89866877
1997110,89871404
1997302,89875932
1997494,89880459
1997686,89884987
1997878,89889515
1998070,89894042
1998262,89898570
1998454,89903098
1998646,89907625
1998838,89912153
1999030,89916680
1999222,89921208
1999414,89925736
1999606,89930263
1999798,89934791
1999990,89939319
2000182,89943846
2000374,89948374
2000566,89952902
2000758,89957429
2000950,89961957
2001142,89966484
2001334,89971012
2001526,89975540
2001718,89980067
2001910,89984595
2002102,89989123
2002294,89993650
2002486,89998178
2002678,90002705
2002870,90007233
2003062,90011761
2003254,90016288
2003446,90020816
2003638,90025344
2003830,90029871
2004022,90034399
2004214,90038927
2004406,90043454
2004598,90047982
2004790,90052509
2004982,90057037
2005174,90061565
2005366,90066092
2005558,90070620
2005750,90075148
2005942,90079675
2006134,90084203
2006326,90088730
2006518,90093258
2006710,90097786
2006902,90102313
2007094,90106841
2007286,90111369
2007478,90115896
2007670,90120424
2007862,90124952
2008054,90129479
2008246,90134007
2008438,90138534
2008630,90143062
2008822,90147590
2009014,90152117
2009206,90156645
2009398,90161173
2009590,90165700
2009782,90170228
2009974,90174755
2010166,90179283
2010358,90183811
2010550,90188338
2010742,90192866
2010934,90197394
2011126,90201921
2011318,90206449
2011510,90210977
2011702,90215504
2011894,90220032
2012086,90224559
2012278,90229087
2012470,90233615
2012662,90238142
2012854,90242670
2013046,90247198
2013238,90251725
2013430,90256253
2013622,90260781
2013814,90265308
2014006,90269836
2014198,90274363
2014390,90278891
2014582,90283419
2014774,90287946
2014966,90292474
2015158,90297002
2015350,90301529
2015542,90306057
2015734,90310584
2015926,90315112
2016118,90319640
2016310,90324167
2016502,90328695
2016694,90333223
2016886,90337750
2017078,90342278
2017270,90346806
2017462,90351333
2017654,90355861
2017846,90360388
2018038,90364916
2018230,90369444
2018422,90373971
2018614,90378499
2018806,90383027
2018998,90387554
2019190,90392082
2019382,90396610
2019574,90401137
2019766,90405665
2019958,90410192
2020150,90414720
2020342,90419248
2020534,90423775
2020726,90428303
2020918,90432831
2021110,90437358
2021302,90441886
2021494,90446413
2021686,90450941
2021878,90455469
2022070,90459996
2022262,90464524
2022454,90469052
2022646,90473579
2022838,90478107
2023030,90482635
2023222,90487162
2023414,90491690
2023606,90496217
2023798,90500745
2023990,90505273
2024182,90509800
2024374,90514328
2024566,90518856
2024758,90523383
2024950,90527911
2025142,90532439
2025334,90536966
2025526,90541494
2025718,90546021
2025910,90550549
2026102,90555077
2026294,90559604
2026486,90564132
2026678,90568660
2026870,90573187
2027062,90577715
2027254,90582243
2027446,90586770
2027638,90591298
2027830,90595825
2028022,90600353
2028214,90604881
2028406,90609408
2028598,90613936
2028790,90618464
2028982,90622991
2029174,90627519
2029366,90632047
2029558,90636574
2029750,90641102
2029942,90645629
2030134,90650157
2030326,90654685
2030518,90659212
2030710,90663740
2030902,90668268
2031094,90672795
2031286,90677323
2031478,90681850
2031670,90686378
2031862,90690906
2032054,90695433
2032246,90699961
2032438,90704489
2032630,90709016
2032822,90713544
2033014,90718072
2033206,90722599
2033398,90727127
2033590,90731654
2033782,90736182
2033974,90740710
2034166,90745237
2034358,90749765
2034550,90754293
2034742,90758820
2034934,90763348
2035126,90767876
2035318,90772403
2035510,90776931
2035702,90781458
2035894,90785986
2036086,90790514
2036278,90795041
2036470,90799569
2036662,90804097
2036854,90808624
2037046,90813152
2037238,90817680
2037430,90822207
2037622,90826735
2037814,90831262
2038006,90835790
2038198,90840318
2038390,90844845
2038582,90849373
2038774,90853901
2038966,90858428
2039158,90862956
2039350,90867484
2039542,90872011
2039734,90876539
2039926,90881066
2040118,90885594
2040310,90890122
2040502,90894649
2040694,90899177
2040886,90903705
2041078,90908232
2041270,90912760
2041462,90917287
2041654,90921815
2041846,90926343
2042038,90930870
2042230,90935398
2042422,90939926
2042614,90944453
2042806,90948981
2042998,90953509
2043190,90958036
2043382,90962564
2043574,90967091
2043766,90971619
2043958,90976147
2044150,90980674
2044342,90985202
2044534,90989730
2044726,90994257
2044918,90998785
2045110,91003313
2045302,91007840
2045494,91012368
2045686,91016895
2045878,91021423
2046070,91025951
2046262,91030478
2046454,91035006
2046646,91039534
2046838,91044061
2047030,91048589
2047222,91053117
2047414,91057644
2047606,91062172
2047798,91066699
2047990,91071227
2048182,91075755
2048374,91080282
2048566,91084810
2048758,91089338
2048950,91093865
2049142,91098393
2049334,91102921
2049526,91107448
2049718,91111976
2049910,91116503
2050102,91121031
2050294,91125559
2050486,91130086
2050678,91134614
2050870,91139142
2051062,91143669
2051254,91148197
2051446,91152724
2051638,91157252
2051830,91161780
2052022,91166307
2052214,91170835
2052406,91175363
2052598,91179890
2052790,91184418
2052982,91188946
2053174,91193473
2053366,91198001
2053558,91202528
2053750,91207056
2053942,91211584
2054134,91216111
2054326,91220639
2054518,91225167
2054710,91229694
2054902,91234222
2055094,91238750
2055286,91243277
2055478,91247805
2055670,91252332
2055862,91256860
2056054,91261388
2056246,91265915
2056438,91270443
2056630,91274971
2056822,91279498
2057014,91284026
2057206,91288554
2057398,91293081
2057590,91297609
2057782,91302136
2057974,91306664
2058166,91311192
2058358,91315719
2058550,91320247
2058742,91324775
2058934,91329302
2059126,91333830
2059318,91338357
2059510,91342885
2059702,91347413
2059894,91351940
2060086,91356468
2060278,91360996
2060470,91365523
2060662,91370051
2060854,91374579
2061046,91379106
2061238,91383634
2061430,91388161
2061622,91392689
2061814,91397217
2062006,91401744
2062198,91406272
2062390,91410800
2062582,91415327
2062774,91419855
2062966,91424383
2063158,91428910
2063350,91433438
2063542,91437965
2063734,91442493
2063926,91447021
2064118,91451548
2064310,91456076
2064502,91460604
2064694,91465131
2064886,91469659
2065078,91474187
2065270,91478714
2065462,91483242
2065654,91487769
2065846,91492297
2066038,91496825
2066230,91501352
2066422,91505880
2066614,91510408
2066806,91514935
2066998,91519463
2067190,91523990
2067382,91528518
2067574,91533046
2067766,91537573
2067958,91542101
2068150,91546629
2068342,91551156
2068534,91555684
2068726,91560212
2068918,91564739
2069110,91569267
2069302,91573794
2069494,91578322
2069686,91582850
2069878,91587377
2070070,91591905
2070262,91596433
2070454,91600960
2070646,91605488
2070838,91610016
2071030,91614543
2071222,91619071
2071414,91623598
2071606,91628126
2071798,91632654
2071990,91637181
2072182,91641709
2072374,91646237
2072566,91650764
2072758,91655292
2072950,91659820
2073142,91664347
2073334,91668875
2073526,91673402
2073718,91677930
2073910,91682458
2074102,91686985
2074294,91691513
2074486,91696041
2074678,91700568
2074870,91705096
2075062,91709623
2075254,91714151
2075446,91718679
2075638,91723206
2075830,91727734
2076022,91732262
2076214,91736789
2076406,91741317
2076598,91745845
2076790,91750372
2076982,91754900
2077174,91759427
2077366,91763955
2077558,91768483
2077750,91773010
2077942,91777538
2078134,91782066
2078326,91786593
2078518,91791121
2078710,91795649
2078902,91800176
2079094,91804704
2079286,91809231
2079478,91813759
2079670,91818287
2079862,91822814
2080054,91827342
2080246,91831870
2080438,91836397
2080630,91840925
2080822,91845453
2081014,91849980
2081206,91854508
2081398,91859035
2081590,91863563
2081782,91868091
2081974,91872618
2082166,91877146
2082358,91881674
2082550,91886201
2082742,91890729
2082934,91895256
2083126,91899784
2083318,91904312
2083510,91908839
2083702,91913367
2083894,91917895
2084086,91922422
2084278,91926950
2084470,91931478
2084662,91936005
2084854,91940533
2085046,91945060
2085238,91949588
2085430,91954116
2085622,91958643
2085814,91963171
2086006,91967699
2086198,91972226
2086390,91976754
2086582,91981282
2086774,91985809
2086966,91990337
2087158,91994864
2087350,91999392
2087542,92003920
2087734,92008447
2087926,92012975
2088118,92017503
2088310,92022030
2088502,92026558
2088694,92031086
2088886,92035613
2089078,92040141
2089270,92044668
2089462,92049196
2089654,92053724
2089846,92058251
2090038,92062779
2090230,92067307
2090422,92071834
2090614,92076362
2090806,92080889
2090998,92085417
2091190,92089945
2091382,92094472
2091574,92099000
2091766,92103528
2091958,92108055
2092150,92112583
2092342,92117111
2092534,92121638
2092726,92126166
2092918,92130693
2093110,92135221
2093302,92139749
2093494,92144276
2093686,92148804
2093878,92153332
2094070,92157859
2094262,92162387
2094454,92166915
2094646,92171442
2094838,92175970
2095030,92180497
2095222,92185025
2095414,92189553
2095606,92194080
2095798,92198608
2095990,92203136
2096182,92207663
2096374,92212191
2096566,92216719
2096758,92221246
2096950,92225774
2097142,92230301
2097334,92234829
2097526,92239357
2097718,92243884
2097910,92248412
2098102,92252940
2098294,92257467
2098486,92261995
2098678,92266523
2098870,92271050
2099062,92275578
2099254,92280105
2099446,92284633
2099638,92289161
2099830,92293688
2100022,92298216
2100214,92302744
2100406,92307271
2100598,92311799
2100790,92316326
2100982,92320854
2101174,92325382
2101366,92329909
2101558,92334437
2101750,92338965
2101942,92343492
2102134,92348020
2102326,92352548
2102518,92357075
2102710,92361603
2102902,92366130
2103094,92370658
2103286,92375186
2103478,92379713
2103670,92384241
2103862,92388769
2104054,92393296
2104246,92397824
2104438,92402352
2104630,92406879
2104822,92411407
2105014,92415934
2105206,92420462
2105398,92424990
2105590,92429517
2105782,92434045
2105974,92438573
2106166,92443100
2106358,92447628
2106550,92452156
2106742,92456683
2106934,92461211
2107126,92465738
2107318,92470266
2107510,92474794
2107702,92479321
2107894,92483849
2108086,92488377
2108278,92492904
2108470,92497432
2108662,92501959
2108854,92506487
2109046,92511015
2109238,92515542
2109430,92520070
2109622,92524598
2109814,92529125
2110006,92533653
2110198,92538181
2110390,92542708
2110582,92547236
2110774,92551763
2110966,92556291
2111158,92560819
2111350,92565346
2111542,92569874
2111734,92574402
2111926,92578929
2112118,92583457
2112310,92587985
2112502,92592512
2112694,92597040
2112886,92601567
2113078,92606095
2113270,92610623
2113462,92615150
2113654,92619678
2113846,92624206
2114038,92628733
2114230,92633261
2114422,92637789
2114614,92642316
2114806,92646844
2114998,92651371
2115190,92655899
2115382,92660427
2115574,92664954
2115766,92669482
2115958,92674010
2116150,92678537
2116342,92683065
2116534,92687592
2116726,92692120
2116918,92696648
2117110,92701175
2117302,92705703
2117494,92710231
2117686,92714758
2117878,92719286
2118070,92723814
2118262,92728341
2118454,92732869
2118646,92737396
2118838,92741924
2119030,92746452
2119222,92750979
2119414,92755507
2119606,92760035
2119798,92764562
2119990,92769090
2120182,92773618
2120374,92778145
2120566,92782673
2120758,92787200
2120950,92791728
2121142,92796256
2121334,92800783
2121526,92805311
2121718,92809839
2121910,92814366
2122102,92818894
2122294,92823421
2122486,92827949
2122678,92832477
2122870,92837004
2123062,92841532
2123254,92846060
2123446,92850587
2123638,92855115
2123830,92859643
2124022,92864170
2124214,92868698
2124406,92873225
2124598,92877753
2124790,92882281
2124982,92886808
2125174,92891336
2125366,92895864
2125558,92900391
2125750,92904919
2125942,92909447
2126134,92913974
2126326,92918502
2126518,92923029
2126710,92927557
2126902,92932085
2127094,92936612
2127286,92941140
2127478,92945668
2127670,92950195
2127862,92954723
2128054,92959251
2128246,92963778
2128438,92968306
2128630,92972833
2128822,92977361
2129014,92981889
2129206,92986416
2129398,92990944
2129590,92995472
2129782,92999999
2129974,93004527
2130166,93009054
2130358,93013582
2130550,93018110
2130742,93022637
2130934,93027165
2131126,93031693
2131318,93036220
2131510,93040748
2131702,93045276
2131894,93049803
2132086,93054331
2132278,93058858
2132470,93063386
2132662,93067914
2132854,93072441
2133046,93076969
2133238,93081497
2133430,93086024
2133622,93090552
2133814,93095080
2134006,93099607
2134198,93104135
2134390,93108662
2134582,93113190
2134774,93117718
2134966,93122245
2135158,93126773
2135350,93131301
2135542,93135828
2135734,93140356
2135926,93144884
2136118,93149411
2136310,93153939
2136502,93158466
2136694,93162994
2136886,93167522
2137078,93172049
2137270,93176577
2137462,93181105
2137654,93185632
2137846,93190160
2138038,93194688
2138230,93199215
2138422,93203743
2138614,93208270
2138806,93212798
2138998,93217326
2139190,93221853
2139382,93226381
2139574,93230909
2139766,93235436
2139958,93239964
2140150,93244491
2140342,93249019
2140534,93253547
2140726,93258074
2140918,93262602
2141110,93267130
2141302,93271657
2141494,93276185
2141686,93280713
2141878,93285240
2142070,93289768
2142262,93294295
2142454,93298823
2142646,93303351
2142838,93307878
2143030,93312406
2143222,93316934
2143414,93321461
2143606,93325989
2143798,93330517
2143990,93335044
2144182,93339572
2144374,93344099
2144566,93348627
2144758,93353155
2144950,93357682
2145142,93362210
2145334,93366738
2145526,93371265
2145718,93375793
2145910,93380321
2146102,93384848
2146294,93389376
2146486,93393903
2146678,93398431
2146870,93402959
2147062,93407486
2147254,93412014
2147446,93416542
2147638,93421069
2147830,93425597
2148022,93430124
2148214,93434652
2148406,93439180
2148598,93443707
2148790,93448235
2148982,93452763
2149174,93457290
2149366,93461818
2149558,93466346
2149750,93470873
2149942,93475401
2150134,93479928
2150326,93484456
2150518,93488984
2150710,93493511
2150902,93498039
2151094,93502567
2151286,93507094
2151478,93511622
2151670,93516150
2151862,93520677
2152054,93525205
2152246,93529732
2152438,93534260
2152630,93538788
2152822,93543315
2153014,93547843
2153206,93552371
2153398,93556898
2153590,93561426
2153782,93565954
2153974,93570481
2154166,93575009
2154358,93579536
2154550,93584064
2154742,93588592
2154934,93593119
2155126,93597647
2155318,93602175
2155510,93606702
2155702,93611230
2155894,93615758
2156086,93620285
2156278,93624813
2156470,93629340
2156662,93633868
2156854,93638396
2157046,93642923
2157238,93647451
2157430,93651979
2157622,93656506
2157814,93661034
2158006,93665561
2158198,93670089
2158390,93674617
2158582,93679144
2158774,93683672
2158966,93688200
2159158,93692727
2159350,93697255
2159542,93701783
2159734,93706310
2159926,93710838
2160118,93715365
2160310,93719893
2160502,93724421
2160694,93728948
2160886,93733476
2161078,93738004
2161270,93742531
2161462,93747059
2161654,93751587
2161846,93756114
2162038,93760642
2162230,93765169
2162422,93769697
2162614,93774225
2162806,93778752
2162998,93783280
2163190,93787808
2163382,93792335
2163574,93796863
2163766,93801391
2163958,93805918
2164150,93810446
2164342,93814973
2164534,93819501
2164726,93824029
2164918,93828556
2165110,93833084
2165302,93837612
2165494,93842139
2165686,93846667
2165878,93851194
2166070,93855722
2166262,93860250
2166454,93864777
2166646,93869305
2166838,93873833
2167030,93878360
2167222,93882888
2167414,93887416
2167606,93891943
2167798,93896471
2167990,93900998
2168182,93905526
2168374,93910054
2168566,93914581
2168758,93919109
2168950,93923637
2169142,93928164
2169334,93932692
2169526,93937220
2169718,93941747
2169910,93946275
2170102,93950802
2170294,93955330
2170486,93959858
2170678,93964385
2170870,93968913
2171062,93973441
2171254,93977968
2171446,93982496
2171638,93987024
2171830,93991551
2172022,93996079
2172214,94000606
2172406,94005134
2172598,94009662
2172790,94014189
2172982,94018717
2173174,94023245
2173366,94027772
2173558,94032300
2173750,94036828
2173942,94041355
2174134,94045883
2174326,94050410
2174518,94054938
2174710,94059466
2174902,94063993
2175094,94068521
2175286,94073049
2175478,94077576
2175670,94082104
2175862,94086632
2176054,94091159
2176246,94095687
2176438,94100214
2176630,94104742
2176822,94109270
2177014,94113797
2177206,94118325
2177398,94122853
2177590,94127380
2177782,94131908
2177974,94136436
2178166,94140963
2178358,94145491
2178550,94150018
2178742,94154546
2178934,94159074
2179126,94163601
2179318,94168129
2179510,94172657
2179702,94177184
2179894,94181712
2180086,94186240
2180278,94190767
2180470,94195295
2180662,94199822
2180854,94204350
2181046,94208878
2181238,94213405
2181430,94217933
2181622,94222461
2181814,94226988
2182006,94231516
2182198,94236044
2182390,94240571
2182582,94245099
2182774,94249626
2182966,94254154
2183158,94258682
2183350,94263209
2183542,94267737
2183734,94272265
2183926,94276792
2184118,94281320
2184310,94285848
2184502,94290375
2184694,94294903
2184886,94299430
2185078,94303958
2185270,94308486
2185462,94313013
2185654,94317541
2185846,94322069
2186038,94326596
2186230,94331124
2186422,94335652
2186614,94340179
2186806,94344707
2186998,94349234
2187190,94353762
2187382,94358290
2187574,94362817
2187766,94367345
2187958,94371873
2188150,94376400
2188342,94380928
2188534,94385455
2188726,94389983
2188918,94394511
2189110,94399038
2189302,94403566
2189494,94408094
2189686,94412621
2189878,94417149
2190070,94421677
2190262,94426204
2190454,94430732
2190646,94435259
2190838,94439787
2191030,94444315
2191222,94448842
2191414,94453370
2191606,94457898
2191798,94462425
2191990,94466953
2192182,94471481
2192374,94476008
2192566,94480536
2192758,94485063
2192950,94489591
2193142,94494119
2193334,94498646
2193526,94503174
2193718,94507702
2193910,94512229
2194102,94516757
2194294,94521285
2194486,94525812
2194678,94530340
2194870,94534867
2195062,94539395
2195254,94543923
2195446,94548450
2195638,94552978
2195830,94557506
2196022,94562033
2196214,94566561
2196406,94571089
2196598,94575616
2196790,94580144
2196982,94584671
2197174,94589199
2197366,94593727
2197558,94598254
2197750,94602782
2197942,94607310
2198134,94611837
2198326,94616365
2198518,94620893
2198710,94625420
2198902,94629948
2199094,94634475
2199286,94639003
2199478,94643531
2199670,94648058
2199862,94652586
2200054,94657114
2200246,94661641
2200438,94666169
2200630,94670697
2200822,94675224
2201014,94679752
2201206,94684279
2201398,94688807
2201590,94693335
2201782,94697862
2201974,94702390
2202166,94706918
2202358,94711445
2202550,94715973
2202742,94720501
2202934,94725028
2203126,94729556
2203318,94734083
2203510,94738611
2203702,94743139
2203894,94747666
2204086,94752194
2204278,94756722
2204470,94761249
2204662,94765777
2204854,94770305
2205046,94774832
2205238,94779360
2205430,94783887
2205622,94788415
2205814,94792943
2206006,94797470
2206198,94801998
2206390,94806526
2206582,94811053
2206774,94815581
2206966,94820109
2207158,94824636
2207350,94829164
2207542,94833691
2207734,94838219
2207926,94842747
2208118,94847274
2208310,94851802
2208502,94856330
2208694,94860857
2208886,94865385
2209078,94869913
2209270,94874440
2209462,94878968
2209654,94883495
2209846,94888023
2210038,94892551
2210230,94897078
2210422,94901606
2210614,94906134
2210806,94910661
2210998,94915189
2211190,94919717
2211382,94924244
2211574,94928772
2211766,94933299
2211958,94937827
2212150,94942355
2212342,94946882
2212534,94951410
2212726,94955938
2212918,94960465
2213110,94964993
2213302,94969521
2213494,94974048
2213686,94978576
2213878,94983103
2214070,94987631
2214262,94992159
2214454,94996686
2214646,95001214
2214838,95005742
2215030,95010269
2215222,95014797
2215414,95019325
2215606,95023852
2215798,95028380
2215990,95032907
2216182,95037435
2216374,95041963
2216566,95046490
2216758,95051018
2216950,95055546
2217142,95060073
2217334,95064601
2217526,95069129
2217718,95073656
2217910,95078184
2218102,95082711
2218294,95087239
2218486,95091767
2218678,95096294
2218870,95100822
2219062,95105350
2219254,95109877
2219446,95114405
2219638,95118933
2219830,95123460
2220022,95127988
2220214,95132515
2220406,95137043
2220598,95141571
2220790,95146098
2220982,95150626
2221174,95155154
2221366,95159681
2221558,95164209
2221750,95168737
2221942,95173264
2222134,95177792
2222326,95182319
2222518,95186847
2222710,95191375
2222902,95195902
2223094,95200430
2223286,95204958
2223478,95209485
2223670,95214013
2223862,95218541
2224054,95223068
2224246,95227596
2224438,95232123
2224630,95236651
2224822,95241179
2225014,95245706
2225206,95250234
2225398,95254762
2225590,95259289
2225782,95263817
2225974,95268345
2226166,95272872
2226358,95277400
2226550,95281927
2226742,95286455
2226934,95290983
2227126,95295510
2227318,95300038
2227510,95304566
2227702,95309093
2227894,95313621
2228086,95318149
2228278,95322676
2228470,95327204
2228662,95331731
2228854,95336259
2229046,95340787
2229238,95345314
2229430,95349842
2229622,95354370
2229814,95358897
2230006,95363425
2230198,95367953
2230390,95372480
2230582,95377008
2230774,95381535
2230966,95386063
2231158,95390591
2231350,95395118
2231542,95399646
2231734,95404174
2231926,95408701
2232118,95413229
2232310,95417757
2232502,95422284
2232694,95426812
2232886,95431339
2233078,95435867
2233270,95440395
2233462,95444922
2233654,95449450
2233846,95453978
2234038,95458505
2234230,95463033
2234422,95467561
2234614,95472088
2234806,95476616
2234998,95481143
2235190,95485671
2235382,95490199
2235574,95494726
2235766,95499254
2235958,95503782
2236150,95508309
2236342,95512837
2236534,95517365
2236726,95521892
2236918,95526420
2237110,95530948
2237302,95535475
2237494,95540003
2237686,95544530
2237878,95549058
2238070,95553586
2238262,95558113
2238454,95562641
2238646,95567169
2238838,95571696
2239030,95576224
2239222,95580752
2239414,95585279
2239606,95589807
2239798,95594334
2239990,95598862
2240182,95603390
2240374,95607917
2240566,95612445
2240758,95616973
2240950,95621500
2241142,95626028
2241334,95630556
2241526,95635083
2241718,95639611
2241910,95644138
2242102,95648666
2242294,95653194
2242486,95657721
2242678,95662249
2242870,95666777
2243062,95671304
2243254,95675832
2243446,95680360
2243638,95684887
2243830,95689415
2244022,95693942
2244214,95698470
2244406,95702998
2244598,95707525
2244790,95712053
2244982,95716581
2245174,95721108
2245366,95725636
2245558,95730164
2245750,95734691
2245942,95739219
2246134,95743746
2246326,95748274
2246518,95752802
2246710,95757329
2246902,95761857
2247094,95766385
2247286,95770912
2247478,95775440
2247670,95779968
2247862,95784495
2248054,95789023
2248246,95793550
2248438,95798078
2248630,95802606
2248822,95807133
2249014,95811661
2249206,95816189
2249398,95820716
2249590,95825244
2249782,95829772
2249974,95834299
2250166,95838827
2250358,95843354
2250550,95847882
2250742,95852410
2250934,95856937
2251126,95861465
2251318,95865993
2251510,95870520
2251702,95875048
2251894,95879576
2252086,95884103
2252278,95888631
2252470,95893158
2252662,95897686
2252854,95902214
2253046,95906741
2253238,95911269
2253430,95915797
2253622,95920324
2253814,95924852
2254006,95929380
2254198,95933907
2254390,95938435
2254582,95942962
2254774,95947490
2254966,95952018
2255158,95956545
2255350,95961073
2255542,95965601
2255734,95970128
2255926,95974656
2256118,95979184
2256310,95983711
2256502,95988239
2256694,95992766
2256886,95997294
2257078,96001822
2257270,96006349
2257462,96010877
2257654,96015405
2257846,96019932
2258038,96024460
2258230,96028988
2258422,96033515
2258614,96038043
2258806,96042570
2258998,96047098
2259190,96051626
2259382,96056153
2259574,96060681
2259766,96065209
2259958,96069736
2260150,96074264
2260342,96078792
2260534,96083319
2260726,96087847
2260918,96092374
2261110,96096902
2261302,96101430
2261494,96105957
2261686,96110485
2261878,96115013
2262070,96119540
2262262,96124068
2262454,96128596
2262646,96133123
2262838,96137651
2263030,96142178
2263222,96146706
2263414,96151234
2263606,96155761
2263798,96160289
2263990,96164817
2264182,96169344
2264374,96173872
2264566,96178400
2264758,96182927
2264950,96187455
2265142,96191982
2265334,96196510
2265526,96201038
2265718,96205565
2265910,96210093
2266102,96214621
2266294,96219148
2266486,96223676
2266678,96228204
2266870,96232731
2267062,96237259
2267254,96241786
2267446,96246314
2267638,96250842
2267830,96255369
2268022,96259897
2268214,96264425
2268406,96268952
2268598,96273480
2268790,96278008
2268982,96282535
2269174,96287063
2269366,96291590
2269558,96296118
2269750,96300646
2269942,96305173
2270134,96309701
2270326,96314229
2270518,96318756
2270710,96323284
2270902,96327812
2271094,96332339
2271286,96336867
2271478,96341394
2271670,96345922
2271862,96350450
2272054,96354977
2272246,96359505
2272438,96364033
2272630,96368560
2272822,96373088
2273014,96377615
2273206,96382143
2273398,96386671
2273590,96391198
2273782,96395726
2273974,96400254
2274166,96404781
2274358,96409309
2274550,96413837
2274742,96418364
2274934,96422892
2275126,96427419
2275318,96431947
2275510,96436475
2275702,96441002
2275894,96445530
2276086,96450058
2276278,96454585
2276470,96459113
2276662,96463641
2276854,96468168
2277046,96472696
2277238,96477223
2277430,96481751
2277622,96486279
2277814,96490806
2278006,96495334
2278198,96499862
2278390,96504389
2278582,96508917
2278774,96513445
2278966,96517972
2279158,96522500
2279350,96527027
2279542,96531555
2279734,96536083
2279926,96540610
2280118,96545138
2280310,96549666
2280502,96554193
2280694,96558721
2280886,96563249
2281078,96567776
2281270,96572304
2281462,96576831
2281654,96581359
2281846,96585887
2282038,96590414
2282230,96594942
2282422,96599470
2282614,96603997
2282806,96608525
2282998,96613053
2283190,96617580
2283382,96622108
2283574,96626635
2283766,96631163
2283958,96635691
2284150,96640218
2284342,96644746
2284534,96649274
2284726,96653801
2284918,96658329
2285110,96662856
2285302,96667384
2285494,96671912
2285686,96676439
2285878,96680967
2286070,96685495
2286262,96690022
2286454,96694550
2286646,96699078
2286838,96703605
2287030,96708133
2287222,96712660
2287414,96717188
2287606,96721716
2287798,96726243
2287990,96730771
2288182,96735299
2288374,96739826
2288566,96744354
2288758,96748882
2288950,96753409
2289142,96757937
2289334,96762464
2289526,96766992
2289718,96771520
2289910,96776047
2290102,96780575
2290294,96785103
2290486,96789630
2290678,96794158
2290870,96798686
2291062,96803213
2291254,96807741
2291446,96812268
2291638,96816796
2291830,96821324
2292022,96825851
2292214,96830379
2292406,96834907
2292598,96839434
2292790,96843962
2292982,96848489
2293174,96853017
2293366,96857545
2293558,96862072
2293750,96866600
2293942,96871128
2294134,96875655
2294326,96880183
2294518,96884711
2294710,96889238
2294902,96893766
2295094,96898293
2295286,96902821
2295478,96907349
2295670,96911876
2295862,96916404
2296054,96920932
2296246,96925459
2296438,96929987
2296630,96934515
2296822,96939042
2297014,96943570
2297206,96948097
2297398,96952625
2297590,96957153
2297782,96961680
2297974,96966208
2298166,96970736
2298358,96975263
2298550,96979791
2298742,96984318
2298934,96988846
2299126,96993374
2299318,96997901
2299510,97002429
2299702,97006957
2299894,97011484
2300086,97016012
2300278,97020540
2300470,97025067
2300662,97029595
2300854,97034122
2301046,97038650
2301238,97043178
2301430,97047705
2301622,97052233
2301814,97056761
2302006,97061288
2302198,97065816
2302390,97070344
2302582,97074871
2302774,97079399
2302966,97083926
2303158,97088454
2303350,97092982
2303542,97097509
2303734,97102037
2303926,97106565
2304118,97111092
2304310,97115620
2304502,97120148
2304694,97124675
2304886,97129203
2305078,97133730
2305270,97138258
2305462,97142786
2305654,97147313
2305846,97151841
2306038,97156369
2306230,97160896
2306422,97165424
2306614,97169951
2306806,97174479
2306998,97179007
2307190,97183534
2307382,97188062
2307574,97192590
2307766,97197117
2307958,97201645
2308150,97206173
2308342,97210700
2308534,97215228
2308726,97219755
2308918,97224283
2309110,97228811
2309302,97233338
2309494,97237866
2309686,97242394
2309878,97246921
2310070,97251449
2310262,97255977
2310454,97260504
2310646,97265032
2310838,97269559
2311030,97274087
2311222,97278615
2311414,97283142
2311606,97287670
2311798,97292198
2311990,97296725
2312182,97301253
2312374,97305780
2312566,97310308
2312758,97314836
2312950,97319363
2313142,97323891
2313334,97328419
2313526,97332946
2313718,97337474
2313910,97342002
2314102,97346529
2314294,97351057
2314486,97355584
2314678,97360112
2314870,97364640
2315062,97369167
2315254,97373695
2315446,97378223
2315638,97382750
2315830,97387278
2316022,97391806
2316214,97396333
2316406,97400861
2316598,97405388
2316790,97409916
2316982,97414444
2317174,97418971
2317366,97423499
2317558,97428027
2317750,97432554
2317942,97437082
2318134,97441610
2318326,97446137
2318518,97450665
2318710,97455192
2318902,97459720
2319094,97464248
2319286,97468775
2319478,97473303
2319670,97477831
2319862,97482358
2320054,97486886
2320246,97491413
2320438,97495941
2320630,97500469
2320822,97504996
2321014,97509524
2321206,97514052
2321398,97518579
2321590,97523107
2321782,97527635
2321974,97532162
2322166,97536690
2322358,97541217
2322550,97545745
2322742,97550273
2322934,97554800
2323126,97559328
2323318,97563856
2323510,97568383
2323702,97572911
2323894,97577439
2324086,97581966
2324278,97586494
2324470,97591021
2324662,97595549
2324854,97600077
2325046,97604604
2325238,97609132
2325430,97613660
2325622,97618187
2325814,97622715
2326006,97627242
2326198,97631770
2326390,97636298
2326582,97640825
2326774,97645353
2326966,97649881
2327158,97654408
2327350,97658936
2327542,97663464
2327734,97667991
2327926,97672519
2328118,97677046
2328310,97681574
2328502,97686102
2328694,97690629
2328886,97695157
2329078,97699685
2329270,97704212
2329462,97708740
2329654,97713268
2329846,97717795
2330038,97722323
2330230,97726850
2330422,97731378
2330614,97735906
2330806,97740433
2330998,97744961
2331190,97749489
2331382,97754016
2331574,97758544
2331766,97763071
2331958,97767599
2332150,97772127
2332342,97776654
2332534,97781182
2332726,97785710
2332918,97790237
2333110,97794765
2333302,97799293
2333494,97803820
2333686,97808348
2333878,97812875
2334070,97817403
2334262,97821931
2334454,97826458
2334646,97830986
2334838,97835514
2335030,97840041
2335222,97844569
2335414,97849097
2335606,97853624
2335798,97858152
2335990,97862679
2336182,97867207
2336374,97871735
2336566,97876262
2336758,97880790
2336950,97885318
2337142,97889845
2337334,97894373
2337526,97898900
2337718,97903428
2337910,97907956
2338102,97912483
2338294,97917011
2338486,97921539
2338678,97926066
2338870,97930594
2339062,97935122
2339254,97939649
2339446,97944177
2339638,97948704
2339830,97953232
2340022,97957760
2340214,97962287
2340406,97966815
2340598,97971343
2340790,97975870
2340982,97980398
2341174,97984926
2341366,97989453
2341558,97993981
2341750,97998508
2341942,98003036
2342134,98007564
2342326,98012091
2342518,98016619
2342710,98021147
2342902,98025674
2343094,98030202
2343286,98034729
2343478,98039257
2343670,98043785
2343862,98048312
2344054,98052840
2344246,98057368
2344438,98061895
2344630,98066423
2344822,98070951
2345014,98075478
2345206,98080006
2345398,98084533
2345590,98089061
2345782,98093589
2345974,98098116
2346166,98102644
2346358,98107172
2346550,98111699
2346742,98116227
2346934,98120755
2347126,98125282
2347318,98129810
2347510,98134337
2347702,98138865
2347894,98143393
2348086,98147920
2348278,98152448
2348470,98156976
2348662,98161503
2348854,98166031
2349046,98170558
2349238,98175086
2349430,98179614
2349622,98184141
2349814,98188669
2350006,98193197
2350198,98197724
2350390,98202252
2350582,98206780
2350774,98211307
2350966,98215835
2351158,98220362
2351350,98224890
2351542,98229418
2351734,98233945
2351926,98238473
2352118,98243001
2352310,98247528
2352502,98252056
2352694,98256584
2352886,98261111
2353078,98265639
2353270,98270166
2353462,98274694
2353654,98279222
2353846,98283749
2354038,98288277
2354230,98292805
2354422,98297332
2354614,98301860
2354806,98306387
2354998,98310915
2355190,98315443
2355382,98319970
2355574,98324498
2355766,98329026
2355958,98333553
2356150,98338081
2356342,98342609
2356534,98347136
2356726,98351664
2356918,98356191
2357110,98360719
2357302,98365247
2357494,98369774
2357686,98374302
2357878,98378830
2358070,98383357
2358262,98387885
2358454,98392413
2358646,98396940
2358838,98401468
2359030,98405995
2359222,98410523
2359414,98415051
2359606,98419578
2359798,98424106
2359990,98428634
2360182,98433161
2360374,98437689
2360566,98442217
2360758,98446744
2360950,98451272
2361142,98455799
2361334,98460327
2361526,98464855
2361718,98469382
2361910,98473910
2362102,98478438
2362294,98482965
2362486,98487493
2362678,98492020
2362870,98496548
2363062,98501076
2363254,98505603
2363446,98510131
2363638,98514659
2363830,98519186
2364022,98523714
2364214,98528242
2364406,98532769
2364598,98537297
2364790,98541824
2364982,98546352
2365174,98550880
2365366,98555407
2365558,98559935
2365750,98564463
2365942,98568990
2366134,98573518
2366326,98578046
2366518,98582573
2366710,98587101
2366902,98591628
2367094,98596156
2367286,98600684
2367478,98605211
2367670,98609739
2367862,98614267
2368054,98618794
2368246,98623322
2368438,98627850
2368630,98632377
2368822,98636905
2369014,98641432
2369206,98645960
2369398,98650488
2369590,98655015
2369782,98659543
2369974,98664071
2370166,98668598
2370358,98673126
2370550,98677653
2370742,98682181
2370934,98686709
2371126,98691236
2371318,98695764
2371510,98700292
2371702,98704819
2371894,98709347
2372086,98713875
2372278,98718402
2372470,98722930
2372662,98727457
2372854,98731985
2373046,98736513
2373238,98741040
2373430,98745568
2373622,98750096
2373814,98754623
2374006,98759151
2374198,98763679
2374390,98768206
2374582,98772734
2374774,98777261
2374966,98781789
2375158,98786317
2375350,98790844
2375542,98795372
2375734,98799900
2375926,98804427
2376118,98808955
2376310,98813482
2376502,98818010
2376694,98822538
2376886,98827065
2377078,98831593
2377270,98836121
2377462,98840648
2377654,98845176
2377846,98849704
2378038,98854231
2378230,98858759
2378422,98863286
2378614,98867814
2378806,98872342
2378998,98876869
2379190,98881397
2379382,98885925
2379574,98890452
2379766,98894980
2379958,98899508
2380150,98904035
2380342,98908563
2380534,98913090
2380726,98917618
2380918,98922146
2381110,98926673
2381302,98931201
2381494,98935729
2381686,98940256
2381878,98944784
2382070,98949312
2382262,98953839
2382454,98958367
2382646,98962894
2382838,98967422
2383030,98971950
2383222,98976477
2383414,98981005
2383606,98985533
2383798,98990060
2383990,98994588
2384182,98999116
2384374,99003643
2384566,99008171
2384758,99012698
2384950,99017226
2385142,99021754
2385334,99026281
2385526,99030809
2385718,99035337
2385910,99039864
2386102,99044392
2386294,99048919
2386486,99053447
2386678,99057975
2386870,99062502
2387062,99067030
2387254,99071558
2387446,99076085
2387638,99080613
2387830,99085141
2388022,99089668
2388214,99094196
2388406,99098723
2388598,99103251
2388790,99107779
2388982,99112306
2389174,99116834
2389366,99121362
2389558,99125889
2389750,99130417
2389942,99134945
2390134,99139472
2390326,99144000
2390518,99148527
2390710,99153055
2390902,99157583
2391094,99162110
2391286,99166638
2391478,99171166
2391670,99175693
2391862,99180221
2392054,99184749
2392246,99189276
2392438,99193804
2392630,99198331
2392822,99202859
2393014,99207387
2393206,99211914
2393398,99216442
2393590,99220970
2393782,99225497
2393974,99230025
2394166,99234553
2394358,99239080
2394550,99243608
2394742,99248135
2394934,99252663
2395126,99257191
2395318,99261718
2395510,99266246
2395702,99270774
2395894,99275301
2396086,99279829
2396278,99284357
2396470,99288884
2396662,99293412
2396854,99297939
2397046,99302467
2397238,99306995
2397430,99311522
2397622,99316050
2397814,99320578
2398006,99325105
2398198,99329633
2398390,99334161
2398582,99338688
2398774,99343216
2398966,99347743
2399158,99352271
2399350,99356799
2399542,99361326
2399734,99365854
2399926,99370382
2400118,99374909
2400310,99379437
2400502,99383964
2400694,99388492
2400886,99393020
2401078,99397547
2401270,99402075
2401462,99406603
2401654,99411130
2401846,99415658
2402038,99420186
2402230,99424713
2402422,99429241
2402614,99433768
2402806,99438296
2402998,99442824
2403190,99447351
2403382,99451879
2403574,99456407
2403766,99460934
2403958,99465462
2404150,99469990
2404342,99474517
2404534,99479045
2404726,99483572
2404918,99488100
2405110,99492628
2405302,99497155
2405494,99501683
2405686,99506211
2405878,99510738
2406070,99515266
2406262,99519794
2406454,99524321
2406646,99528849
2406838,99533376
2407030,99537904
2407222,99542432
2407414,99546959
2407606,99551487
2407798,99556015
2407990,99560542
2408182,99565070
2408374,99569598
2408566,99574125
2408758,99578653
2408950,99583180
2409142,99587708
2409334,99592236
2409526,99596763
2409718,99601291
2409910,99605819
2410102,99610346
2410294,99614874
2410486,99619402
2410678,99623929
2410870,99628457
2411062,99632984
2411254,99637512
2411446,99642040
2411638,99646567
2411830,99651095
2412022,99655623
2412214,99660150
2412406,99664678
2412598,99669206
2412790,99673733
2412982,99678261
2413174,99682788
2413366,99687316
2413558,99691844
2413750,99696371
2413942,99700899
2414134,99705427
2414326,99709954
2414518,99714482
2414710,99719010
2414902,99723537
2415094,99728065
2415286,99732592
2415478,99737120
2415670,99741648
2415862,99746175
2416054,99750703
2416246,99755231
2416438,99759758
2416630,99764286
2416822,99768814
2417014,99773341
2417206,99777869
2417398,99782396
2417590,99786924
2417782,99791452
2417974,99795979
2418166,99800507
2418358,99805035
2418550,99809562
2418742,99814090
2418934,99818618
2419126,99823145
2419318,99827673
2419510,99832200
2419702,99836728
2419894,99841256
2420086,99845783
2420278,99850311
2420470,99854839
2420662,99859366
2420854,99863894
2421046,99868422
2421238,99872949
2421430,99877477
2421622,99882004
2421814,99886532
2422006,99891060
2422198,99895587
2422390,99900115
2422582,99904643
2422774,99909170
2422966,99913698
2423158,99918226
2423350,99922753
2423542,99927281
2423734,99931808
2423926,99936336
2424118,99940864
2424310,99945391
2424502,99949919
2424694,99954447
2424886,99958974
2425078,99963502
2425270,99968030
2425462,99972557
2425654,99977085
2425846,99981612
2426038,99986140
2426230,99990668
2426422,99995195
2426614,99999723
2426806,100004251
2426998,100008778
2427190,100013306
2427382,100017834
2427574,100022361
2427766,100026889
2427958,100031416
2428150,100035944
2428342,100040472
2428534,100044999
2428726,100049527
2428918,100054055
2429110,100058582
2429302,100063110
2429494,100067638
2429686,100072165
2429878,100076693
2430070,100081220
2430262,100085748
2430454,100090276
2430646,100094803
2430838,100099331
2431030,100103859
2431222,100108386
2431414,100112914
2431606,100117442
2431798,100121969
2431990,100126497
2432182,100131024
2432374,100135552
2432566,100140080
2432758,100144607
2432950,100149135
2433142,100153663
2433334,100158190
2433526,100162718
2433718,100167246
2433910,100171773
2434102,100176301
2434294,100180828
2434486,100185356
2434678,100189884
2434870,100194411
2435062,100198939
2435254,100203467
2435446,100207994
2435638,100212522
2435830,100217050
2436022,100221577
2436214,100226105
2436406,100230632
2436598,100235160
2436790,100239688
2436982,100244215
2437174,100248743
2437366,100253271
2437558,100257798
2437750,100262326
2437942,100266854
2438134,100271381
2438326,100275909
2438518,100280436
2438710,100284964
2438902,100289492
2439094,100294019
2439286,100298547
2439478,100303075
2439670,100307602
2439862,100312130
2440054,100316658
2440246,100321185
2440438,100325713
2440630,100330240
2440822,100334768
2441014,100339296
2441206,100343823
2441398,100348351
2441590,100352879
2441782,100357406
2441974,100361934
2442166,100366462
2442358,100370989
2442550,100375517
2442742,100380044
2442934,100384572
2443126,100389100
2443318,100393627
2443510,100398155
2443702,100402683
2443894,100407210
2444086,100411738
2444278,100416266
2444470,100420793
2444662,100425321
2444854,100429848
2445046,100434376
2445238,100438904
2445430,100443431
2445622,100447959
2445814,100452487
2446006,100457014
2446198,100461542
2446390,100466070
2446582,100470597
2446774,100475125
2446966,100479652
2447158,100484180
2447350,100488708
2447542,100493235
2447734,100497763
2447926,100502291
2448118,100506818
2448310,100511346
2448502,100515874
2448694,100520401
2448886,100524929
2449078,100529456
2449270,100533984
2449462,100538512
2449654,100543039
2449846,100547567
2450038,100552095
2450230,100556622
2450422,100561150
2450614,100565678
2450806,100570205
2450998,100574733
2451190,100579260
2451382,100583788
2451574,100588316
2451766,100592843
2451958,100597371
2452150,100601899
2452342,100606426
2452534,100610954
2452726,100615482
2452918,100620009
2453110,100624537
2453302,100629064
2453494,100633592
2453686,100638120
2453878,100642647
2454070,100647175
2454262,100651703
2454454,100656230
2454646,100660758
2454838,100665286
2455030,100669813
2455222,100674341
2455414,100678868
2455606,100683396
2455798,100687924
2455990,100692451
2456182,100696979
2456374,100701507
2456566,100706034
2456758,100710562
2456950,100715090
2457142,100719617
2457334,100724145
2457526,100728672
2457718,100733200
2457910,100737728
2458102,100742255
2458294,100746783
2458486,100751311
2458678,100755838
2458870,100760366
2459062,100764894
2459254,100769421
2459446,100773949
2459638,100778476
2459830,100783004
2460022,100787532
2460214,100792059
2460406,100796587
2460598,100801115
2460790,100805642
2460982,100810170
2461174,100814698
2461366,100819225
2461558,100823753
2461750,100828280
2461942,100832808
2462134,100837336
2462326,100841863
2462518,100846391
2462710,100850919
2462902,100855446
2463094,100859974
2463286,100864502
2463478,100869029
2463670,100873557
2463862,100878084
2464054,100882612
2464246,100887140
2464438,100891667
2464630,100896195
2464822,100900723
2465014,100905250
2465206,100909778
2465398,100914306
2465590,100918833
2465782,100923361
2465974,100927888
2466166,100932416
2466358,100936944
2466550,100941471
2466742,100945999
2466934,100950527
2467126,100955054
2467318,100959582
2467510,100964110
2467702,100968637
2467894,100973165
2468086,100977692
2468278,100982220
2468470,100986748
2468662,100991275
2468854,100995803
2469046,101000331
2469238,101004858
2469430,101009386
2469622,101013914
2469814,101018441
2470006,101022969
2470198,101027496
2470390,101032024
2470582,101036552
2470774,101041079
2470966,101045607
2471158,101050135
2471350,101054662
2471542,101059190
2471734,101063718
2471926,101068245
2472118,101072773
2472310,101077300
2472502,101081828
2472694,101086356
2472886,101090883
2473078,101095411
2473270,101099939
2473462,101104466
2473654,101108994
2473846,101113522
2474038,101118049
2474230,101122577
2474422,101127104
2474614,101131632
2474806,101136160
2474998,101140687
2475190,101145215
2475382,101149743
2475574,101154270
2475766,101158798
2475958,101163326
2476150,101167853
2476342,101172381
2476534,101176908
2476726,101181436
2476918,101185964
2477110,101190491
2477302,101195019
2477494,101199547
2477686,101204074
2477878,101208602
2478070,101213130
2478262,101217657
2478454,101222185
2478646,101226712
2478838,101231240
2479030,101235768
2479222,101240295
2479414,101244823
2479606,101249351
2479798,101253878
2479990,101258406
2480182,101262934
2480374,101267461
2480566,101271989
2480758,101276516
2480950,101281044
2481142,101285572
2481334,101290099
2481526,101294627
2481718,101299155
2481910,101303682
2482102,101308210
2482294,101312738
2482486,101317265
2482678,101321793
2482870,101326320
2483062,101330848
2483254,101335376
2483446,101339903
2483638,101344431
2483830,101348959
2484022,101353486
2484214,101358014
2484406,101362542
2484598,101367069
2484790,101371597
2484982,101376124
2485174,101380652
2485366,101385180
2485558,101389707
2485750,101394235
2485942,101398763
2486134,101403290
2486326,101407818
2486518,101412346
2486710,101416873
2486902,101421401
2487094,101425928
2487286,101430456
2487478,101434984
2487670,101439511
2487862,101444039
2488054,101448567
2488246,101453094
2488438,101457622
2488630,101462150
2488822,101466677
2489014,101471205
2489206,101475732
2489398,101480260
2489590,101484788
2489782,101489315
2489974,101493843
2490166,101498371
2490358,101502898
2490550,101507426
2490742,101511954
2490934,101516481
2491126,101521009
2491318,101525536
2491510,101530064
2491702,101534592
2491894,101539119
2492086,101543647
2492278,101548175
2492470,101552702
2492662,101557230
2492854,101561758
2493046,101566285
2493238,101570813
2493430,101575340
2493622,101579868
2493814,101584396
2494006,101588923
2494198,101593451
2494390,101597979
2494582,101602506
2494774,101607034
2494966,101611562
2495158,101616089
2495350,101620617
2495542,101625144
2495734,101629672
2495926,101634200
2496118,101638727
2496310,101643255
2496502,101647783
2496694,101652310
2496886,101656838
2497078,101661366
2497270,101665893
2497462,101670421
2497654,101674948
2497846,101679476
2498038,101684004
2498230,101688531
2498422,101693059
2498614,101697587
2498806,101702114
2498998,101706642
2499190,101711170
2499382,101715697
2499574,101720225
2499766,101724752
2499958,101729280
2500150,101733808
2500342,101738335
2500534,101742863
2500726,101747391
2500918,101751918
2501110,101756446
2501302,101760974
2501494,101765501
2501686,101770029
2501878,101774556
2502070,101779084
2502262,101783612
2502454,101788139
2502646,101792667
2502838,101797195
2503030,101801722
2503222,101806250
2503414,101810778
2503606,101815305
2503798,101819833
2503990,101824360
2504182,101828888
2504374,101833416
2504566,101837943
2504758,101842471
2504950,101846999
2505142,101851526
2505334,101856054
2505526,101860582
2505718,101865109
2505910,101869637
2506102,101874164
2506294,101878692
2506486,101883220
2506678,101887747
2506870,101892275
2507062,101896803
2507254,101901330
2507446,101905858
2507638,101910386
2507830,101914913
2508022,101919441
2508214,101923968
2508406,101928496
2508598,101933024
2508790,101937551
2508982,101942079
2509174,101946607
2509366,101951134
2509558,101955662
2509750,101960190
2509942,101964717
2510134,101969245
2510326,101973772
2510518,101978300
2510710,101982828
2510902,101987355
2511094,101991883
2511286,101996411
2511478,102000938
2511670,102005466
2511862,102009994
2512054,102014521
2512246,102019049
2512438,102023576
2512630,102028104
2512822,102032632
2513014,102037159
2513206,102041687
2513398,102046215
2513590,102050742
2513782,102055270
2513974,102059798
2514166,102064325
2514358,102068853
2514550,102073380
2514742,102077908
2514934,102082436
2515126,102086963
2515318,102091491
2515510,102096019
2515702,102100546
2515894,102105074
2516086,102109602
2516278,102114129
2516470,102118657
2516662,102123184
2516854,102127712
2517046,102132240
2517238,102136767
2517430,102141295
2517622,102145823
2517814,102150350
2518006,102154878
2518198,102159406
2518390,102163933
2518582,102168461
2518774,102172988
2518966,102177516
2519158,102182044
2519350,102186571
2519542,102191099
2519734,102195627
2519926,102200154
2520118,102204682
2520310,102209210
2520502,102213737
2520694,102218265
2520886,102222792
2521078,102227320
2521270,102231848
2521462,102236375
2521654,102240903
2521846,102245431
2522038,102249958
2522230,102254486
2522422,102259014
2522614,102263541
2522806,102268069
2522998,102272596
2523190,102277124
2523382,102281652
2523574,102286179
2523766,102290707
2523958,102295235
2524150,102299762
2524342,102304290
2524534,102308818
2524726,102313345
2524918,102317873
2525110,102322400
2525302,102326928
2525494,102331456
2525686,102335983
2525878,102340511
2526070,102345039
2526262,102349566
2526454,102354094
2526646,102358622
2526838,102363149
2527030,102367677
2527222,102372204
2527414,102376732
2527606,102381260
2527798,102385787
2527990,102390315
2528182,102394843
2528374,102399370
2528566,102403898
2528758,102408425
2528950,102412953
2529142,102417481
2529334,102422008
2529526,102426536
2529718,102431064
2529910,102435591
2530102,102440119
2530294,102444647
2530486,102449174
2530678,102453702
2530870,102458229
2531062,102462757
2531254,102467285
2531446,102471812
2531638,102476340
2531830,102480868
2532022,102485395
2532214,102489923
2532406,102494451
2532598,102498978
2532790,102503506
2532982,102508033
2533174,102512561
2533366,102517089
2533558,102521616
2533750,102526144
2533942,102530672
2534134,102535199
2534326,102539727
2534518,102544255
2534710,102548782
2534902,102553310
2535094,102557837
2535286,102562365
2535478,102566893
2535670,102571420
2535862,102575948
2536054,102580476
2536246,102585003
2536438,102589531
2536630,102594059
2536822,102598586
2537014,102603114
2537206,102607641
2537398,102612169
2537590,102616697
2537782,102621224
2537974,102625752
2538166,102630280
2538358,102634807
2538550,102639335
2538742,102643863
2538934,102648390
2539126,102652918
2539318,102657445
2539510,102661973
2539702,102666501
2539894,102671028
2540086,102675556
2540278,102680084
2540470,102684611
2540662,102689139
2540854,102693666
2541046,102698194
2541238,102702722
2541430,102707249
2541622,102711777
2541814,102716305
2542006,102720832
2542198,102725360
2542390,102729888
2542582,102734415
2542774,102738943
2542966,102743470
2543158,102747998
2543350,102752526
2543542,102757053
2543734,102761581
2543926,102766109
2544118,102770636
2544310,102775164
2544502,102779692
2544694,102784219
2544886,102788747
2545078,102793274
2545270,102797802
2545462,102802330
2545654,102806857
2545846,102811385
2546038,102815913
2546230,102820440
2546422,102824968
2546614,102829496
2546806,102834023
2546998,102838551
2547190,102843078
2547382,102847606
2547574,102852134
2547766,102856661
2547958,102861189
2548150,102865717
2548342,102870244
2548534,102874772
2548726,102879299
2548918,102883827
2549110,102888355
2549302,102892882
2549494,102897410
2549686,102901938
2549878,102906465
2550070,102910993
2550262,102915521
2550454,102920048
2550646,102924576
2550838,102929103
2551030,102933631
2551222,102938159
2551414,102942686
2551606,102947214
2551798,102951742
2551990,102956269
2552182,102960797
2552374,102965325
2552566,102969852
2552758,102974380
2552950,102978907
2553142,102983435
2553334,102987963
2553526,102992490
2553718,102997018
2553910,103001546
2554102,103006073
2554294,103010601
2554486,103015128
2554678,103019656
2554870,103024184
2555062,103028711
2555254,103033239
2555446,103037767
2555638,103042294
2555830,103046822
2556022,103051350
2556214,103055877
2556406,103060405
2556598,103064932
2556790,103069460
2556982,103073988
2557174,103078515
2557366,103083043
2557558,103087571
2557750,103092098
2557942,103096626
2558134,103101154
2558326,103105681
2558518,103110209
2558710,103114736
2558902,103119264
2559094,103123792
2559286,103128319
2559478,103132847
2559670,103137375
2559862,103141902
2560054,103146430
2560246,103150957
2560438,103155485
2560630,103160013
2560822,103164540
2561014,103169068
2561206,103173596
2561398,103178123
2561590,103182651
2561782,103187179
2561974,103191706
2562166,103196234
2562358,103200761
2562550,103205289
2562742,103209817
2562934,103214344
2563126,103218872
2563318,103223400
2563510,103227927
2563702,103232455
2563894,103236983
2564086,103241510
2564278,103246038
2564470,103250565
2564662,103255093
2564854,103259621
2565046,103264148
2565238,103268676
2565430,103273204
2565622,103277731
2565814,103282259
2566006,103286787
2566198,103291314
2566390,103295842
2566582,103300369
2566774,103304897
2566966,103309425
2567158,103313952
2567350,103318480
2567542,103323008
2567734,103327535
2567926,103332063
2568118,103336590
2568310,103341118
2568502,103345646
2568694,103350173
2568886,103354701
2569078,103359229
2569270,103363756
2569462,103368284
2569654,103372812
2569846,103377339
2570038,103381867
2570230,103386394
2570422,103390922
2570614,103395450
2570806,103399977
2570998,103404505
2571190,103409033
2571382,103413560
2571574,103418088
2571766,103422616
2571958,103427143
2572150,103431671
2572342,103436198
2572534,103440726
2572726,103445254
2572918,103449781
2573110,103454309
2573302,103458837
2573494,103463364
2573686,103467892
2573878,103472419
2574070,103476947
2574262,103481475
2574454,103486002
2574646,103490530
2574838,103495058
2575030,103499585
2575222,103504113
2575414,103508641
2575606,103513168
2575798,103517696
2575990,103522223
2576182,103526751
2576374,103531279
2576566,103535806
2576758,103540334
2576950,103544862
2577142,103549389
2577334,103553917
2577526,103558445
2577718,103562972
2577910,103567500
2578102,103572027
2578294,103576555
2578486,103581083
2578678,103585610
2578870,103590138
2579062,103594666
2579254,103599193
2579446,103603721
2579638,103608249
2579830,103612776
2580022,103617304
2580214,103621831
2580406,103626359
2580598,103630887
2580790,103635414
2580982,103639942
2581174,103644470
2581366,103648997
2581558,103653525
2581750,103658052
2581942,103662580
2582134,103667108
2582326,103671635
2582518,103676163
2582710,103680691
2582902,103685218
2583094,103689746
2583286,103694274
2583478,103698801
2583670,103703329
2583862,103707856
2584054,103712384
2584246,103716912
2584438,103721439
2584630,103725967
2584822,103730495
2585014,103735022
2585206,103739550
2585398,103744078
2585590,103748605
2585782,103753133
2585974,103757660
2586166,103762188
2586358,103766716
2586550,103771243
2586742,103775771
2586934,103780299
2587126,103784826
2587318,103789354
2587510,103793882
2587702,103798409
2587894,103802937
2588086,103807464
2588278,103811992
2588470,103816520
2588662,103821047
2588854,103825575
2589046,103830103
2589238,103834630
2589430,103839158
2589622,103843685
2589814,103848213
2590006,103852741
2590198,103857268
2590390,103861796
2590582,103866324
2590774,103870851
2590966,103875379
2591158,103879907
2591350,103884434
2591542,103888962
2591734,103893489
2591926,103898017
2592118,103902545
2592310,103907072
2592502,103911600
2592694,103916128
2592886,103920655
2593078,103925183
2593270,103929711
2593462,103934238
2593654,103938766
2593846,103943293
2594038,103947821
2594230,103952349
2594422,103956876
2594614,103961404
2594806,103965932
2594998,103970459
2595190,103974987
2595382,103979515
2595574,103984042
2595766,103988570
2595958,103993097
2596150,103997625
2596342,104002153
2596534,104006680
2596726,104011208
2596918,104015736
2597110,104020263
2597302,104024791
2597494,104029319
2597686,104033846
2597878,104038374
2598070,104042901
2598262,104047429
2598454,104051957
2598646,104056484
2598838,104061012
2599030,104065540
2599222,104070067
2599414,104074595
2599606,104079123
2599798,104083650
2599990,104088178
2600182,104092705
2600374,104097233
2600566,104101761
2600758,104106288
2600950,104110816
2601142,104115344
2601334,104119871
2601526,104124399
2601718,104128927
2601910,104133454
2602102,104137982
2602294,104142509
2602486,104147037
2602678,104151565
2602870,104156092
2603062,104160620
2603254,104165148
2603446,104169675
2603638,104174203
2603830,104178731
2604022,104183258
2604214,104187786
2604406,104192313
2604598,104196841
2604790,104201369
2604982,104205896
2605174,104210424
2605366,104214952
2605558,104219479
2605750,104224007
2605942,104228535
2606134,104233062
2606326,104237590
2606518,104242117
2606710,104246645
2606902,104251173
2607094,104255700
2607286,104260228
2607478,104264756
2607670,104269283
2607862,104273811
2608054,104278339
2608246,104282866
2608438,104287394
2608630,104291921
2608822,104296449
2609014,104300977
2609206,104305504
2609398,104310032
2609590,104314560
2609782,104319087
2609974,104323615
2610166,104328142
2610358,104332670
2610550,104337198
2610742,104341725
2610934,104346253
2611126,104350781
2611318,104355308
2611510,104359836
2611702,104364364
2611894,104368891
2612086,104373419
2612278,104377946
2612470,104382474
2612662,104387002
2612854,104391529
2613046,104396057
2613238,104400585
2613430,104405112
2613622,104409640
2613814,104414168
2614006,104418695
2614198,104423223
2614390,104427750
2614582,104432278
2614774,104436806
2614966,104441333
2615158,104445861
2615350,104450389
2615542,104454916
2615734,104459444
2615926,104463972
2616118,104468499
2616310,104473027
2616502,104477554
2616694,104482082
2616886,104486610
2617078,104491137
2617270,104495665
2617462,104500193
2617654,104504720
2617846,104509248
2618038,104513776
2618230,104518303
2618422,104522831
2618614,104527358
2618806,104531886
2618998,104536414
2619190,104540941
2619382,104545469
2619574,104549997
2619766,104554524
2619958,104559052
2620150,104563580
2620342,104568107
2620534,104572635
2620726,104577162
2620918,104581690
2621110,104586218
2621302,104590745
2621494,104595273
2621686,104599801
2621878,104604328
2622070,104608856
2622262,104613384
2622454,104617911
2622646,104622439
2622838,104626966
2623030,104631494
2623222,104636022
2623414,104640549
2623606,104645077
2623798,104649605
2623990,104654132
2624182,104658660
2624374,104663188
2624566,104667715
2624758,104672243
2624950,104676770
2625142,104681298
2625334,104685826
2625526,104690353
2625718,104694881
2625910,104699409
2626102,104703936
2626294,104708464
2626486,104712991
2626678,104717519
2626870,104722047
2627062,104726574
2627254,104731102
2627446,104735630
2627638,104740157
2627830,104744685
2628022,104749213
2628214,104753740
2628406,104758268
2628598,104762795
2628790,104767323
2628982,104771851
2629174,104776378
2629366,104780906
2629558,104785434
2629750,104789961
2629942,104794489
2630134,104799017
2630326,104803544
2630518,104808072
2630710,104812599
2630902,104817127
2631094,104821655
2631286,104826182
2631478,104830710
2631670,104835238
2631862,104839765
2632054,104844293
2632246,104848821
2632438,104853348
2632630,104857876
2632822,104862403
2633014,104866931
2633206,104871459
2633398,104875986
2633590,104880514
2633782,104885042
2633974,104889569
2634166,104894097
2634358,104898624
2634550,104903152
2634742,104907680
2634934,104912207
2635126,104916735
2635318,104921263
2635510,104925790
2635702,104930318
2635894,104934846
2636086,104939373
2636278,104943901
2636470,104948428
2636662,104952956
2636854,104957484
2637046,104962011
2637238,104966539
2637430,104971067
2637622,104975594
2637814,104980122
2638006,104984650
2638198,104989177
2638390,104993705
2638582,104998232
2638774,105002760
2638966,105007288
2639158,105011815
2639350,105016343
2639542,105020871
2639734,105025398
2639926,105029926
2640118,105034453
2640310,105038981
2640502,105043509
2640694,105048036
2640886,105052564
2641078,105057092
2641270,105061619
2641462,105066147
2641654,105070675
2641846,105075202
2642038,105079730
2642230,105084257
2642422,105088785
2642614,105093313
2642806,105097840
2642998,105102368
2643190,105106896
2643382,105111423
2643574,105115951
2643766,105120479
2643958,105125006
2644150,105129534
2644342,105134061
2644534,105138589
2644726,105143117
2644918,105147644
2645110,105152172
2645302,105156700
2645494,105161227
2645686,105165755
2645878,105170282
2646070,105174810
2646262,105179338
2646454,105183865
2646646,105188393
2646838,105192921
2647030,105197448
2647222,105201976
2647414,105206504
2647606,105211031
2647798,105215559
2647990,105220086
2648182,105224614
2648374,105229142
2648566,105233669
2648758,105238197
2648950,105242725
2649142,105247252
2649334,105251780
2649526,105256308
2649718,105260835
2649910,105265363
2650102,105269890
2650294,105274418
2650486,105278946
2650678,105283473
2650870,105288001
2651062,105292529
2651254,105297056
2651446,105301584
2651638,105306111
2651830,105310639
2652022,105315167
2652214,105319694
2652406,105324222
2652598,105328750
2652790,105333277
2652982,105337805
2653174,105342333
2653366,105346860
2653558,105351388
2653750,105355915
2653942,105360443
2654134,105364971
2654326,105369498
2654518,105374026
2654710,105378554
2654902,105383081
2655094,105387609
2655286,105392137
2655478,105396664
2655670,105401192
2655862,105405719
2656054,105410247
2656246,105414775
2656438,105419302
2656630,105423830
2656822,105428358
2657014,105432885
2657206,105437413
2657398,105441940
2657590,105446468
2657782,105450996
2657974,105455523
2658166,105460051
2658358,105464579
2658550,105469106
2658742,105473634
2658934,105478162
2659126,105482689
2659318,105487217
2659510,105491744
2659702,105496272
2659894,105500800
2660086,105505327
2660278,105509855
2660470,105514383
2660662,105518910
2660854,105523438
2661046,105527965
2661238,105532493
2661430,105537021
2661622,105541548
2661814,105546076
2662006,105550604
2662198,105555131
2662390,105559659
2662582,105564187
2662774,105568714
2662966,105573242
2663158,105577769
2663350,105582297
2663542,105586825
2663734,105591352
2663926,105595880
2664118,105600408
2664310,105604935
2664502,105609463
2664694,105613991
2664886,105618518
2665078,105623046
2665270,105627573
2665462,105632101
2665654,105636629
2665846,105641156
2666038,105645684
2666230,105650212
2666422,105654739
2666614,105659267
2666806,105663794
2666998,105668322
2667190,105672850
2667382,105677377
2667574,105681905
2667766,105686433
2667958,105690960
2668150,105695488
2668342,105700016
2668534,105704543
2668726,105709071
2668918,105713598
2669110,105718126
2669302,105722654
2669494,105727181
2669686,105731709
2669878,105736237
2670070,105740764
2670262,105745292
2670454,105749820
2670646,105754347
2670838,105758875
2671030,105763402
2671222,105767930
2671414,105772458
2671606,105776985
2671798,105781513
2671990,105786041
2672182,105790568
2672374,105795096
2672566,105799623
2672758,105804151
2672950,105808679
2673142,105813206
2673334,105817734
2673526,105822262
2673718,105826789
2673910,105831317
2674102,105835845
2674294,105840372
2674486,105844900
2674678,105849427
2674870,105853955
2675062,105858483
2675254,105863010
2675446,105867538
2675638,105872066
2675830,105876593
2676022,105881121
2676214,105885648
2676406,105890176
2676598,105894704
2676790,105899231
2676982,105903759
2677174,105908287
2677366,105912814
2677558,105917342
2677750,105921870
2677942,105926397
2678134,105930925
2678326,105935452
2678518,105939980
2678710,105944508
2678902,105949035
2679094,105953563
2679286,105958091
2679478,105962618
2679670,105967146
2679862,105971673
2680054,105976201
2680246,105980729
2680438,105985256
2680630,105989784
2680822,105994312
2681014,105998839
2681206,106003367
2681398,106007895
2681590,106012422
2681782,106016950
2681974,106021477
2682166,106026005
2682358,106030533
2682550,106035060
2682742,106039588
2682934,106044116
2683126,106048643
2683318,106053171
2683510,106057699
2683702,106062226
2683894,106066754
2684086,106071281
2684278,106075809
2684470,106080337
2684662,106084864
2684854,106089392
2685046,106093920
2685238,106098447
2685430,106102975
2685622,106107502
2685814,106112030
2686006,106116558
2686198,106121085
2686390,106125613
2686582,106130141
2686774,106134668
2686966,106139196
2687158,106143724
2687350,106148251
2687542,106152779
2687734,106157306
2687926,106161834
2688118,106166362
2688310,106170889
2688502,106175417
2688694,106179945
2688886,106184472
2689078,106189000
2689270,106193527
2689462,106198055
2689654,106202583
2689846,106207110
2690038,106211638
2690230,106216166
2690422,106220693
2690614,106225221
2690806,106229749
2690998,106234276
2691190,106238804
2691382,106243331
2691574,106247859
2691766,106252387
2691958,106256914
2692150,106261442
2692342,106265970
2692534,106270497
2692726,106275025
2692918,106279552
2693110,106284080
2693302,106288608
2693494,106293135
2693686,106297663
2693878,106302191
2694070,106306718
2694262,106311246
2694454,106315774
2694646,106320301
2694838,106324829
2695030,106329356
2695222,106333884
2695414,106338412
2695606,106342939
2695798,106347467
2695990,106351995
2696182,106356522
2696374,106361050
2696566,106365577
2696758,106370105
2696950,106374633
2697142,106379160
2697334,106383688
2697526,106388216
2697718,106392743
2697910,106397271
2698102,106401799
2698294,106406326
2698486,106410854
2698678,106415381
2698870,106419909
2699062,106424437
2699254,106428964
2699446,106433492
2699638,106438020
2699830,106442547
2700022,106447075
2700214,106451603
2700406,106456130
2700598,106460658
2700790,106465185
2700982,106469713
2701174,106474241
2701366,106478768
2701558,106483296
2701750,106487824
2701942,106492351
2702134,106496879
2702326,106501406
2702518,106505934
2702710,106510462
2702902,106514989
2703094,106519517
2703286,106524045
2703478,106528572
2703670,106533100
2703862,106537628
2704054,106542155
2704246,106546683
2704438,106551210
2704630,106555738
2704822,106560266
2705014,106564793
2705206,106569321
2705398,106573849
2705590,106578376
2705782,106582904
2705974,106587432
2706166,106591959
2706358,106596487
2706550,106601014
2706742,106605542
2706934,106610070
2707126,106614597
2707318,106619125
2707510,106623653
2707702,106628180
2707894,106632708
2708086,106637235
2708278,106641763
2708470,106646291
2708662,106650818
2708854,106655346
2709046,106659874
2709238,106664401
2709430,106668929
2709622,106673457
2709814,106677984
2710006,106682512
2710198,106687039
2710390,106691567
2710582,106696095
2710774,106700622
2710966,106705150
2711158,106709678
2711350,106714205
2711542,106718733
2711734,106723260
2711926,106727788
2712118,106732316
2712310,106736843
2712502,106741371
2712694,106745899
2712886,106750426
2713078,106754954
2713270,106759482
2713462,106764009
2713654,106768537
2713846,106773064
2714038,106777592
2714230,106782120
2714422,106786647
2714614,106791175
2714806,106795703
2714998,106800230
2715190,106804758
2715382,106809286
2715574,106813813
2715766,106818341
2715958,106822868
2716150,106827396
2716342,106831924
2716534,106836451
2716726,106840979
2716918,106845507
2717110,106850034
2717302,106854562
2717494,106859089
2717686,106863617
2717878,106868145
2718070,106872672
2718262,106877200
2718454,106881728
2718646,106886255
2718838,106890783
2719030,106895311
2719222,106899838
2719414,106904366
2719606,106908893
2719798,106913421
2719990,106917949
2720182,106922476
2720374,106927004
2720566,106931532
2720758,106936059
2720950,106940587
2721142,106945115
2721334,106949642
2721526,106954170
2721718,106958697
2721910,106963225
2722102,106967753
2722294,106972280
2722486,106976808
2722678,106981336
2722870,106985863
2723062,106990391
2723254,106994918
2723446,106999446
2723638,107003974
2723830,107008501
2724022,107013029
2724214,107017557
2724406,107022084
2724598,107026612
2724790,107031140
2724982,107035667
2725174,107040195
2725366,107044722
2725558,107049250
2725750,107053778
2725942,107058305
2726134,107062833
2726326,107067361
2726518,107071888
2726710,107076416
2726902,107080944
2727094,107085471
2727286,107089999
2727478,107094526
2727670,107099054
2727862,107103582
2728054,107108109
2728246,107112637
2728438,107117165
2728630,107121692
2728822,107126220
2729014,107130747
2729206,107135275
2729398,107139803
2729590,107144330
2729782,107148858
2729974,107153386
2730166,107157913
2730358,107162441
2730550,107166969
2730742,107171496
2730934,107176024
2731126,107180551
2731318,107185079
2731510,107189607
2731702,107194134
2731894,107198662
2732086,107203190
2732278,107207717
2732470,107212245
2732662,107216773
2732854,107221300
2733046,107225828
2733238,107230355
2733430,107234883
2733622,107239411
2733814,107243938
2734006,107248466
2734198,107252994
2734390,107257521
2734582,107262049
2734774,107266576
2734966,107271104
2735158,107275632
2735350,107280159
2735542,107284687
2735734,107289215
2735926,107293742
2736118,107298270
2736310,107302798
2736502,107307325
2736694,107311853
2736886,107316380
2737078,107320908
2737270,107325436
2737462,107329963
2737654,107334491
2737846,107339019
2738038,107343546
2738230,107348074
2738422,107352602
2738614,107357129
2738806,107361657
2738998,107366184
2739190,107370712
2739382,107375240
2739574,107379767
2739766,107384295
2739958,107388823
2740150,107393350
2740342,107397878
2740534,107402405
2740726,107406933
2740918,107411461
2741110,107415988
2741302,107420516
2741494,107425044
2741686,107429571
2741878,107434099
2742070,107438627
2742262,107443154
2742454,107447682
2742646,107452209
2742838,107456737
2743030,107461265
2743222,107465792
2743414,107470320
2743606,107474848
2743798,107479375
2743990,107483903
2744182,107488431
2744374,107492958
2744566,107497486
2744758,107502013
2744950,107506541
2745142,107511069
2745334,107515596
2745526,107520124
2745718,107524652
2745910,107529179
2746102,107533707
2746294,107538234
2746486,107542762
2746678,107547290
2746870,107551817
2747062,107556345
2747254,107560873
2747446,107565400
2747638,107569928
2747830,107574456
2748022,107578983
2748214,107583511
2748406,107588038
2748598,107592566
2748790,107597094
2748982,107601621
2749174,107606149
2749366,107610677
2749558,107615204
2749750,107619732
2749942,107624259
2750134,107628787
2750326,107633315
2750518,107637842
2750710,107642370
2750902,107646898
2751094,107651425
2751286,107655953
2751478,107660481
2751670,107665008
2751862,107669536
2752054,107674063
2752246,107678591
2752438,107683119
2752630,107687646
2752822,107692174
2753014,107696702
2753206,107701229
2753398,107705757
2753590,107710284
2753782,107714812
2753974,107719340
2754166,107723867
2754358,107728395
2754550,107732923
2754742,107737450
2754934,107741978
2755126,107746506
2755318,107751033
2755510,107755561
2755702,107760088
2755894,107764616
2756086,107769144
2756278,107773671
2756470,107778199
2756662,107782727
2756854,107787254
2757046,107791782
2757238,107796309
2757430,107800837
2757622,107805365
2757814,107809892
2758006,107814420
2758198,107818948
2758390,107823475
2758582,107828003
2758774,107832530
2758966,107837058
2759158,107841586
2759350,107846113
2759542,107850641
2759734,107855169
2759926,107859696
2760118,107864224
2760310,107868752
2760502,107873279
2760694,107877807
2760886,107882334
2761078,107886862
2761270,107891390
2761462,107895917
2761654,107900445
2761846,107904973
2762038,107909500
2762230,107914028
2762422,107918555
2762614,107923083
2762806,107927611
2762998,107932138
2763190,107936666
2763382,107941194
2763574,107945721
2763766,107950249
2763958,107954777
2764150,107959304
2764342,107963832
2764534,107968359
2764726,107972887
2764918,107977415
2765110,107981942
2765302,107986470
2765494,107990998
2765686,107995525
2765878,108000053
2766070,108004580
2766262,108009108
2766454,108013636
2766646,108018163
2766838,108022691
2767030,108027219
2767222,108031746
2767414,108036274
2767606,108040802
2767798,108045329
2767990,108049857
2768182,108054384
2768374,108058912
2768566,108063440
2768758,108067967
2768950,108072495
2769142,108077023
2769334,108081550
2769526,108086078
2769718,108090605
2769910,108095133
2770102,108099661
2770294,108104188
2770486,108108716
2770678,108113244
2770870,108117771
2771062,108122299
2771254,108126827
2771446,108131354
2771638,108135882
2771830,108140409
2772022,108144937
2772214,108149465
2772406,108153992
2772598,108158520
2772790,108163048
2772982,108167575
2773174,108172103
2773366,108176630
2773558,108181158
2773750,108185686
2773942,108190213
2774134,108194741
2774326,108199269
2774518,108203796
2774710,108208324
2774902,108212852
2775094,108217379
2775286,108221907
2775478,108226434
2775670,108230962
2775862,108235490
2776054,108240017
2776246,108244545
2776438,108249073
2776630,108253600
2776822,108258128
2777014,108262655
2777206,108267183
2777398,108271711
2777590,108276238
2777782,108280766
2777974,108285294
2778166,108289821
2778358,108294349
2778550,108298877
2778742,108303404
2778934,108307932
2779126,108312459
2779318,108316987
2779510,108321515
2779702,108326042
2779894,108330570
2780086,108335098
2780278,108339625
2780470,108344153
2780662,108348680
2780854,108353208
2781046,108357736
2781238,108362263
2781430,108366791
2781622,108371319
2781814,108375846
2782006,108380374
2782198,108384902
2782390,108389429
2782582,108393957
2782774,108398484
2782966,108403012
2783158,108407540
2783350,108412067
2783542,108416595
2783734,108421123
2783926,108425650
2784118,108430178
2784310,108434706
2784502,108439233
2784694,108443761
2784886,108448288
2785078,108452816
2785270,108457344
2785462,108461871
2785654,108466399
2785846,108470927
2786038,108475454
2786230,108479982
2786422,108484509
2786614,108489037
2786806,108493565
2786998,108498092
2787190,108502620
2787382,108507148
2787574,108511675
2787766,108516203
2787958,108520731
2788150,108525258
2788342,108529786
2788534,108534313
2788726,108538841
2788918,108543369
2789110,108547896
2789302,108552424
2789494,108556952
2789686,108561479
2789878,108566007
2790070,108570534
2790262,108575062
2790454,108579590
2790646,108584117
2790838,108588645
2791030,108593173
2791222,108597700
2791414,108602228
2791606,108606756
2791798,108611283
2791990,108615811
2792182,108620338
2792374,108624866
2792566,108629394
2792758,108633921
2792950,108638449
2793142,108642977
2793334,108647504
2793526,108652032
2793718,108656559
2793910,108661087
2794102,108665615
2794294,108670142
2794486,108674670
2794678,108679198
2794870,108683725
2795062,108688253
2795254,108692781
2795446,108697308
2795638,108701836
2795830,108706363
2796022,108710891
2796214,108715419
2796406,108719946
2796598,108724474
2796790,108729002
2796982,108733529
2797174,108738057
2797366,108742584
2797558,108747112
2797750,108751640
2797942,108756167
2798134,108760695
2798326,108765223
2798518,108769750
2798710,108774278
2798902,108778806
2799094,108783333
2799286,108787861
2799478,108792388
2799670,108796916
2799862,108801444
2800054,108805971
2800246,108810499
2800438,108815027
2800630,108819554
2800822,108824082
2801014,108828609
2801206,108833137
2801398,108837665
2801590,108842192
2801782,108846720
2801974,108851248
2802166,108855775
2802358,108860303
2802550,108864830
2802742,108869358
2802934,108873886
2803126,108878413
2803318,108882941
2803510,108887469
2803702,108891996
2803894,108896524
2804086,108901052
2804278,108905579
2804470,108910107
2804662,108914634
2804854,108919162
2805046,108923690
2805238,108928217
2805430,108932745
2805622,108937273
2805814,108941800
2806006,108946328
2806198,108950855
2806390,108955383
2806582,108959911
2806774,108964438
2806966,108968966
2807158,108973494
2807350,108978021
2807542,108982549
2807734,108987077
2807926,108991604
2808118,108996132
2808310,109000659
2808502,109005187
2808694,109009715
2808886,109014242
2809078,109018770
2809270,109023298
2809462,109027825
2809654,109032353
2809846,109036880
2810038,109041408
2810230,109045936
2810422,109050463
2810614,109054991
2810806,109059519
2810998,109064046
2811190,109068574
2811382,109073101
2811574,109077629
2811766,109082157
2811958,109086684
2812150,109091212
2812342,109095740
2812534,109100267
2812726,109104795
2812918,109109323
2813110,109113850
2813302,109118378
2813494,109122905
2813686,109127433
2813878,109131961
2814070,109136488
2814262,109141016
2814454,109145544
2814646,109150071
2814838,109154599
2815030,109159126
2815222,109163654
2815414,109168182
2815606,109172709
2815798,109177237
2815990,109181765
2816182,109186292
2816374,109190820
2816566,109195348
2816758,109199875
2816950,109204403
2817142,109208930
2817334,109213458
2817526,109217986
2817718,109222513
2817910,109227041
2818102,109231569
2818294,109236096
2818486,109240624
2818678,109245151
2818870,109249679
2819062,109254207
2819254,109258734
2819446,109263262
2819638,109267790
2819830,109272317
2820022,109276845
2820214,109281372
2820406,109285900
2820598,109290428
2820790,109294955
2820982,109299483
2821174,109304011
2821366,109308538
2821558,109313066
2821750,109317594
2821942,109322121
2822134,109326649
2822326,109331176
2822518,109335704
2822710,109340232
2822902,109344759
2823094,109349287
2823286,109353815
2823478,109358342
2823670,109362870
2823862,109367397
2824054,109371925
2824246,109376453
2824438,109380980
2824630,109385508
2824822,109390036
2825014,109394563
2825206,109399091
2825398,109403618
2825590,109408146
2825782,109412674
2825974,109417201
2826166,109421729
2826358,109426257
2826550,109430784
2826742,109435312
2826934,109439840
2827126,109444367
2827318,109448895
2827510,109453422
2827702,109457950
2827894,109462478
2828086,109467005
2828278,109471533
2828470,109476061
2828662,109480588
2828854,109485116
2829046,109489643
2829238,109494171
2829430,109498699
2829622,109503226
2829814,109507754
2830006,109512282
2830198,109516809
2830390,109521337
2830582,109525864
2830774,109530392
2830966,109534920
2831158,109539447
2831350,109543975
2831542,109548503
2831734,109553030
2831926,109557558
2832118,109562086
2832310,109566613
2832502,109571141
2832694,109575668
2832886,109580196
2833078,109584724
2833270,109589251
2833462,109593779
2833654,109598307
2833846,109602834
2834038,109607362
2834230,109611889
2834422,109616417
2834614,109620945
2834806,109625472
2834998,109630000
2835190,109634528
2835382,109639055
2835574,109643583
2835766,109648110
2835958,109652638
2836150,109657166
2836342,109661693
2836534,109666221
2836726,109670749
2836918,109675276
2837110,109679804
2837302,109684332
2837494,109688859
2837686,109693387
2837878,109697914
2838070,109702442
2838262,109706970
2838454,109711497
2838646,109716025
2838838,109720553
2839030,109725080
2839222,109729608
2839414,109734135
2839606,109738663
2839798,109743191
2839990,109747718
2840182,109752246
2840374,109756774
2840566,109761301
2840758,109765829
2840950,109770356
2841142,109774884
2841334,109779412
2841526,109783939
2841718,109788467
2841910,109792995
2842102,109797522
2842294,109802050
2842486,109806578
2842678,109811105
2842870,109815633
2843062,109820160
2843254,109824688
2843446,109829216
2843638,109833743
2843830,109838271
2844022,109842799
2844214,109847326
2844406,109851854
2844598,109856381
2844790,109860909
2844982,109865437
2845174,109869964
2845366,109874492
2845558,109879020
2845750,109883547
2845942,109888075
2846134,109892602
2846326,109897130
2846518,109901658
2846710,109906185
2846902,109910713
2847094,109915241
2847286,109919768
2847478,109924296
2847670,109928823
2847862,109933351
2848054,109937879
2848246,109942406
2848438,109946934
2848630,109951462
2848822,109955989
2849014,109960517
2849206,109965045
2849398,109969572
2849590,109974100
2849782,109978627
2849974,109983155
2850166,109987683
2850358,109992210
2850550,109996738
2850742,110001266
2850934,110005793
2851126,110010321
2851318,110014848
2851510,110019376
2851702,110023904
2851894,110028431
2852086,110032959
2852278,110037487
2852470,110042014
2852662,110046542
2852854,110051069
2853046,110055597
2853238,110060125
2853430,110064652
2853622,110069180
2853814,110073708
2854006,110078235
2854198,110082763
2854390,110087291
2854582,110091818
2854774,110096346
2854966,110100873
2855158,110105401
2855350,110109929
2855542,110114456
2855734,110118984
2855926,110123512
2856118,110128039
2856310,110132567
2856502,110137094
2856694,110141622
2856886,110146150
2857078,110150677
2857270,110155205
2857462,110159733
2857654,110164260
2857846,110168788
2858038,110173315
2858230,110177843
2858422,110182371
2858614,110186898
2858806,110191426
2858998,110195954
2859190,110200481
2859382,110205009
2859574,110209537
2859766,110214064
2859958,110218592
2860150,110223119
2860342,110227647
2860534,110232175
2860726,110236702
2860918,110241230
2861110,110245758
2861302,110250285
2861494,110254813
2861686,110259340
2861878,110263868
2862070,110268396
2862262,110272923
2862454,110277451
2862646,110281979
2862838,110286506
2863030,110291034
2863222,110295561
2863414,110300089
2863606,110304617
2863798,110309144
2863990,110313672
2864182,110318200
2864374,110322727
2864566,110327255
2864758,110331782
2864950,110336310
2865142,110340838
2865334,110345365
2865526,110349893
2865718,110354421
2865910,110358948
2866102,110363476
2866294,110368004
2866486,110372531
2866678,110377059
2866870,110381586
2867062,110386114
2867254,110390642
2867446,110395169
2867638,110399697
2867830,110404225
2868022,110408752
2868214,110413280
2868406,110417807
2868598,110422335
2868790,110426863
2868982,110431390
2869174,110435918
2869366,110440446
2869558,110444973
2869750,110449501
2869942,110454028
2870134,110458556
2870326,110463084
2870518,110467611
2870710,110472139
2870902,110476667
2871094,110481194
2871286,110485722
2871478,110490250
2871670,110494777
2871862,110499305
2872054,110503832
2872246,110508360
2872438,110512888
2872630,110517415
2872822,110521943
2873014,110526471
2873206,110530998
2873398,110535526
2873590,110540053
2873782,110544581
2873974,110549109
2874166,110553636
2874358,110558164
2874550,110562692
2874742,110567219
2874934,110571747
2875126,110576274
2875318,110580802
2875510,110585330
2875702,110589857
2875894,110594385
2876086,110598913
2876278,110603440
2876470,110607968
2876662,110612496
2876854,110617023
2877046,110621551
2877238,110626078
2877430,110630606
2877622,110635134
2877814,110639661
2878006,110644189
2878198,110648717
2878390,110653244
2878582,110657772
2878774,110662299
2878966,110666827
2879158,110671355
2879350,110675882
2879542,110680410
2879734,110684938
2879926,110689465
2880118,110693993
2880310,110698521
2880502,110703048
2880694,110707576
2880886,110712103
2881078,110716631
2881270,110721159
2881462,110725686
2881654,110730214
2881846,110734742
2882038,110739269
2882230,110743797
2882422,110748324
2882614,110752852
2882806,110757380
2882998,110761907
2883190,110766435
2883382,110770963
2883574,110775490
2883766,110780018
2883958,110784545
2884150,110789073
2884342,110793601
2884534,110798128
2884726,110802656
2884918,110807184
2885110,110811711
2885302,110816239
2885494,110820767
2885686,110825294
2885878,110829822
2886070,110834349
2886262,110838877
2886454,110843405
2886646,110847932
2886838,110852460
2887030,110856988
2887222,110861515
2887414,110866043
2887606,110870570
2887798,110875098
2887990,110879626
2888182,110884153
2888374,110888681
2888566,110893209
2888758,110897736
2888950,110902264
2889142,110906792
2889334,110911319
2889526,110915847
2889718,110920374
2889910,110924902
2890102,110929430
2890294,110933957
2890486,110938485
2890678,110943013
2890870,110947540
2891062,110952068
2891254,110956595
2891446,110961123
2891638,110965651
2891830,110970178
2892022,110974706
2892214,110979234
2892406,110983761
2892598,110988289
2892790,110992817
2892982,110997344
2893174,111001872
2893366,111006399
2893558,111010927
2893750,111015455
2893942,111019982
2894134,111024510
2894326,111029038
2894518,111033565
2894710,111038093
2894902,111042620
2895094,111047148
2895286,111051676
2895478,111056203
2895670,111060731
2895862,111065259
2896054,111069786
2896246,111074314
2896438,111078841
2896630,111083369
2896822,111087897
2897014,111092424
2897206,111096952
2897398,111101480
2897590,111106007
2897782,111110535
2897974,111115063
2898166,111119590
2898358,111124118
2898550,111128645
2898742,111133173
2898934,111137701
2899126,111142228
2899318,111146756
2899510,111151284
2899702,111155811
2899894,111160339
2900086,111164866
2900278,111169394
2900470,111173922
2900662,111178449
2900854,111182977
2901046,111187505
2901238,111192032
2901430,111196560
2901622,111201088
2901814,111205615
2902006,111210143
2902198,111214670
2902390,111219198
2902582,111223726
2902774,111228253
2902966,111232781
2903158,111237309
2903350,111241836
2903542,111246364
2903734,111250891
2903926,111255419
2904118,111259947
2904310,111264474
2904502,111269002
2904694,111273530
2904886,111278057
2905078,111282585
2905270,111287113
2905462,111291640
2905654,111296168
2905846,111300695
2906038,111305223
2906230,111309751
2906422,111314278
2906614,111318806
2906806,111323334
2906998,111327861
2907190,111332389
2907382,111336916
2907574,111341444
2907766,111345972
2907958,111350499
2908150,111355027
2908342,111359555
2908534,111364082
2908726,111368610
2908918,111373138
2909110,111377665
2909302,111382193
2909494,111386720
2909686,111391248
2909878,111395776
2910070,111400303
2910262,111404831
2910454,111409359
2910646,111413886
2910838,111418414
2911030,111422941
2911222,111427469
2911414,111431997
2911606,111436524
2911798,111441052
2911990,111445580
2912182,111450107
2912374,111454635
2912566,111459163
2912758,111463690
2912950,111468218
2913142,111472745
2913334,111477273
2913526,111481801
2913718,111486328
2913910,111490856
2914102,111495384
2914294,111499911
2914486,111504439
2914678,111508966
2914870,111513494
2915062,111518022
2915254,111522549
2915446,111527077
2915638,111531605
2915830,111536132
2916022,111540660
2916214,111545188
2916406,111549715
2916598,111554243
2916790,111558770
2916982,111563298
2917174,111567826
2917366,111572353
2917558,111576881
2917750,111581409
2917942,111585936
2918134,111590464
2918326,111594991
2918518,111599519
2918710,111604047
2918902,111608574
2919094,111613102
2919286,111617630
2919478,111622157
2919670,111626685
2919862,111631213
2920054,111635740
2920246,111640268
2920438,111644795
2920630,111649323
2920822,111653851
2921014,111658378
2921206,111662906
2921398,111667434
2921590,111671961
2921782,111676489
2921974,111681016
2922166,111685544
2922358,111690072
2922550,111694599
2922742,111699127
2922934,111703655
2923126,111708182
2923318,111712710
2923510,111717237
2923702,111721765
2923894,111726293
2924086,111730820
2924278,111735348
2924470,111739876
2924662,111744403
2924854,111748931
2925046,111753459
2925238,111757986
2925430,111762514
2925622,111767041
2925814,111771569
2926006,111776097
2926198,111780624
2926390,111785152
2926582,111789680
2926774,111794207
2926966,111798735
2927158,111803262
2927350,111807790
2927542,111812318
2927734,111816845
2927926,111821373
2928118,111825901
2928310,111830428
2928502,111834956
2928694,111839484
2928886,111844011
2929078,111848539
2929270,111853066
2929462,111857594
2929654,111862122
2929846,111866649
2930038,111871177
2930230,111875705
2930422,111880232
2930614,111884760
2930806,111889287
2930998,111893815
2931190,111898343
2931382,111902870
2931574,111907398
2931766,111911926
2931958,111916453
2932150,111920981
2932342,111925509
2932534,111930036
2932726,111934564
2932918,111939091
2933110,111943619
2933302,111948147
2933494,111952674
2933686,111957202
2933878,111961730
2934070,111966257
2934262,111970785
2934454,111975312
2934646,111979840
2934838,111984368
2935030,111988895
2935222,111993423
2935414,111997951
2935606,112002478
2935798,112007006
2935990,112011534
2936182,112016061
2936374,112020589
2936566,112025116
2936758,112029644
2936950,112034172
2937142,112038699
2937334,112043227
2937526,112047755
2937718,112052282
2937910,112056810
2938102,112061337
2938294,112065865
2938486,112070393
2938678,112074920
2938870,112079448
2939062,112083976
2939254,112088503
2939446,112093031
2939638,112097558
2939830,112102086
2940022,112106614
2940214,112111141
2940406,112115669
2940598,112120197
2940790,112124724
2940982,112129252
2941174,112133780
2941366,112138307
2941558,112142835
2941750,112147362
2941942,112151890
2942134,112156418
2942326,112160945
2942518,112165473
2942710,112170001
2942902,112174528
2943094,112179056
2943286,112183583
2943478,112188111
2943670,112192639
2943862,112197166
2944054,112201694
2944246,112206222
2944438,112210749
2944630,112215277
2944822,112219805
2945014,112224332
2945206,112228860
2945398,112233387
2945590,112237915
2945782,112242443
2945974,112246970
2946166,112251498
2946358,112256026
2946550,112260553
2946742,112265081
2946934,112269608
2947126,112274136
2947318,112278664
2947510,112283191
2947702,112287719
2947894,112292247
2948086,112296774
2948278,112301302
2948470,112305830
2948662,112310357
2948854,112314885
2949046,112319412
2949238,112323940
2949430,112328468
2949622,112332995
2949814,112337523
2950006,112342051
2950198,112346578
2950390,112351106
2950582,112355633
2950774,112360161
2950966,112364689
2951158,112369216
2951350,112373744
2951542,112378272
2951734,112382799
2951926,112387327
2952118,112391854
2952310,112396382
2952502,112400910
2952694,112405437
2952886,112409965
2953078,112414493
2953270,112419020
2953462,112423548
2953654,112428076
2953846,112432603
2954038,112437131
2954230,112441658
2954422,112446186
2954614,112450714
2954806,112455241
2954998,112459769
2955190,112464297
2955382,112468824
2955574,112473352
2955766,112477879
2955958,112482407
2956150,112486935
2956342,112491462
2956534,112495990
2956726,112500518
2956918,112505045
2957110,112509573
2957302,112514101
2957494,112518628
2957686,112523156
2957878,112527683
2958070,112532211
2958262,112536739
2958454,112541266
2958646,112545794
2958838,112550322
2959030,112554849
2959222,112559377
2959414,112563904
2959606,112568432
2959798,112572960
2959990,112577487
2960182,112582015
2960374,112586543
2960566,112591070
2960758,112595598
2960950,112600126
2961142,112604653
2961334,112609181
2961526,112613708
2961718,112618236
2961910,112622764
2962102,112627291
2962294,112631819
2962486,112636347
2962678,112640874
2962870,112645402
2963062,112649929
2963254,112654457
2963446,112658985
2963638,112663512
2963830,112668040
2964022,112672568
2964214,112677095
2964406,112681623
2964598,112686151
2964790,112690678
2964982,112695206
2965174,112699733
2965366,112704261
2965558,112708789
2965750,112713316
2965942,112717844
2966134,112722372
2966326,112726899
2966518,112731427
2966710,112735954
2966902,112740482
2967094,112745010
2967286,112749537
2967478,112754065
2967670,112758593
2967862,112763120
2968054,112767648
2968246,112772176
2968438,112776703
2968630,112781231
2968822,112785758
2969014,112790286
2969206,112794814
2969398,112799341
2969590,112803869
2969782,112808397
2969974,112812924
2970166,112817452
2970358,112821979
2970550,112826507
2970742,112831035
2970934,112835562
2971126,112840090
2971318,112844618
2971510,112849145
2971702,112853673
2971894,112858201
2972086,112862728
2972278,112867256
2972470,112871783
2972662,112876311
2972854,112880839
2973046,112885366
2973238,112889894
2973430,112894422
2973622,112898949
2973814,112903477
2974006,112908004
2974198,112912532
2974390,112917060
2974582,112921587
2974774,112926115
2974966,112930643
2975158,112935170
2975350,112939698
2975542,112944226
2975734,112948753
2975926,112953281
2976118,112957808
2976310,112962336
2976502,112966864
2976694,112971391
2976886,112975919
2977078,112980447
2977270,112984974
2977462,112989502
2977654,112994029
2977846,112998557
2978038,113003085
2978230,113007612
2978422,113012140
2978614,113016668
2978806,113021195
2978998,113025723
2979190,113030251
2979382,113034778
2979574,113039306
2979766,113043833
2979958,113048361
2980150,113052889
2980342,113057416
2980534,113061944
2980726,113066472
2980918,113070999
2981110,113075527
2981302,113080054
2981494,113084582
2981686,113089110
2981878,113093637
2982070,113098165
2982262,113102693
2982454,113107220
2982646,113111748
2982838,113116276
2983030,113120803
2983222,113125331
2983414,113129858
2983606,113134386
2983798,113138914
2983990,113143441
2984182,113147969
2984374,113152497
2984566,113157024
2984758,113161552
2984950,113166079
2985142,113170607
2985334,113175135
2985526,113179662
2985718,113184190
2985910,113188718
2986102,113193245
2986294,113197773
2986486,113202301
2986678,113206828
2986870,113211356
2987062,113215883
2987254,113220411
2987446,113224939
2987638,113229466
2987830,113233994
2988022,113238522
2988214,113243049
2988406,113247577
2988598,113252104
2988790,113256632
2988982,113261160
2989174,113265687
2989366,113270215
2989558,113274743
2989750,113279270
2989942,113283798
2990134,113288325
2990326,113292853
2990518,113297381
2990710,113301908
2990902,113306436
2991094,113310964
2991286,113315491
2991478,113320019
2991670,113324547
2991862,113329074
2992054,113333602
2992246,113338129
2992438,113342657
2992630,113347185
2992822,113351712
2993014,113356240
2993206,113360768
2993398,113365295
2993590,113369823
2993782,113374350
2993974,113378878
2994166,113383406
2994358,113387933
2994550,113392461
2994742,113396989
2994934,113401516
2995126,113406044
2995318,113410572
2995510,113415099
2995702,113419627
2995894,113424154
2996086,113428682
2996278,113433210
2996470,113437737
2996662,113442265
2996854,113446793
2997046,113451320
2997238,113455848
2997430,113460375
2997622,113464903
2997814,113469431
2998006,113473958
2998198,113478486
2998390,113483014
2998582,113487541
2998774,113492069
2998966,113496596
2999158,113501124
2999350,113505652
2999542,113510179
2999734,113514707
2999926,113519235
3000118,113523762
3000310,113528290
3000502,113532818
3000694,113537345
3000886,113541873
3001078,113546400
3001270,113550928
3001462,113555456
3001654,113559983
3001846,113564511
3002038,113569039
3002230,113573566
3002422,113578094
3002614,113582621
3002806,113587149
3002998,113591677
3003190,113596204
3003382,113600732
3003574,113605260
3003766,113609787
3003958,113614315
3004150,113618843
3004342,113623370
3004534,113627898
3004726,113632425
3004918,113636953
3005110,113641481
3005302,113646008
3005494,113650536
3005686,113655064
3005878,113659591
3006070,113664119
3006262,113668646
3006454,113673174
3006646,113677702
3006838,113682229
3007030,113686757
3007222,113691285
3007414,113695812
3007606,113700340
3007798,113704867
3007990,113709395
3008182,113713923
3008374,113718450
3008566,113722978
3008758,113727506
3008950,113732033
3009142,113736561
3009334,113741089
3009526,113745616
3009718,113750144
3009910,113754671
3010102,113759199
3010294,113763727
3010486,113768254
3010678,113772782
3010870,113777310
3011062,113781837
3011254,113786365
3011446,113790892
3011638,113795420
3011830,113799948
3012022,113804475
3012214,113809003
3012406,113813531
3012598,113818058
3012790,113822586
3012982,113827114
3013174,113831641
3013366,113836169
3013558,113840696
3013750,113845224
3013942,113849752
3014134,113854279
3014326,113858807
3014518,113863335
3014710,113867862
3014902,113872390
3015094,113876917
3015286,113881445
3015478,113885973
3015670,113890500
3015862,113895028
3016054,113899556
3016246,113904083
3016438,113908611
3016630,113913139
3016822,113917666
3017014,113922194
3017206,113926721
3017398,113931249
3017590,113935777
3017782,113940304
3017974,113944832
3018166,113949360
3018358,113953887
3018550,113958415
3018742,113962942
3018934,113967470
3019126,113971998
3019318,113976525
3019510,113981053
3019702,113985581
3019894,113990108
3020086,113994636
3020278,113999163
3020470,114003691
3020662,114008219
3020854,114012746
3021046,114017274
3021238,114021802
3021430,114026329
3021622,114030857
3021814,114035385
3022006,114039912
3022198,114044440
3022390,114048967
3022582,114053495
3022774,114058023
3022966,114062550
3023158,114067078
3023350,114071606
3023542,114076133
3023734,114080661
3023926,114085188
3024118,114089716
3024310,114094244
3024502,114098771
3024694,114103299
3024886,114107827
3025078,114112354
3025270,114116882
3025462,114121410
3025654,114125937
3025846,114130465
3026038,114134992
3026230,114139520
3026422,114144048
3026614,114148575
3026806,114153103
3026998,114157631
3027190,114162158
3027382,114166686
3027574,114171213
3027766,114175741
3027958,114180269
3028150,114184796
3028342,114189324
3028534,114193852
3028726,114198379
3028918,114202907
3029110,114207435
3029302,114211962
3029494,114216490
3029686,114221017
3029878,114225545
3030070,114230073
3030262,114234600
3030454,114239128
3030646,114243656
3030838,114248183
3031030,114252711
3031222,114257238
3031414,114261766
3031606,114266294
3031798,114270821
3031990,114275349
3032182,114279877
3032374,114284404
3032566,114288932
3032758,114293459
3032950,114297987
3033142,114302515
3033334,114307042
3033526,114311570
3033718,114316098
3033910,114320625
3034102,114325153
3034294,114329681
3034486,114334208
3034678,114338736
3034870,114343263
3035062,114347791
3035254,114352319
3035446,114356846
3035638,114361374
3035830,114365902
3036022,114370429
3036214,114374957
3036406,114379484
3036598,114384012
3036790,114388540
3036982,114393067
3037174,114397595
3037366,114402123
3037558,114406650
3037750,114411178
3037942,114415706
3038134,114420233
3038326,114424761
3038518,114429288
3038710,114433816
3038902,114438344
3039094,114442871
3039286,114447399
3039478,114451927
3039670,114456454
3039862,114460982
3040054,114465509
3040246,114470037
3040438,114474565
3040630,114479092
3040822,114483620
3041014,114488148
3041206,114492675
3041398,114497203
3041590,114501730
3041782,114506258
3041974,114510786
3042166,114515313
3042358,114519841
3042550,114524369
3042742,114528896
3042934,114533424
3043126,114537952
3043318,114542479
3043510,114547007
3043702,114551534
3043894,114556062
3044086,114560590
3044278,114565117
3044470,114569645
3044662,114574173
3044854,114578700
3045046,114583228
3045238,114587755
3045430,114592283
3045622,114596811
3045814,114601338
3046006,114605866
3046198,114610394
3046390,114614921
3046582,114619449
3046774,114623976
3046966,114628504
3047158,114633032
3047350,114637559
3047542,114642087
3047734,114646615
3047926,114651142
3048118,114655670
3048310,114660198
3048502,114664725
3048694,114669253
3048886,114673780
3049078,114678308
3049270,114682836
3049462,114687363
3049654,114691891
3049846,114696419
3050038,114700946
3050230,114705474
3050422,114710001
3050614,114714529
3050806,114719057
3050998,114723584
3051190,114728112
3051382,114732640
3051574,114737167
3051766,114741695
3051958,114746222
3052150,114750750
3052342,114755278
3052534,114759805
3052726,114764333
3052918,114768861
3053110,114773388
3053302,114777916
3053494,114782443
3053686,114786971
3053878,114791499
3054070,114796026
3054262,114800554
3054454,114805082
3054646,114809609
3054838,114814137
3055030,114818665
3055222,114823192
3055414,114827720
3055606,114832247
3055798,114836775
3055990,114841303
3056182,114845830
3056374,114850358
3056566,114854886
3056758,114859413
3056950,114863941
3057142,114868468
3057334,114872996
3057526,114877524
3057718,114882051
3057910,114886579
3058102,114891107
3058294,114895634
3058486,114900162
3058678,114904689
3058870,114909217
3059062,114913745
3059254,114918272
3059446,114922800
3059638,114927328
3059830,114931855
3060022,114936383
3060214,114940911
3060406,114945438
3060598,114949966
3060790,114954493
3060982,114959021
3061174,114963549
3061366,114968076
3061558,114972604
3061750,114977132
3061942,114981659
3062134,114986187
3062326,114990714
3062518,114995242
3062710,114999770
3062902,115004297
3063094,115008825
3063286,115013353
3063478,115017880
3063670,115022408
3063862,115026935
3064054,115031463
3064246,115035991
3064438,115040518
3064630,115045046
3064822,115049574
3065014,115054101
3065206,115058629
3065398,115063157
3065590,115067684
3065782,115072212
3065974,115076739
3066166,115081267
3066358,115085795
3066550,115090322
3066742,115094850
3066934,115099378
3067126,115103905
3067318,115108433
3067510,115112960
3067702,115117488
3067894,115122016
3068086,115126543
3068278,115131071
3068470,115135599
3068662,115140126
3068854,115144654
3069046,115149181
3069238,115153709
3069430,115158237
3069622,115162764
3069814,115167292
3070006,115171820
3070198,115176347
3070390,115180875
3070582,115185403
3070774,115189930
3070966,115194458
3071158,115198985
3071350,115203513
3071542,115208041
3071734,115212568
3071926,115217096
3072118,115221624
3072310,115226151
3072502,115230679
3072694,115235206
3072886,115239734
3073078,115244262
3073270,115248789
3073462,115253317
3073654,115257845
3073846,115262372
3074038,115266900
3074230,115271427
3074422,115275955
3074614,115280483
3074806,115285010
3074998,115289538
3075190,115294066
3075382,115298593
3075574,115303121
3075766,115307649
3075958,115312176
3076150,115316704
3076342,115321231
3076534,115325759
3076726,115330287
3076918,115334814
3077110,115339342
3077302,115343870
3077494,115348397
3077686,115352925
3077878,115357452
3078070,115361980
3078262,115366508
3078454,115371035
3078646,115375563
3078838,115380091
3079030,115384618
3079222,115389146
3079414,115393673
3079606,115398201
3079798,115402729
3079990,115407256
3080182,115411784
3080374,115416312
3080566,115420839
3080758,115425367
3080950,115429894
3081142,115434422
3081334,115438950
3081526,115443477
3081718,115448005
3081910,115452533
3082102,115457060
3082294,115461588
3082486,115466116
3082678,115470643
3082870,115475171
3083062,115479698
3083254,115484226
3083446,115488754
3083638,115493281
3083830,115497809
3084022,115502337
3084214,115506864
3084406,115511392
3084598,115515919
3084790,115520447
3084982,115524975
3085174,115529502
3085366,115534030
3085558,115538558
3085750,115543085
3085942,115547613
3086134,115552140
3086326,115556668
3086518,115561196
3086710,115565723
3086902,115570251
3087094,115574779
3087286,115579306
3087478,115583834
3087670,115588362
3087862,115592889
3088054,115597417
3088246,115601944
3088438,115606472
3088630,115611000
3088822,115615527
3089014,115620055
3089206,115624583
3089398,115629110
3089590,115633638
3089782,115638165
3089974,115642693
3090166,115647221
3090358,115651748
3090550,115656276
3090742,115660804
3090934,115665331
3091126,115669859
3091318,115674386
3091510,115678914
3091702,115683442
3091894,115687969
3092086,115692497
3092278,115697025
3092470,115701552
3092662,115706080
3092854,115710607
3093046,115715135
3093238,115719663
3093430,115724190
3093622,115728718
3093814,115733246
3094006,115737773
3094198,115742301
3094390,115746829
3094582,115751356
3094774,115755884
3094966,115760411
3095158,115764939
3095350,115769467
3095542,115773994
3095734,115778522
3095926,115783050
3096118,115787577
3096310,115792105
3096502,115796632
3096694,115801160
3096886,115805688
3097078,115810215
3097270,115814743
3097462,115819271
3097654,115823798
3097846,115828326
3098038,115832853
3098230,115837381
3098422,115841909
3098614,115846436
3098806,115850964
3098998,115855492
3099190,115860019
3099382,115864547
3099574,115869075
3099766,115873602
3099958,115878130
3100150,115882657
3100342,115887185
3100534,115891713
3100726,115896240
3100918,115900768
3101110,115905296
3101302,115909823
3101494,115914351
3101686,115918878
3101878,115923406
3102070,115927934
3102262,115932461
3102454,115936989
3102646,115941517
3102838,115946044
3103030,115950572
3103222,115955099
3103414,115959627
3103606,115964155
3103798,115968682
3103990,115973210
3104182,115977738
3104374,115982265
3104566,115986793
3104758,115991320
3104950,115995848
3105142,116000376
3105334,116004903
3105526,116009431
3105718,116013959
3105910,116018486
3106102,116023014
3106294,116027542
3106486,116032069
3106678,116036597
3106870,116041124
3107062,116045652
3107254,116050180
3107446,116054707
3107638,116059235
3107830,116063763
3108022,116068290
3108214,116072818
3108406,116077345
3108598,116081873
3108790,116086401
3108982,116090928
3109174,116095456
3109366,116099984
3109558,116104511
3109750,116109039
3109942,116113566
3110134,116118094
3110326,116122622
3110518,116127149
3110710,116131677
3110902,116136205
3111094,116140732
3111286,116145260
3111478,116149787
3111670,116154315
3111862,116158843
3112054,116163370
3112246,116167898
3112438,116172426
3112630,116176953
3112822,116181481
3113014,116186009
3113206,116190536
3113398,116195064
3113590,116199591
3113782,116204119
3113974,116208647
3114166,116213174
3114358,116217702
3114550,116222230
3114742,116226757
3114934,116231285
3115126,116235812
3115318,116240340
3115510,116244868
3115702,116249395
3115894,116253923
3116086,116258451
3116278,116262978
3116470,116267506
3116662,116272033
3116854,116276561
3117046,116281089
3117238,116285616
3117430,116290144
3117622,116294672
3117814,116299199
3118006,116303727
3118198,116308254
3118390,116312782
3118582,116317310
3118774,116321837
3118966,116326365
3119158,116330893
3119350,116335420
3119542,116339948
3119734,116344475
3119926,116349003
3120118,116353531
3120310,116358058
3120502,116362586
3120694,116367114
3120886,116371641
3121078,116376169
3121270,116380697
3121462,116385224
3121654,116389752
3121846,116394279
3122038,116398807
3122230,116403335
3122422,116407862
3122614,116412390
3122806,116416918
3122998,116421445
3123190,116425973
3123382,116430500
3123574,116435028
3123766,116439556
3123958,116444083
3124150,116448611
3124342,116453139
3124534,116457666
3124726,116462194
3124918,116466721
3125110,116471249
3125302,116475777
3125494,116480304
3125686,116484832
3125878,116489360
3126070,116493887
3126262,116498415
3126454,116502942
3126646,116507470
3126838,116511998
3127030,116516525
3127222,116521053
3127414,116525581
3127606,116530108
3127798,116534636
3127990,116539163
3128182,116543691
3128374,116548219
3128566,116552746
3128758,116557274
3128950,116561802
3129142,116566329
3129334,116570857
3129526,116575385
3129718,116579912
3129910,116584440
3130102,116588967
3130294,116593495
3130486,116598023
3130678,116602550
3130870,116607078
3131062,116611606
3131254,116616133
3131446,116620661
3131638,116625188
3131830,116629716
3132022,116634244
3132214,116638771
3132406,116643299
3132598,116647827
3132790,116652354
3132982,116656882
3133174,116661409
3133366,116665937
3133558,116670465
3133750,116674992
3133942,116679520
3134134,116684048
3134326,116688575
3134518,116693103
3134710,116697630
3134902,116702158
3135094,116706686
3135286,116711213
3135478,116715741
3135670,116720269
3135862,116724796
3136054,116729324
3136246,116733851
3136438,116738379
3136630,116742907
3136822,116747434
3137014,116751962
3137206,116756490
3137398,116761017
3137590,116765545
3137782,116770073
3137974,116774600
3138166,116779128
3138358,116783655
3138550,116788183
3138742,116792711
3138934,116797238
3139126,116801766
3139318,116806294
3139510,116810821
3139702,116815349
3139894,116819876
3140086,116824404
3140278,116828932
3140470,116833459
3140662,116837987
3140854,116842515
3141046,116847042
3141238,116851570
3141430,116856097
3141622,116860625
3141814,116865153
3142006,116869680
3142198,116874208
3142390,116878736
3142582,116883263
3142774,116887791
3142966,116892318
3143158,116896846
3143350,116901374
3143542,116905901
3143734,116910429
3143926,116914957
3144118,116919484
3144310,116924012
3144502,116928540
3144694,116933067
3144886,116937595
3145078,116942122
3145270,116946650
3145462,116951178
3145654,116955705
3145846,116960233
3146038,116964761
3146230,116969288
3146422,116973816
3146614,116978343
3146806,116982871
3146998,116987399
3147190,116991926
3147382,116996454
3147574,117000982
3147766,117005509
3147958,117010037
3148150,117014564
3148342,117019092
3148534,117023620
3148726,117028147
3148918,117032675
3149110,117037203
3149302,117041730
3149494,117046258
3149686,117050785
3149878,117055313
3150070,117059841
3150262,117064368
3150454,117068896
3150646,117073424
3150838,117077951
3151030,117082479
3151222,117087007
3151414,117091534
3151606,117096062
3151798,117100589
3151990,117105117
3152182,117109645
3152374,117114172
3152566,117118700
3152758,117123228
3152950,117127755
3153142,117132283
3153334,117136810
3153526,117141338
3153718,117145866
3153910,117150393
3154102,117154921
3154294,117159449
3154486,117163976
3154678,117168504
3154870,117173031
3155062,117177559
3155254,117182087
3155446,117186614
3155638,117191142
3155830,117195670
3156022,117200197
3156214,117204725
3156406,117209252
3156598,117213780
3156790,117218308
3156982,117222835
3157174,117227363
3157366,117231891
3157558,117236418
3157750,117240946
3157942,117245474
3158134,117250001
3158326,117254529
3158518,117259056
3158710,117263584
3158902,117268112
3159094,117272639
3159286,117277167
3159478,117281695
3159670,117286222
3159862,117290750
3160054,117295277
3160246,117299805
3160438,117304333
3160630,117308860
3160822,117313388
3161014,117317916
3161206,117322443
3161398,117326971
3161590,117331498
3161782,117336026
3161974,117340554
3162166,117345081
3162358,117349609
3162550,117354137
3162742,117358664
3162934,117363192
3163126,117367720
3163318,117372247
3163510,117376775
3163702,117381302
3163894,117385830
3164086,117390358
3164278,117394885
3164470,117399413
3164662,117403941
3164854,117408468
3165046,117412996
3165238,117417523
3165430,117422051
3165622,117426579
3165814,117431106
3166006,117435634
3166198,117440162
3166390,117444689
3166582,117449217
3166774,117453744
3166966,117458272
3167158,117462800
3167350,117467327
3167542,117471855
3167734,117476383
3167926,117480910
3168118,117485438
3168310,117489966
3168502,117494493
3168694,117499021
3168886,117503548
3169078,117508076
3169270,117512604
3169462,117517131
3169654,117521659
3169846,117526187
3170038,117530714
3170230,117535242
3170422,117539769
3170614,117544297
3170806,117548825
3170998,117553352
3171190,117557880
3171382,117562408
3171574,117566935
3171766,117571463
3171958,117575990
3172150,117580518
3172342,117585046
3172534,117589573
3172726,117594101
3172918,117598629
3173110,117603156
3173302,117607684
3173494,117612211
3173686,117616739
3173878,117621267
3174070,117625794
3174262,117630322
3174454,117634850
3174646,117639377
3174838,117643905
3175030,117648433
3175222,117652960
3175414,117657488
3175606,117662015
3175798,117666543
3175990,117671071
3176182,117675598
3176374,117680126
3176566,117684654
3176758,117689181
3176950,117693709
3177142,117698236
3177334,117702764
3177526,117707292
3177718,117711819
3177910,117716347
3178102,117720875
3178294,117725402
3178486,117729930
3178678,117734457
3178870,117738985
3179062,117743513
3179254,117748040
3179446,117752568
3179638,117757096
3179830,117761623
3180022,117766151
3180214,117770679
3180406,117775206
3180598,117779734
3180790,117784261
3180982,117788789
3181174,117793317
3181366,117797844
3181558,117802372
3181750,117806900
3181942,117811427
3182134,117815955
3182326,117820482
3182518,117825010
3182710,117829538
3182902,117834065
3183094,117838593
3183286,117843121
3183478,117847648
3183670,117852176
3183862,117856703
3184054,117861231
3184246,117865759
3184438,117870286
3184630,117874814
3184822,117879342
3185014,117883869
3185206,117888397
3185398,117892925
3185590,117897452
3185782,117901980
3185974,117906507
3186166,117911035
3186358,117915563
3186550,117920090
3186742,117924618
3186934,117929146
3187126,117933673
3187318,117938201
3187510,117942728
3187702,117947256
3187894,117951784
3188086,117956311
3188278,117960839
3188470,117965367
3188662,117969894
3188854,117974422
3189046,117978949
3189238,117983477
3189430,117988005
3189622,117992532
3189814,117997060
3190006,118001588
3190198,118006115
3190390,118010643
3190582,118015171
3190774,118019698
3190966,118024226
3191158,118028753
3191350,118033281
3191542,118037809
3191734,118042336
3191926,118046864
3192118,118051392
3192310,118055919
3192502,118060447
3192694,118064974
3192886,118069502
3193078,118074030
3193270,118078557
3193462,118083085
3193654,118087613
3193846,118092140
3194038,118096668
3194230,118101195
3194422,118105723
3194614,118110251
3194806,118114778
3194998,118119306
3195190,118123834
3195382,118128361
3195574,118132889
3195766,118137416
3195958,118141944
3196150,118146472
3196342,118150999
3196534,118155527
3196726,118160055
3196918,118164582
3197110,118169110
3197302,118173638
3197494,118178165
3197686,118182693
3197878,118187220
3198070,118191748
3198262,118196276
3198454,118200803
3198646,118205331
3198838,118209859
3199030,118214386
3199222,118218914
3199414,118223441
3199606,118227969
3199798,118232497
3199990,118237024
3200182,118241552
3200374,118246080
3200566,118250607
3200758,118255135
3200950,118259662
3201142,118264190
3201334,118268718
3201526,118273245
3201718,118277773
3201910,118282301
3202102,118286828
3202294,118291356
3202486,118295883
3202678,118300411
3202870,118304939
3203062,118309466
3203254,118313994
3203446,118318522
3203638,118323049
3203830,118327577
3204022,118332105
3204214,118336632
3204406,118341160
3204598,118345687
3204790,118350215
3204982,118354743
3205174,118359270
3205366,118363798
3205558,118368326
3205750,118372853
3205942,118377381
3206134,118381908
3206326,118386436
3206518,118390964
3206710,118395491
3206902,118400019
3207094,118404547
3207286,118409074
3207478,118413602
3207670,118418129
3207862,118422657
3208054,118427185
3208246,118431712
3208438,118436240
3208630,118440768
3208822,118445295
3209014,118449823
3209206,118454351
3209398,118458878
3209590,118463406
3209782,118467933
3209974,118472461
3210166,118476989
3210358,118481516
3210550,118486044
3210742,118490572
3210934,118495099
3211126,118499627
3211318,118504154
3211510,118508682
3211702,118513210
3211894,118517737
3212086,118522265
3212278,118526793
3212470,118531320
3212662,118535848
3212854,118540375
3213046,118544903
3213238,118549431
3213430,118553958
3213622,118558486
3213814,118563014
3214006,118567541
3214198,118572069
3214390,118576597
3214582,118581124
3214774,118585652
3214966,118590179
3215158,118594707
3215350,118599235
3215542,118603762
3215734,118608290
3215926,118612818
3216118,118617345
3216310,118621873
3216502,118626400
3216694,118630928
3216886,118635456
3217078,118639983
3217270,118644511
3217462,118649039
3217654,118653566
3217846,118658094
3218038,118662621
3218230,118667149
3218422,118671677
3218614,118676204
3218806,118680732
3218998,118685260
3219190,118689787
3219382,118694315
3219574,118698843
3219766,118703370
3219958,118707898
3220150,118712425
3220342,118716953
3220534,118721481
3220726,118726008
3220918,118730536
3221110,118735064
3221302,118739591
3221494,118744119
3221686,118748646
3221878,118753174
3222070,118757702
3222262,118762229
3222454,118766757
3222646,118771285
3222838,118775812
3223030,118780340
3223222,118784867
3223414,118789395
3223606,118793923
3223798,118798450
3223990,118802978
3224182,118807506
3224374,118812033
3224566,118816561
3224758,118821089
3224950,118825616
3225142,118830144
3225334,118834671
3225526,118839199
3225718,118843727
3225910,118848254
3226102,118852782
3226294,118857310
3226486,118861837
3226678,118866365
3226870,118870892
3227062,118875420
3227254,118879948
3227446,118884475
3227638,118889003
3227830,118893531
3228022,118898058
3228214,118902586
3228406,118907114
3228598,118911641
3228790,118916169
3228982,118920696
3229174,118925224
3229366,118929752
3229558,118934279
3229750,118938807
3229942,118943335
3230134,118947862
3230326,118952390
3230518,118956917
3230710,118961445
3230902,118965973
3231094,118970500
3231286,118975028
3231478,118979556
3231670,118984083
3231862,118988611
3232054,118993138
3232246,118997666
3232438,119002194
3232630,119006721
3232822,119011249
3233014,119015777
3233206,119020304
3233398,119024832
3233590,119029360
3233782,119033887
3233974,119038415
3234166,119042942
3234358,119047470
3234550,119051998
3234742,119056525
3234934,119061053
3235126,119065581
3235318,119070108
3235510,119074636
3235702,119079163
3235894,119083691
3236086,119088219
3236278,119092746
3236470,119097274
3236662,119101802
3236854,119106329
3237046,119110857
3237238,119115385
3237430,119119912
3237622,119124440
3237814,119128967
3238006,119133495
3238198,119138023
3238390,119142550
3238582,119147078
3238774,119151606
3238966,119156133
3239158,119160661
3239350,119165188
3239542,119169716
3239734,119174244
3239926,119178771
3240118,119183299
3240310,119187827
3240502,119192354
3240694,119196882
3240886,119201409
3241078,119205937
3241270,119210465
3241462,119214992
3241654,119219520
3241846,119224048
3242038,119228575
3242230,119233103
3242422,119237631
3242614,119242158
3242806,119246686
3242998,119251213
3243190,119255741
3243382,119260269
3243574,119264796
3243766,119269324
3243958,119273852
3244150,119278379
3244342,119282907
3244534,119287434
3244726,119291962
3244918,119296490
3245110,119301017
3245302,119305545
3245494,119310073
3245686,119314600
3245878,119319128
3246070,119323656
3246262,119328183
3246454,119332711
3246646,119337238
3246838,119341766
3247030,119346294
3247222,119350821
3247414,119355349
3247606,119359877
3247798,119364404
3247990,119368932
3248182,119373459
3248374,119377987
3248566,119382515
3248758,119387042
3248950,119391570
3249142,119396098
3249334,119400625
3249526,119405153
3249718,119409681
3249910,119414208
3250102,119418736
3250294,119423263
3250486,119427791
3250678,119432319
3250870,119436846
3251062,119441374
3251254,119445902
3251446,119450429
3251638,119454957
3251830,119459484
3252022,119464012
3252214,119468540
3252406,119473067
3252598,119477595
3252790,119482123
3252982,119486650
3253174,119491178
3253366,119495705
3253558,119500233
3253750,119504761
3253942,119509288
3254134,119513816
3254326,119518344
3254518,119522871
3254710,119527399
3254902,119531927
3255094,119536454
3255286,119540982
3255478,119545509
3255670,119550037
3255862,119554565
3256054,119559092
3256246,119563620
3256438,119568148
3256630,119572675
3256822,119577203
3257014,119581730
3257206,119586258
3257398,119590786
3257590,119595313
3257782,119599841
3257974,119604369
3258166,119608896
3258358,119613424
3258550,119617952
3258742,119622479
3258934,119627007
3259126,119631534
3259318,119636062
3259510,119640590
3259702,119645117
3259894,119649645
3260086,119654173
3260278,119658700
3260470,119663228
3260662,119667755
3260854,119672283
3261046,119676811
3261238,119681338
3261430,119685866
3261622,119690394
3261814,119694921
3262006,119699449
3262198,119703977
3262390,119708504
3262582,119713032
3262774,119717559
3262966,119722087
3263158,119726615
3263350,119731142
3263542,119735670
3263734,119740198
3263926,119744725
3264118,119749253
3264310,119753780
3264502,119758308
3264694,119762836
3264886,119767363
3265078,119771891
3265270,119776419
3265462,119780946
3265654,119785474
3265846,119790002
3266038,119794529
3266230,119799057
3266422,119803584
3266614,119808112
3266806,119812640
3266998,119817167
3267190,119821695
3267382,119826223
3267574,119830750
3267766,119835278
3267958,119839805
3268150,119844333
3268342,119848861
3268534,119853388
3268726,119857916
3268918,119862444
3269110,119866971
3269302,119871499
3269494,119876027
3269686,119880554
3269878,119885082
3270070,119889609
3270262,119894137
3270454,119898665
3270646,119903192
3270838,119907720
3271030,119912248
3271222,119916775
3271414,119921303
3271606,119925830
3271798,119930358
3271990,119934886
3272182,119939413
3272374,119943941
3272566,119948469
3272758,119952996
3272950,119957524
3273142,119962051
3273334,119966579
3273526,119971107
3273718,119975634
3273910,119980162
3274102,119984690
3274294,119989217
3274486,119993745
3274678,119998273
3274870,120002800
3275062,120007328
3275254,120011855
3275446,120016383
3275638,120020911
3275830,120025438
3276022,120029966
3276214,120034494
3276406,120039021
3276598,120043549
3276790,120048076
3276982,120052604
3277174,120057132
3277366,120061659
3277558,120066187
3277750,120070715
3277942,120075242
3278134,120079770
3278326,120084298
3278518,120088825
3278710,120093353
3278902,120097880
3279094,120102408
3279286,120106936
3279478,120111463
3279670,120115991
3279862,120120519
3280054,120125046
3280246,120129574
3280438,120134101
3280630,120138629
3280822,120143157
3281014,120147684
3281206,120152212
3281398,120156740
3281590,120161267
3281782,120165795
3281974,120170323
3282166,120174850
3282358,120179378
3282550,120183905
3282742,120188433
3282934,120192961
3283126,120197488
3283318,120202016
3283510,120206544
3283702,120211071
3283894,120215599
3284086,120220126
3284278,120224654
3284470,120229182
3284662,120233709
3284854,120238237
3285046,120242765
3285238,120247292
3285430,120251820
3285622,120256347
3285814,120260875
3286006,120265403
3286198,120269930
3286390,120274458
3286582,120278986
3286774,120283513
3286966,120288041
3287158,120292569
3287350,120297096
3287542,120301624
3287734,120306151
3287926,120310679
3288118,120315207
3288310,120319734
3288502,120324262
3288694,120328790
3288886,120333317
3289078,120337845
3289270,120342372
3289462,120346900
3289654,120351428
3289846,120355955
3290038,120360483
3290230,120365011
3290422,120369538
3290614,120374066
3290806,120378594
3290998,120383121
3291190,120387649
3291382,120392176
3291574,120396704
3291766,120401232
3291958,120405759
3292150,120410287
3292342,120414815
3292534,120419342
3292726,120423870
3292918,120428397
3293110,120432925
3293302,120437453
3293494,120441980
3293686,120446508
3293878,120451036
3294070,120455563
3294262,120460091
3294454,120464619
3294646,120469146
3294838,120473674
3295030,120478201
3295222,120482729
3295414,120487257
3295606,120491784
3295798,120496312
3295990,120500840
3296182,120505367
3296374,120509895
3296566,120514422
3296758,120518950
3296950,120523478
3297142,120528005
3297334,120532533
3297526,120537061
3297718,120541588
3297910,120546116
3298102,120550644
3298294,120555171
3298486,120559699
3298678,120564226
3298870,120568754
3299062,120573282
3299254,120577809
3299446,120582337
3299638,120586865
3299830,120591392
3300022,120595920
3300214,120600447
3300406,120604975
3300598,120609503
3300790,120614030
3300982,120618558
3301174,120623086
3301366,120627613
3301558,120632141
3301750,120636668
3301942,120641196
3302134,120645724
3302326,120650251
3302518,120654779
3302710,120659307
3302902,120663834
3303094,120668362
3303286,120672890
3303478,120677417
3303670,120681945
3303862,120686472
3304054,120691000
3304246,120695528
3304438,120700055
3304630,120704583
3304822,120709111
3305014,120713638
3305206,120718166
3305398,120722693
3305590,120727221
3305782,120731749
3305974,120736276
3306166,120740804
3306358,120745332
3306550,120749859
3306742,120754387
3306934,120758915
3307126,120763442
3307318,120767970
3307510,120772497
3307702,120777025
3307894,120781553
3308086,120786080
3308278,120790608
3308470,120795136
3308662,120799663
3308854,120804191
3309046,120808718
3309238,120813246
3309430,120817774
3309622,120822301
3309814,120826829
3310006,120831357
3310198,120835884
3310390,120840412
3310582,120844939
3310774,120849467
3310966,120853995
3311158,120858522
3311350,120863050
3311542,120867578
3311734,120872105
3311926,120876633
3312118,120881161
3312310,120885688
3312502,120890216
3312694,120894743
3312886,120899271
3313078,120903799
3313270,120908326
3313462,120912854
3313654,120917382
3313846,120921909
3314038,120926437
3314230,120930964
3314422,120935492
3314614,120940020
3314806,120944547
3314998,120949075
3315190,120953603
3315382,120958130
3315574,120962658
3315766,120967185
3315958,120971713
3316150,120976241
3316342,120980768
3316534,120985296
3316726,120989824
3316918,120994351
3317110,120998879
3317302,121003406
3317494,121007934
3317686,121012462
3317878,121016989
3318070,121021517
3318262,121026045
3318454,121030572
3318646,121035100
3318838,121039628
3319030,121044155
3319222,121048683
3319414,121053210
3319606,121057738
3319798,121062266
3319990,121066793
3320182,121071321
3320374,121075849
3320566,121080376
3320758,121084904
3320950,121089431
3321142,121093959
3321334,121098487
3321526,121103014
3321718,121107542
3321910,121112070
3322102,121116597
3322294,121121125
3322486,121125652
3322678,121130180
3322870,121134708
3323062,121139235
3323254,121143763
3323446,121148291
3323638,121152818
3323830,121157346
3324022,121161873
3324214,121166401
3324406,121170929
3324598,121175456
3324790,121179984
3324982,121184512
3325174,121189039
3325366,121193567
3325558,121198095
3325750,121202622
3325942,121207150
3326134,121211677
3326326,121216205
3326518,121220733
3326710,121225260
3326902,121229788
3327094,121234316
3327286,121238843
3327478,121243371
3327670,121247898
3327862,121252426
3328054,121256954
3328246,121261481
3328438,121266009
3328630,121270537
3328822,121275064
3329014,121279592
3329206,121284119
3329398,121288647
3329590,121293175
3329782,121297702
3329974,121302230
3330166,121306758
3330358,121311285
3330550,121315813
3330742,121320340
3330934,121324868
3331126,121329396
3331318,121333923
3331510,121338451
3331702,121342979
3331894,121347506
3332086,121352034
3332278,121356562
3332470,121361089
3332662,121365617
3332854,121370144
3333046,121374672
3333238,121379200
3333430,121383727
3333622,121388255
3333814,121392783
3334006,121397310
3334198,121401838
3334390,121406365
3334582,121410893
3334774,121415421
3334966,121419948
3335158,121424476
3335350,121429004
3335542,121433531
3335734,121438059
3335926,121442586
3336118,121447114
3336310,121451642
3336502,121456169
3336694,121460697
3336886,121465225
3337078,121469752
3337270,121474280
3337462,121478807
3337654,121483335
3337846,121487863
3338038,121492390
3338230,121496918
3338422,121501446
3338614,121505973
3338806,121510501
3338998,121515028
3339190,121519556
3339382,121524084
3339574,121528611
3339766,121533139
3339958,121537667
3340150,121542194
3340342,121546722
3340534,121551250
3340726,121555777
3340918,121560305
3341110,121564832
3341302,121569360
3341494,121573888
3341686,121578415
3341878,121582943
3342070,121587471
3342262,121591998
3342454,121596526
3342646,121601053
3342838,121605581
3343030,121610109
3343222,121614636
3343414,121619164
3343606,121623692
3343798,121628219
3343990,121632747
3344182,121637274
3344374,121641802
3344566,121646330
3344758,121650857
3344950,121655385
3345142,121659913
3345334,121664440
3345526,121668968
3345718,121673495
3345910,121678023
3346102,121682551
3346294,121687078
3346486,121691606
3346678,121696134
3346870,121700661
3347062,121705189
3347254,121709717
3347446,121714244
3347638,121718772
3347830,121723299
3348022,121727827
3348214,121732355
3348406,121736882
3348598,121741410
3348790,121745938
3348982,121750465
3349174,121754993
3349366,121759520
3349558,121764048
3349750,121768576
3349942,121773103
3350134,121777631
3350326,121782159
3350518,121786686
3350710,121791214
3350902,121795741
3351094,121800269
3351286,121804797
3351478,121809324
3351670,121813852
3351862,121818380
3352054,121822907
3352246,121827435
3352438,121831962
3352630,121836490
3352822,121841018
3353014,121845545
3353206,121850073
3353398,121854601
3353590,121859128
3353782,121863656
3353974,121868183
3354166,121872711
3354358,121877239
3354550,121881766
3354742,121886294
3354934,121890822
3355126,121895349
3355318,121899877
3355510,121904405
3355702,121908932
3355894,121913460
3356086,121917987
3356278,121922515
3356470,121927043
3356662,121931570
3356854,121936098
3357046,121940626
3357238,121945153
3357430,121949681
3357622,121954208
3357814,121958736
3358006,121963264
3358198,121967791
3358390,121972319
3358582,121976847
3358774,121981374
3358966,121985902
3359158,121990429
3359350,121994957
3359542,121999485
3359734,122004012
3359926,122008540
3360118,122013068
3360310,122017595
3360502,122022123
3360694,122026650
3360886,122031178
3361078,122035706
3361270,122040233
3361462,122044761
3361654,122049289
3361846,122053816
3362038,122058344
3362230,122062871
3362422,122067399
3362614,122071927
3362806,122076454
3362998,122080982
3363190,122085510
3363382,122090037
3363574,122094565
3363766,122099092
3363958,122103620
3364150,122108148
3364342,122112675
3364534,122117203
3364726,122121731
3364918,122126258
3365110,122130786
3365302,122135314
3365494,122139841
3365686,122144369
3365878,122148896
3366070,122153424
3366262,122157952
3366454,122162479
3366646,122167007
3366838,122171535
3367030,122176062
3367222,122180590
3367414,122185117
3367606,122189645
3367798,122194173
3367990,122198700
3368182,122203228
3368374,122207756
3368566,122212283
3368758,122216811
3368950,122221338
3369142,122225866
3369334,122230394
3369526,122234921
3369718,122239449
3369910,122243977
3370102,122248504
3370294,122253032
3370486,122257559
3370678,122262087
3370870,122266615
3371062,122271142
3371254,122275670
3371446,122280198
3371638,122284725
3371830,122289253
3372022,122293780
3372214,122298308
3372406,122302836
3372598,122307363
3372790,122311891
3372982,122316419
3373174,122320946
3373366,122325474
3373558,122330002
3373750,122334529
3373942,122339057
3374134,122343584
3374326,122348112
3374518,122352640
3374710,122357167
3374902,122361695
3375094,122366223
3375286,122370750
3375478,122375278
3375670,122379805
3375862,122384333
3376054,122388861
3376246,122393388
3376438,122397916
3376630,122402444
3376822,122406971
3377014,122411499
3377206,122416026
3377398,122420554
3377590,122425082
3377782,122429609
3377974,122434137
3378166,122438665
3378358,122443192
3378550,122447720
3378742,122452247
3378934,122456775
3379126,122461303
3379318,122465830
3379510,122470358
3379702,122474886
3379894,122479413
3380086,122483941
3380278,122488468
3380470,122492996
3380662,122497524
3380854,122502051
3381046,122506579
3381238,122511107
3381430,122515634
3381622,122520162
3381814,122524689
3382006,122529217
3382198,122533745
3382390,122538272
3382582,122542800
3382774,122547328
3382966,122551855
3383158,122556383
3383350,122560911
3383542,122565438
3383734,122569966
3383926,122574493
3384118,122579021
3384310,122583549
3384502,122588076
3384694,122592604
3384886,122597132
3385078,122601659
3385270,122606187
3385462,122610714
3385654,122615242
3385846,122619770
3386038,122624297
3386230,122628825
3386422,122633353
3386614,122637880
3386806,122642408
3386998,122646935
3387190,122651463
3387382,122655991
3387574,122660518
3387766,122665046
3387958,122669574
3388150,122674101
3388342,122678629
3388534,122683156
3388726,122687684
3388918,122692212
3389110,122696739
3389302,122701267
3389494,122705795
3389686,122710322
3389878,122714850
3390070,122719377
3390262,122723905
3390454,122728433
3390646,122732960
3390838,122737488
3391030,122742016
3391222,122746543
3391414,122751071
3391606,122755599
3391798,122760126
3391990,122764654
3392182,122769181
3392374,122773709
3392566,122778237
3392758,122782764
3392950,122787292
3393142,122791820
3393334,122796347
3393526,122800875
3393718,122805402
3393910,122809930
3394102,122814458
3394294,122818985
3394486,122823513
3394678,122828041
3394870,122832568
3395062,122837096
3395254,122841623
3395446,122846151
3395638,122850679
3395830,122855206
3396022,122859734
3396214,122864262
3396406,122868789
3396598,122873317
3396790,122877844
3396982,122882372
3397174,122886900
3397366,122891427
3397558,122895955
3397750,122900483
3397942,122905010
3398134,122909538
3398326,122914065
3398518,122918593
3398710,122923121
3398902,122927648
3399094,122932176
3399286,122936704
3399478,122941231
3399670,122945759
3399862,122950286
3400054,122954814
3400246,122959342
3400438,122963869
3400630,122968397
3400822,122972925
3401014,122977452
3401206,122981980
3401398,122986508
3401590,122991035
3401782,122995563
3401974,123000090
3402166,123004618
3402358,123009146
3402550,123013673
3402742,123018201
3402934,123022729
3403126,123027256
3403318,123031784
3403510,123036311
3403702,123040839
3403894,123045367
3404086,123049894
3404278,123054422
3404470,123058950
3404662,123063477
3404854,123068005
3405046,123072532
3405238,123077060
3405430,123081588
3405622,123086115
3405814,123090643
3406006,123095171
3406198,123099698
3406390,123104226
3406582,123108753
3406774,123113281
3406966,123117809
3407158,123122336
3407350,123126864
3407542,123131392
3407734,123135919
3407926,123140447
3408118,123144974
3408310,123149502
3408502,123154030
3408694,123158557
3408886,123163085
3409078,123167613
3409270,123172140
3409462,123176668
3409654,123181195
3409846,123185723
3410038,123190251
3410230,123194778
3410422,123199306
3410614,123203834
3410806,123208361
3410998,123212889
3411190,123217417
3411382,123221944
3411574,123226472
3411766,123230999
3411958,123235527
3412150,123240055
3412342,123244582
3412534,123249110
3412726,123253638
3412918,123258165
3413110,123262693
3413302,123267220
3413494,123271748
3413686,123276276
3413878,123280803
3414070,123285331
3414262,123289859
3414454,123294386
3414646,123298914
3414838,123303441
3415030,123307969
3415222,123312497
3415414,123317024
3415606,123321552
3415798,123326080
3415990,123330607
3416182,123335135
3416374,123339662
3416566,123344190
3416758,123348718
3416950,123353245
3417142,123357773
3417334,123362301
3417526,123366828
3417718,123371356
3417910,123375883
3418102,123380411
3418294,123384939
3418486,123389466
3418678,123393994
3418870,123398522
3419062,123403049
3419254,123407577
3419446,123412104
3419638,123416632
3419830,123421160
3420022,123425687
3420214,123430215
3420406,123434743
3420598,123439270
3420790,123443798
3420982,123448325
3421174,123452853
3421366,123457381
3421558,123461908
3421750,123466436
3421942,123470964
3422134,123475491
3422326,123480019
3422518,123484547
3422710,123489074
3422902,123493602
3423094,123498129
3423286,123502657
3423478,123507185
3423670,123511712
3423862,123516240
3424054,123520768
3424246,123525295
3424438,123529823
3424630,123534350
3424822,123538878
3425014,123543406
3425206,123547933
3425398,123552461
3425590,123556989
3425782,123561516
3425974,123566044
3426166,123570571
3426358,123575099
3426550,123579627
3426742,123584154
3426934,123588682
3427126,123593210
3427318,123597737
3427510,123602265
3427702,123606792
3427894,123611320
3428086,123615848
3428278,123620375
3428470,123624903
3428662,123629431
3428854,123633958
3429046,123638486
3429238,123643013
3429430,123647541
3429622,123652069
3429814,123656596
3430006,123661124
3430198,123665652
3430390,123670179
3430582,123674707
3430774,123679235
3430966,123683762
3431158,123688290
3431350,123692817
3431542,123697345
3431734,123701873
3431926,123706400
3432118,123710928
3432310,123715456
3432502,123719983
3432694,123724511
3432886,123729038
3433078,123733566
3433270,123738094
3433462,123742621
3433654,123747149
3433846,123751677
3434038,123756204
3434230,123760732
3434422,123765259
3434614,123769787
3434806,123774315
3434998,123778842
3435190,123783370
3435382,123787898
3435574,123792425
3435766,123796953
3435958,123801480
3436150,123806008
3436342,123810536
3436534,123815063
3436726,123819591
3436918,123824119
3437110,123828646
3437302,123833174
3437494,123837701
3437686,123842229
3437878,123846757
3438070,123851284
3438262,123855812
3438454,123860340
3438646,123864867
3438838,123869395
3439030,123873923
3439222,123878450
3439414,123882978
3439606,123887505
3439798,123892033
3439990,123896561
3440182,123901088
3440374,123905616
3440566,123910144
3440758,123914671
3440950,123919199
3441142,123923726
3441334,123928254
3441526,123932782
3441718,123937309
3441910,123941837
3442102,123946365
3442294,123950892
3442486,123955420
3442678,123959947
3442870,123964475
3443062,123969003
3443254,123973530
3443446,123978058
3443638,123982586
3443830,123987113
3444022,123991641
3444214,123996168
3444406,124000696
3444598,124005224
3444790,124009751
3444982,124014279
3445174,124018807
3445366,124023334
3445558,124027862
3445750,124032389
3445942,124036917
3446134,124041445
3446326,124045972
3446518,124050500
3446710,124055028
3446902,124059555
3447094,124064083
3447286,124068611
3447478,124073138
3447670,124077666
3447862,124082193
3448054,124086721
3448246,124091249
3448438,124095776
3448630,124100304
3448822,124104832
3449014,124109359
3449206,124113887
3449398,124118414
3449590,124122942
3449782,124127470
3449974,124131997
3450166,124136525
3450358,124141053
3450550,124145580
3450742,124150108
3450934,124154635
3451126,124159163
3451318,124163691
3451510,124168218
3451702,124172746
3451894,124177274
3452086,124181801
3452278,124186329
3452470,124190856
3452662,124195384
3452854,124199912
3453046,124204439
3453238,124208967
3453430,124213495
3453622,124218022
3453814,124222550
3454006,124227077
3454198,124231605
3454390,124236133
3454582,124240660
3454774,124245188
3454966,124249716
3455158,124254243
3455350,124258771
3455542,124263299
3455734,124267826
3455926,124272354
3456118,124276881
3456310,124281409
3456502,124285937
3456694,124290464
3456886,124294992
3457078,124299520
3457270,124304047
3457462,124308575
3457654,124313102
3457846,124317630
3458038,124322158
3458230,124326685
3458422,124331213
3458614,124335741
3458806,124340268
3458998,124344796
3459190,124349323
3459382,124353851
3459574,124358379
3459766,124362906
3459958,124367434
3460150,124371962
3460342,124376489
3460534,124381017
3460726,124385544
3460918,124390072
3461110,124394600
3461302,124399127
3461494,124403655
3461686,124408183
3461878,124412710
3462070,124417238
3462262,124421765
3462454,124426293
3462646,124430821
3462838,124435348
3463030,124439876
3463222,124444404
3463414,124448931
3463606,124453459
3463798,124457987
3463990,124462514
3464182,124467042
3464374,124471569
3464566,124476097
3464758,124480625
3464950,124485152
3465142,124489680
3465334,124494208
3465526,124498735
3465718,124503263
3465910,124507790
3466102,124512318
3466294,124516846
3466486,124521373
3466678,124525901
3466870,124530429
3467062,124534956
3467254,124539484
3467446,124544011
3467638,124548539
3467830,124553067
3468022,124557594
3468214,124562122
3468406,124566650
3468598,124571177
3468790,124575705
3468982,124580232
3469174,124584760
3469366,124589288
3469558,124593815
3469750,124598343
3469942,124602871
3470134,124607398
3470326,124611926
3470518,124616453
3470710,124620981
3470902,124625509
3471094,124630036
3471286,124634564
3471478,124639092
3471670,124643619
3471862,124648147
3472054,124652675
3472246,124657202
3472438,124661730
3472630,124666257
3472822,124670785
3473014,124675313
3473206,124679840
3473398,124684368
3473590,124688896
3473782,124693423
3473974,124697951
3474166,124702478
3474358,124707006
3474550,124711534
3474742,124716061
3474934,124720589
3475126,124725117
3475318,124729644
3475510,124734172
3475702,124738699
3475894,124743227
3476086,124747755
3476278,124752282
3476470,124756810
3476662,124761338
3476854,124765865
3477046,124770393
3477238,124774920
3477430,124779448
3477622,124783976
3477814,124788503
3478006,124793031
3478198,124797559
3478390,124802086
3478582,124806614
3478774,124811141
3478966,124815669
3479158,124820197
3479350,124824724
3479542,124829252
3479734,124833780
3479926,124838307
3480118,124842835
3480310,124847362
3480502,124851890
3480694,124856418
3480886,124860945
3481078,124865473
3481270,124870001
3481462,124874528
3481654,124879056
3481846,124883584
3482038,124888111
3482230,124892639
3482422,124897166
3482614,124901694
3482806,124906222
3482998,124910749
3483190,124915277
3483382,124919805
3483574,124924332
3483766,124928860
3483958,124933387
3484150,124937915
3484342,124942443
3484534,124946970
3484726,124951498
3484918,124956026
3485110,124960553
3485302,124965081
3485494,124969608
3485686,124974136
3485878,124978664
3486070,124983191
3486262,124987719
3486454,124992247
3486646,124996774
3486838,125001302
3487030,125005829
3487222,125010357
3487414,125014885
3487606,125019412
3487798,125023940
3487990,125028468
3488182,125032995
3488374,125037523
3488566,125042050
3488758,125046578
3488950,125051106
3489142,125055633
3489334,125060161
3489526,125064689
3489718,125069216
3489910,125073744
3490102,125078271
3490294,125082799
3490486,125087327
3490678,125091854
3490870,125096382
3491062,125100910
3491254,125105437
3491446,125109965
3491638,125114492
3491830,125119020
3492022,125123548
3492214,125128075
3492406,125132603
3492598,125137131
3492790,125141658
3492982,125146186
3493174,125150714
3493366,125155241
3493558,125159769
3493750,125164296
3493942,125168824
3494134,125173352
3494326,125177879
3494518,125182407
3494710,125186935
3494902,125191462
3495094,125195990
3495286,125200517
3495478,125205045
3495670,125209573
3495862,125214100
3496054,125218628
3496246,125223156
3496438,125227683
3496630,125232211
3496822,125236738
3497014,125241266
3497206,125245794
3497398,125250321
3497590,125254849
3497782,125259377
3497974,125263904
3498166,125268432
3498358,125272959
3498550,125277487
3498742,125282015
3498934,125286542
3499126,125291070
3499318,125295598
3499510,125300125
3499702,125304653
3499894,125309180
3500086,125313708
3500278,125318236
3500470,125322763
3500662,125327291
3500854,125331819
3501046,125336346
3501238,125340874
3501430,125345401
3501622,125349929
3501814,125354457
3502006,125358984
3502198,125363512
3502390,125368040
3502582,125372567
3502774,125377095
3502966,125381622
3503158,125386150
3503350,125390678
3503542,125395205
3503734,125399733
3503926,125404261
3504118,125408788
3504310,125413316
3504502,125417844
3504694,125422371
3504886,125426899
3505078,125431426
3505270,125435954
3505462,125440482
3505654,125445009
3505846,125449537
3506038,125454065
3506230,125458592
3506422,125463120
3506614,125467647
3506806,125472175
3506998,125476703
3507190,125481230
3507382,125485758
3507574,125490286
3507766,125494813
3507958,125499341
3508150,125503868
3508342,125508396
3508534,125512924
3508726,125517451
3508918,125521979
3509110,125526507
3509302,125531034
3509494,125535562
3509686,125540089
3509878,125544617
3510070,125549145
3510262,125553672
3510454,125558200
3510646,125562728
3510838,125567255
3511030,125571783
3511222,125576310
3511414,125580838
3511606,125585366
3511798,125589893
3511990,125594421
3512182,125598949
3512374,125603476
3512566,125608004
3512758,125612531
3512950,125617059
3513142,125621587
3513334,125626114
3513526,125630642
3513718,125635170
3513910,125639697
3514102,125644225
3514294,125648752
3514486,125653280
3514678,125657808
3514870,125662335
3515062,125666863
3515254,125671391
3515446,125675918
3515638,125680446
3515830,125684973
3516022,125689501
3516214,125694029
3516406,125698556
3516598,125703084
3516790,125707612
3516982,125712139
3517174,125716667
3517366,125721194
3517558,125725722
3517750,125730250
3517942,125734777
3518134,125739305
3518326,125743833
3518518,125748360
3518710,125752888
3518902,125757415
3519094,125761943
3519286,125766471
3519478,125770998
3519670,125775526
3519862,125780054
3520054,125784581
3520246,125789109
3520438,125793636
3520630,125798164
3520822,125802692
3521014,125807219
3521206,125811747
3521398,125816275
3521590,125820802
3521782,125825330
3521974,125829857
3522166,125834385
3522358,125838913
3522550,125843440
3522742,125847968
3522934,125852496
3523126,125857023
3523318,125861551
3523510,125866078
3523702,125870606
3523894,125875134
3524086,125879661
3524278,125884189
3524470,125888717
3524662,125893244
3524854,125897772
3525046,125902300
3525238,125906827
3525430,125911355
3525622,125915882
3525814,125920410
3526006,125924938
3526198,125929465
3526390,125933993
3526582,125938521
3526774,125943048
3526966,125947576
3527158,125952103
3527350,125956631
3527542,125961159
3527734,125965686
3527926,125970214
3528118,125974742
3528310,125979269
3528502,125983797
3528694,125988324
3528886,125992852
3529078,125997380
3529270,126001907
3529462,126006435
3529654,126010963
3529846,126015490
3530038,126020018
3530230,126024545
3530422,126029073
3530614,126033601
3530806,126038128
3530998,126042656
3531190,126047184
3531382,126051711
3531574,126056239
3531766,126060766
3531958,126065294
3532150,126069822
3532342,126074349
3532534,126078877
3532726,126083405
3532918,126087932
3533110,126092460
3533302,126096987
3533494,126101515
3533686,126106043
3533878,126110570
3534070,126115098
3534262,126119626
3534454,126124153
3534646,126128681
3534838,126133208
3535030,126137736
3535222,126142264
3535414,126146791
3535606,126151319
3535798,126155847
3535990,126160374
3536182,126164902
3536374,126169429
3536566,126173957
3536758,126178485
3536950,126183012
3537142,126187540
3537334,126192068
3537526,126196595
3537718,126201123
3537910,126205650
3538102,126210178
3538294,126214706
3538486,126219233
3538678,126223761
3538870,126228289
3539062,126232816
3539254,126237344
3539446,126241871
3539638,126246399
3539830,126250927
3540022,126255454
3540214,126259982
3540406,126264510
3540598,126269037
3540790,126273565
3540982,126278092
3541174,126282620
3541366,126287148
3541558,126291675
3541750,126296203
3541942,126300731
3542134,126305258
3542326,126309786
3542518,126314313
3542710,126318841
3542902,126323369
3543094,126327896
3543286,126332424
3543478,126336952
3543670,126341479
3543862,126346007
3544054,126350534
3544246,126355062
3544438,126359590
3544630,126364117
3544822,126368645
3545014,126373173
3545206,126377700
3545398,126382228
3545590,126386755
3545782,126391283
3545974,126395811
3546166,126400338
3546358,126404866
3546550,126409394
3546742,126413921
3546934,126418449
3547126,126422976
3547318,126427504
3547510,126432032
3547702,126436559
3547894,126441087
3548086,126445615
3548278,126450142
3548470,126454670
3548662,126459197
3548854,126463725
3549046,126468253
3549238,126472780
3549430,126477308
3549622,126481836
3549814,126486363
3550006,126490891
3550198,126495418
3550390,126499946
3550582,126504474
3550774,126509001
3550966,126513529
3551158,126518057
3551350,126522584
3551542,126527112
3551734,126531639
3551926,126536167
3552118,126540695
3552310,126545222
3552502,126549750
3552694,126554278
3552886,126558805
3553078,126563333
3553270,126567860
3553462,126572388
3553654,126576916
3553846,126581443
3554038,126585971
3554230,126590499
3554422,126595026
3554614,126599554
3554806,126604081
3554998,126608609
3555190,126613137
3555382,126617664
3555574,126622192
3555766,126626720
3555958,126631247
3556150,126635775
3556342,126640302
3556534,126644830
3556726,126649358
3556918,126653885
3557110,126658413
3557302,126662941
3557494,126667468
3557686,126671996
3557878,126676523
3558070,126681051
3558262,126685579
3558454,126690106
3558646,126694634
3558838,126699162
3559030,126703689
3559222,126708217
3559414,126712744
3559606,126717272
3559798,126721800
3559990,126726327
3560182,126730855
3560374,126735383
3560566,126739910
3560758,126744438
3560950,126748965
3561142,126753493
3561334,126758021
3561526,126762548
3561718,126767076
3561910,126771604
3562102,126776131
3562294,126780659
3562486,126785186
3562678,126789714
3562870,126794242
3563062,126798769
3563254,126803297
3563446,126807825
3563638,126812352
3563830,126816880
3564022,126821407
3564214,126825935
3564406,126830463
3564598,126834990
3564790,126839518
3564982,126844046
3565174,126848573
3565366,126853101
3565558,126857628
3565750,126862156
3565942,126866684
3566134,126871211
3566326,126875739
3566518,126880267
3566710,126884794
3566902,126889322
3567094,126893849
3567286,126898377
3567478,126902905
3567670,126907432
3567862,126911960
3568054,126916488
3568246,126921015
3568438,126925543
3568630,126930070
3568822,126934598
3569014,126939126
3569206,126943653
3569398,126948181
3569590,126952709
3569782,126957236
3569974,126961764
3570166,126966291
3570358,126970819
3570550,126975347
3570742,126979874
3570934,126984402
3571126,126988930
3571318,126993457
3571510,126997985
3571702,127002512
3571894,127007040
3572086,127011568
3572278,127016095
3572470,127020623
3572662,127025151
3572854,127029678
3573046,127034206
3573238,127038733
3573430,127043261
3573622,127047789
3573814,127052316
3574006,127056844
3574198,127061372
3574390,127065899
3574582,127070427
3574774,127074954
3574966,127079482
3575158,127084010
3575350,127088537
3575542,127093065
3575734,127097592
3575926,127102120
3576118,127106648
3576310,127111175
3576502,127115703
3576694,127120231
3576886,127124758
3577078,127129286
3577270,127133813
3577462,127138341
3577654,127142869
3577846,127147396
3578038,127151924
3578230,127156452
3578422,127160979
3578614,127165507
3578806,127170034
3578998,127174562
3579190,127179090
3579382,127183617
3579574,127188145
3579766,127192673
3579958,127197200
3580150,127201728
3580342,127206255
3580534,127210783
3580726,127215311
3580918,127219838
3581110,127224366
3581302,127228894
3581494,127233421
3581686,127237949
3581878,127242476
3582070,127247004
3582262,127251532
3582454,127256059
3582646,127260587
3582838,127265115
3583030,127269642
3583222,127274170
3583414,127278697
3583606,127283225
3583798,127287753
3583990,127292280
3584182,127296808
3584374,127301336
3584566,127305863
3584758,127310391
3584950,127314918
3585142,127319446
3585334,127323974
3585526,127328501
3585718,127333029
3585910,127337557
3586102,127342084
3586294,127346612
3586486,127351139
3586678,127355667
3586870,127360195
3587062,127364722
3587254,127369250
3587446,127373778
3587638,127378305
3587830,127382833
3588022,127387360
3588214,127391888
3588406,127396416
3588598,127400943
3588790,127405471
3588982,127409999
3589174,127414526
3589366,127419054
3589558,127423581
3589750,127428109
3589942,127432637
3590134,127437164
3590326,127441692
3590518,127446220
3590710,127450747
3590902,127455275
3591094,127459802
3591286,127464330
3591478,127468858
3591670,127473385
3591862,127477913
3592054,127482441
3592246,127486968
3592438,127491496
3592630,127496023
3592822,127500551
3593014,127505079
3593206,127509606
3593398,127514134
3593590,127518662
3593782,127523189
3593974,127527717
3594166,127532244
3594358,127536772
3594550,127541300
3594742,127545827
3594934,127550355
3595126,127554883
3595318,127559410
3595510,127563938
3595702,127568465
3595894,127572993
3596086,127577521
3596278,127582048
3596470,127586576
3596662,127591104
3596854,127595631
3597046,127600159
3597238,127604686
3597430,127609214
3597622,127613742
3597814,127618269
3598006,127622797
3598198,127627325
3598390,127631852
3598582,127636380
3598774,127640907
3598966,127645435
3599158,127649963
3599350,127654490
3599542,127659018
3599734,127663546
3599926,127668073
3600118,127672601
3600310,127677128
3600502,127681656
3600694,127686184
3600886,127690711
3601078,127695239
3601270,127699767
3601462,127704294
3601654,127708822
3601846,127713349
3602038,127717877
3602230,127722405
3602422,127726932
3602614,127731460
3602806,127735988
3602998,127740515
3603190,127745043
3603382,127749570
3603574,127754098
3603766,127758626
3603958,127763153
3604150,127767681
3604342,127772209
3604534,127776736
3604726,127781264
3604918,127785791
3605110,127790319
3605302,127794847
3605494,127799374
3605686,127803902
3605878,127808430
3606070,127812957
3606262,127817485
3606454,127822012
3606646,127826540
3606838,127831068
3607030,127835595
3607222,127840123
3607414,127844651
3607606,127849178
3607798,127853706
3607990,127858233
3608182,127862761
3608374,127867289
3608566,127871816
3608758,127876344
3608950,127880872
3609142,127885399
3609334,127889927
3609526,127894454
3609718,127898982
3609910,127903510
3610102,127908037
3610294,127912565
3610486,127917093
3610678,127921620
3610870,127926148
3611062,127930675
3611254,127935203
3611446,127939731
3611638,127944258
3611830,127948786
3612022,127953314
3612214,127957841
3612406,127962369
3612598,127966896
3612790,127971424
3612982,127975952
3613174,127980479
3613366,127985007
3613558,127989535
3613750,127994062
3613942,127998590
3614134,128003117
3614326,128007645
3614518,128012173
3614710,128016700
3614902,128021228
3615094,128025756
3615286,128030283
3615478,128034811
3615670,128039338
3615862,128043866
3616054,128048394
3616246,128052921
3616438,128057449
3616630,128061977
3616822,128066504
3617014,128071032
3617206,128075559
3617398,128080087
3617590,128084615
3617782,128089142
3617974,128093670
3618166,128098198
3618358,128102725
3618550,128107253
3618742,128111780
3618934,128116308
3619126,128120836
3619318,128125363
3619510,128129891
3619702,128134419
3619894,128138946
3620086,128143474
3620278,128148001
3620470,128152529
3620662,128157057
3620854,128161584
3621046,128166112
3621238,128170640
3621430,128175167
3621622,128179695
3621814,128184222
3622006,128188750
3622198,128193278
3622390,128197805
3622582,128202333
3622774,128206861
3622966,128211388
3623158,128215916
3623350,128220443
3623542,128224971
3623734,128229499
3623926,128234026
3624118,128238554
3624310,128243082
3624502,128247609
3624694,128252137
3624886,128256664
3625078,128261192
3625270,128265720
3625462,128270247
3625654,128274775
3625846,128279303
3626038,128283830
3626230,128288358
3626422,128292885
3626614,128297413
3626806,128301941
3626998,128306468
3627190,128310996
3627382,128315524
3627574,128320051
3627766,128324579
3627958,128329106
3628150,128333634
3628342,128338162
3628534,128342689
3628726,128347217
3628918,128351745
3629110,128356272
3629302,128360800
3629494,128365327
3629686,128369855
3629878,128374383
3630070,128378910
3630262,128383438
3630454,128387966
3630646,128392493
3630838,128397021
3631030,128401548
3631222,128406076
3631414,128410604
3631606,128415131
3631798,128419659
3631990,128424187
3632182,128428714
3632374,128433242
3632566,128437769
3632758,128442297
3632950,128446825
3633142,128451352
3633334,128455880
3633526,128460408
3633718,128464935
3633910,128469463
3634102,128473990
3634294,128478518
3634486,128483046
3634678,128487573
3634870,128492101
3635062,128496629
3635254,128501156
3635446,128505684
3635638,128510211
3635830,128514739
3636022,128519267
3636214,128523794
3636406,128528322
3636598,128532850
3636790,128537377
3636982,128541905
3637174,128546433
3637366,128550960
3637558,128555488
3637750,128560015
3637942,128564543
3638134,128569071
3638326,128573598
3638518,128578126
3638710,128582654
3638902,128587181
3639094,128591709
3639286,128596236
3639478,128600764
3639670,128605292
3639862,128609819
3640054,128614347
3640246,128618875
3640438,128623402
3640630,128627930
3640822,128632457
3641014,128636985
3641206,128641513
3641398,128646040
3641590,128650568
3641782,128655096
3641974,128659623
3642166,128664151
3642358,128668678
3642550,128673206
3642742,128677734
3642934,128682261
3643126,128686789
3643318,128691317
3643510,128695844
3643702,128700372
3643894,128704899
3644086,128709427
3644278,128713955
3644470,128718482
3644662,128723010
3644854,128727538
3645046,128732065
3645238,128736593
3645430,128741120
3645622,128745648
3645814,128750176
3646006,128754703
3646198,128759231
3646390,128763759
3646582,128768286
3646774,128772814
3646966,128777341
3647158,128781869
3647350,128786397
3647542,128790924
3647734,128795452
3647926,128799980
3648118,128804507
3648310,128809035
3648502,128813562
3648694,128818090
3648886,128822618
3649078,128827145
3649270,128831673
3649462,128836201
3649654,128840728
3649846,128845256
3650038,128849783
3650230,128854311
3650422,128858839
3650614,128863366
3650806,128867894
3650998,128872422
3651190,128876949
3651382,128881477
3651574,128886004
3651766,128890532
3651958,128895060
3652150,128899587
3652342,128904115
3652534,128908643
3652726,128913170
3652918,128917698
3653110,128922225
3653302,128926753
3653494,128931281
3653686,128935808
3653878,128940336
3654070,128944864
3654262,128949391
3654454,128953919
3654646,128958446
3654838,128962974
3655030,128967502
3655222,128972029
3655414,128976557
3655606,128981085
3655798,128985612
3655990,128990140
3656182,128994667
3656374,128999195
3656566,129003723
3656758,129008250
3656950,129012778
3657142,129017306
3657334,129021833
3657526,129026361
3657718,129030888
3657910,129035416
3658102,129039944
3658294,129044471
3658486,129048999
3658678,129053527
3658870,129058054
3659062,129062582
3659254,129067109
3659446,129071637
3659638,129076165
3659830,129080692
3660022,129085220
3660214,129089748
3660406,129094275
3660598,129098803
3660790,129103330
3660982,129107858
3661174,129112386
3661366,129116913
3661558,129121441
3661750,129125969
3661942,129130496
3662134,129135024
3662326,129139551
3662518,129144079
3662710,129148607
3662902,129153134
3663094,129157662
3663286,129162190
3663478,129166717
3663670,129171245
3663862,129175772
3664054,129180300
3664246,129184828
3664438,129189355
3664630,129193883
3664822,129198411
3665014,129202938
3665206,129207466
3665398,129211993
3665590,129216521
3665782,129221049
3665974,129225576
3666166,129230104
3666358,129234632
3666550,129239159
3666742,129243687
3666934,129248214
3667126,129252742
3667318,129257270
3667510,129261797
3667702,129266325
3667894,129270853
3668086,129275380
3668278,129279908
3668470,129284435
3668662,129288963
3668854,129293491
3669046,129298018
3669238,129302546
3669430,129307074
3669622,129311601
3669814,129316129
3670006,129320656
3670198,129325184
3670390,129329712
3670582,129334239
3670774,129338767
3670966,129343295
3671158,129347822
3671350,129352350
3671542,129356877
3671734,129361405
3671926,129365933
3672118,129370460
3672310,129374988
3672502,129379516
3672694,129384043
3672886,129388571
3673078,129393098
3673270,129397626
3673462,129402154
3673654,129406681
3673846,129411209
3674038,129415737
3674230,129420264
3674422,129424792
3674614,129429319
3674806,129433847
3674998,129438375
3675190,129442902
3675382,129447430
3675574,129451958
3675766,129456485
3675958,129461013
3676150,129465540
3676342,129470068
3676534,129474596
3676726,129479123
3676918,129483651
3677110,129488179
3677302,129492706
3677494,129497234
3677686,129501761
3677878,129506289
3678070,129510817
3678262,129515344
3678454,129519872
3678646,129524400
3678838,129528927
3679030,129533455
3679222,129537982
3679414,129542510
3679606,129547038
3679798,129551565
3679990,129556093
3680182,129560621
3680374,129565148
3680566,129569676
3680758,129574203
3680950,129578731
3681142,129583259
3681334,129587786
3681526,129592314
3681718,129596842
3681910,129601369
3682102,129605897
3682294,129610424
3682486,129614952
3682678,129619480
3682870,129624007
3683062,129628535
3683254,129633063
3683446,129637590
3683638,129642118
3683830,129646645
3684022,129651173
3684214,129655701
3684406,129660228
3684598,129664756
3684790,129669284
3684982,129673811
3685174,129678339
3685366,129682866
3685558,129687394
3685750,129691922
3685942,129696449
3686134,129700977
3686326,129705505
3686518,129710032
3686710,129714560
3686902,129719087
3687094,129723615
3687286,129728143
3687478,129732670
3687670,129737198
3687862,129741726
3688054,129746253
3688246,129750781
3688438,129755308
3688630,129759836
3688822,129764364
3689014,129768891
3689206,129773419
3689398,129777947
3689590,129782474
3689782,129787002
3689974,129791529
3690166,129796057
3690358,129800585
3690550,129805112
3690742,129809640
3690934,129814168
3691126,129818695
3691318,129823223
3691510,129827750
3691702,129832278
3691894,129836806
3692086,129841333
3692278,129845861
3692470,129850389
3692662,129854916
3692854,129859444
3693046,129863971
3693238,129868499
3693430,129873027
3693622,129877554
3693814,129882082
3694006,129886610
3694198,129891137
3694390,129895665
3694582,129900192
3694774,129904720
3694966,129909248
3695158,129913775
3695350,129918303
3695542,129922831
3695734,129927358
3695926,129931886
3696118,129936413
3696310,129940941
3696502,129945469
3696694,129949996
3696886,129954524
3697078,129959052
3697270,129963579
3697462,129968107
3697654,129972634
3697846,129977162
3698038,129981690
3698230,129986217
3698422,129990745
3698614,129995273
3698806,129999800
3698998,130004328
3699190,130008855
3699382,130013383
3699574,130017911
3699766,130022438
3699958,130026966
3700150,130031494
3700342,130036021
3700534,130040549
3700726,130045076
3700918,130049604
3701110,130054132
3701302,130058659
3701494,130063187
3701686,130067715
3701878,130072242
3702070,130076770
3702262,130081297
3702454,130085825
3702646,130090353
3702838,130094880
3703030,130099408
3703222,130103936
3703414,130108463
3703606,130112991
3703798,130117518
3703990,130122046
3704182,130126574
3704374,130131101
3704566,130135629
3704758,130140157
3704950,130144684
3705142,130149212
3705334,130153739
3705526,130158267
3705718,130162795
3705910,130167322
3706102,130171850
3706294,130176378
3706486,130180905
3706678,130185433
3706870,130189960
3707062,130194488
3707254,130199016
3707446,130203543
3707638,130208071
3707830,130212599
3708022,130217126
3708214,130221654
3708406,130226181
3708598,130230709
3708790,130235237
3708982,130239764
3709174,130244292
3709366,130248820
3709558,130253347
3709750,130257875
3709942,130262402
3710134,130266930
3710326,130271458
3710518,130275985
3710710,130280513
3710902,130285041
3711094,130289568
3711286,130294096
3711478,130298623
3711670,130303151
3711862,130307679
3712054,130312206
3712246,130316734
3712438,130321262
3712630,130325789
3712822,130330317
3713014,130334844
3713206,130339372
3713398,130343900
3713590,130348427
3713782,130352955
3713974,130357483
3714166,130362010
3714358,130366538
3714550,130371065
3714742,130375593
3714934,130380121
3715126,130384648
3715318,130389176
3715510,130393704
3715702,130398231
3715894,130402759
3716086,130407286
3716278,130411814
3716470,130416342
3716662,130420869
3716854,130425397
3717046,130429925
3717238,130434452
3717430,130438980
3717622,130443507
3717814,130448035
3718006,130452563
3718198,130457090
3718390,130461618
3718582,130466146
3718774,130470673
3718966,130475201
3719158,130479729
3719350,130484256
3719542,130488784
3719734,130493311
3719926,130497839
3720118,130502367
3720310,130506894
3720502,130511422
3720694,130515950
3720886,130520477
3721078,130525005
3721270,130529532
3721462,130534060
3721654,130538588
3721846,130543115
3722038,130547643
3722230,130552171
3722422,130556698
3722614,130561226
3722806,130565753
3722998,130570281
3723190,130574809
3723382,130579336
3723574,130583864
3723766,130588392
3723958,130592919
3724150,130597447
3724342,130601974
3724534,130606502
3724726,130611030
3724918,130615557
3725110,130620085
3725302,130624613
3725494,130629140
3725686,130633668
3725878,130638195
3726070,130642723
3726262,130647251
3726454,130651778
3726646,130656306
3726838,130660834
3727030,130665361
3727222,130669889
3727414,130674416
3727606,130678944
3727798,130683472
3727990,130687999
3728182,130692527
3728374,130697055
3728566,130701582
3728758,130706110
3728950,130710637
3729142,130715165
3729334,130719693
3729526,130724220
3729718,130728748
3729910,130733276
3730102,130737803
3730294,130742331
3730486,130746858
3730678,130751386
3730870,130755914
3731062,130760441
3731254,130764969
3731446,130769497
3731638,130774024
3731830,130778552
3732022,130783080
3732214,130787607
3732406,130792135
3732598,130796662
3732790,130801190
3732982,130805718
3733174,130810245
3733366,130814773
3733558,130819301
3733750,130823828
3733942,130828356
3734134,130832883
3734326,130837411
3734518,130841939
3734710,130846466
3734902,130850994
3735094,130855522
3735286,130860049
3735478,130864577
3735670,130869104
3735862,130873632
3736054,130878160
3736246,130882687
3736438,130887215
3736630,130891743
3736822,130896270
3737014,130900798
3737206,130905325
3737398,130909853
3737590,130914381
3737782,130918908
3737974,130923436
3738166,130927964
3738358,130932491
3738550,130937019
3738742,130941546
3738934,130946074
3739126,130950602
3739318,130955129
3739510,130959657
3739702,130964185
3739894,130968712
3740086,130973240
3740278,130977767
3740470,130982295
3740662,130986823
3740854,130991350
3741046,130995878
3741238,131000406
3741430,131004933
3741622,131009461
3741814,131013989
3742006,131018516
3742198,131023044
3742390,131027571
3742582,131032099
3742774,131036627
3742966,131041154
3743158,131045682
3743350,131050210
3743542,131054737
3743734,131059265
3743926,131063792
3744118,131068320
3744310,131072848
3744502,131077375
3744694,131081903
3744886,131086431
3745078,131090958
3745270,131095486
3745462,131100013
3745654,131104541
3745846,131109069
3746038,131113596
3746230,131118124
3746422,131122652
3746614,131127179
3746806,131131707
3746998,131136234
3747190,131140762
3747382,131145290
3747574,131149817
3747766,131154345
3747958,131158873
3748150,131163400
3748342,131167928
3748534,131172455
3748726,131176983
3748918,131181511
3749110,131186038
3749302,131190566
3749494,131195094
3749686,131199621
3749878,131204149
3750070,131208677
3750262,131213204
3750454,131217732
3750646,131222259
3750838,131226787
3751030,131231315
3751222,131235842
3751414,131240370
3751606,131244898
3751798,131249425
3751990,131253953
3752182,131258480
3752374,131263008
3752566,131267536
3752758,131272063
3752950,131276591
3753142,131281119
3753334,131285646
3753526,131290174
3753718,131294701
3753910,131299229
3754102,131303757
3754294,131308284
3754486,131312812
3754678,131317340
3754870,131321867
3755062,131326395
3755254,131330922
3755446,131335450
3755638,131339978
3755830,131344505
3756022,131349033
3756214,131353561
3756406,131358088
3756598,131362616
3756790,131367144
3756982,131371671
3757174,131376199
3757366,131380726
3757558,131385254
3757750,131389782
3757942,131394309
3758134,131398837
3758326,131403365
3758518,131407892
3758710,131412420
3758902,131416947
3759094,131421475
3759286,131426003
3759478,131430530
3759670,131435058
3759862,131439586
3760054,131444113
3760246,131448641
3760438,131453168
3760630,131457696
3760822,131462224
3761014,131466751
3761206,131471279
3761398,131475807
3761590,131480334
3761782,131484862
3761974,131489389
3762166,131493917
3762358,131498445
3762550,131502972
3762742,131507500
3762934,131512028
3763126,131516555
3763318,131521083
3763510,131525610
3763702,131530138
3763894,131534666
3764086,131539193
3764278,131543721
3764470,131548249
3764662,131552776
3764854,131557304
3765046,131561832
3765238,131566359
3765430,131570887
3765622,131575414
3765814,131579942
3766006,131584470
3766198,131588997
3766390,131593525
3766582,131598053
3766774,131602580
3766966,131607108
3767158,131611635
3767350,131616163
3767542,131620691
3767734,131625218
3767926,131629746
3768118,131634274
3768310,131638801
3768502,131643329
3768694,131647856
3768886,131652384
3769078,131656912
3769270,131661439
3769462,131665967
3769654,131670495
3769846,131675022
3770038,131679550
3770230,131684077
3770422,131688605
3770614,131693133
3770806,131697660
3770998,131702188
3771190,131706716
3771382,131711243
3771574,131715771
3771766,131720299
3771958,131724826
3772150,131729354
3772342,131733881
3772534,131738409
3772726,131742937
3772918,131747464
3773110,131751992
3773302,131756520
3773494,131761047
3773686,131765575
3773878,131770102
3774070,131774630
3774262,131779158
3774454,131783685
3774646,131788213
3774838,131792741
3775030,131797268
3775222,131801796
3775414,131806323
3775606,131810851
3775798,131815379
3775990,131819906
3776182,131824434
3776374,131828962
3776566,131833489
3776758,131838017
3776950,131842544
3777142,131847072
3777334,131851600
3777526,131856127
3777718,131860655
3777910,131865183
3778102,131869710
3778294,131874238
3778486,131878765
3778678,131883293
3778870,131887821
3779062,131892348
3779254,131896876
3779446,131901404
3779638,131905931
3779830,131910459
3780022,131914987
3780214,131919514
3780406,131924042
3780598,131928569
3780790,131933097
3780982,131937625
3781174,131942152
3781366,131946680
3781558,131951208
3781750,131955735
3781942,131960263
3782134,131964790
3782326,131969318
3782518,131973846
3782710,131978373
3782902,131982901
3783094,131987429
3783286,131991956
3783478,131996484
3783670,132001011
3783862,132005539
3784054,132010067
3784246,132014594
3784438,132019122
3784630,132023650
3784822,132028177
3785014,132032705
3785206,132037232
3785398,132041760
3785590,132046288
3785782,132050815
3785974,132055343
3786166,132059871
3786358,132064398
3786550,132068926
3786742,132073454
3786934,132077981
3787126,132082509
3787318,132087036
3787510,132091564
3787702,132096092
3787894,132100619
3788086,132105147
3788278,132109675
3788470,132114202
3788662,132118730
3788854,132123257
3789046,132127785
3789238,132132313
3789430,132136840
3789622,132141368
3789814,132145896
3790006,132150423
3790198,132154951
3790390,132159478
3790582,132164006
3790774,132168534
3790966,132173061
3791158,132177589
3791350,132182117
3791542,132186644
3791734,132191172
3791926,132195699
3792118,132200227
3792310,132204755
3792502,132209282
3792694,132213810
3792886,132218338
3793078,132222865
3793270,132227393
3793462,132231920
3793654,132236448
3793846,132240976
3794038,132245503
3794230,132250031
3794422,132254559
3794614,132259086
3794806,132263614
3794998,132268142
3795190,132272669
3795382,132277197
3795574,132281724
3795766,132286252
3795958,132290780
3796150,132295307
3796342,132299835
3796534,132304363
3796726,132308890
3796918,132313418
3797110,132317945
3797302,132322473
3797494,132327001
3797686,132331528
3797878,132336056
3798070,132340584
3798262,132345111
3798454,132349639
3798646,132354166
3798838,132358694
3799030,132363222
3799222,132367749
3799414,132372277
3799606,132376805
3799798,132381332
3799990,132385860
3800182,132390387
3800374,132394915
3800566,132399443
3800758,132403970
3800950,132408498
3801142,132413026
3801334,132417553
3801526,132422081
3801718,132426608
3801910,132431136
3802102,132435664
3802294,132440191
3802486,132444719
3802678,132449247
3802870,132453774
3803062,132458302
3803254,132462830
3803446,132467357
3803638,132471885
3803830,132476412
3804022,132480940
3804214,132485468
3804406,132489995
3804598,132494523
3804790,132499051
3804982,132503578
3805174,132508106
3805366,132512633
3805558,132517161
3805750,132521689
3805942,132526216
3806134,132530744
3806326,132535272
3806518,132539799
3806710,132544327
3806902,132548854
3807094,132553382
3807286,132557910
3807478,132562437
3807670,132566965
3807862,132571493
3808054,132576020
3808246,132580548
3808438,132585075
3808630,132589603
3808822,132594131
3809014,132598658
3809206,132603186
3809398,132607714
3809590,132612241
3809782,132616769
3809974,132621296
3810166,132625824
3810358,132630352
3810550,132634879
3810742,132639407
3810934,132643935
3811126,132648462
3811318,132652990
3811510,132657517
3811702,132662045
3811894,132666573
3812086,132671100
3812278,132675628
3812470,132680156
3812662,132684683
3812854,132689211
3813046,132693738
3813238,132698266
3813430,132702794
3813622,132707321
3813814,132711849
3814006,132716377
3814198,132720904
3814390,132725432
3814582,132729960
3814774,132734487
3814966,132739015
3815158,132743542
3815350,132748070
3815542,132752598
3815734,132757125
3815926,132761653
3816118,132766181
3816310,132770708
3816502,132775236
3816694,132779763
3816886,132784291
3817078,132788819
3817270,132793346
3817462,132797874
3817654,132802402
3817846,132806929
3818038,132811457
3818230,132815984
3818422,132820512
3818614,132825040
3818806,132829567
3818998,132834095
3819190,132838623
3819382,132843150
3819574,132847678
3819766,132852205
3819958,132856733
3820150,132861261
3820342,132865788
3820534,132870316
3820726,132874844
3820918,132879371
3821110,132883899
3821302,132888426
3821494,132892954
3821686,132897482
3821878,132902009
3822070,132906537
3822262,132911065
3822454,132915592
3822646,132920120
3822838,132924647
3823030,132929175
3823222,132933703
3823414,132938230
3823606,132942758
3823798,132947286
3823990,132951813
3824182,132956341
3824374,132960869
3824566,132965396
3824758,132969924
3824950,132974451
3825142,132978979
3825334,132983507
3825526,132988034
3825718,132992562
3825910,132997090
3826102,133001617
3826294,133006145
3826486,133010672
3826678,133015200
3826870,133019728
3827062,133024255
3827254,133028783
3827446,133033311
3827638,133037838
3827830,133042366
3828022,133046893
3828214,133051421
3828406,133055949
3828598,133060476
3828790,133065004
3828982,133069532
3829174,133074059
3829366,133078587
3829558,133083114
3829750,133087642
3829942,133092170
3830134,133096697
3830326,133101225
3830518,133105753
3830710,133110280
3830902,133114808
3831094,133119335
3831286,133123863
3831478,133128391
3831670,133132918
3831862,133137446
3832054,133141974
3832246,133146501
3832438,133151029
3832630,133155556
3832822,133160084
3833014,133164612
3833206,133169139
3833398,133173667
3833590,133178195
3833782,133182722
3833974,133187250
3834166,133191777
3834358,133196305
3834550,133200833
3834742,133205360
3834934,133209888
3835126,133214416
3835318,133218943
3835510,133223471
3835702,133227998
3835894,133232526
3836086,133237054
3836278,133241581
3836470,133246109
3836662,133250637
3836854,133255164
3837046,133259692
3837238,133264220
3837430,133268747
3837622,133273275
3837814,133277802
3838006,133282330
3838198,133286858
3838390,133291385
3838582,133295913
3838774,133300441
3838966,133304968
3839158,133309496
3839350,133314023
3839542,133318551
3839734,133323079
3839926,133327606
3840118,133332134
3840310,133336662
3840502,133341189
3840694,133345717
3840886,133350244
3841078,133354772
3841270,133359300
3841462,133363827
3841654,133368355
3841846,133372883
3842038,133377410
3842230,133381938
3842422,133386465
3842614,133390993
3842806,133395521
3842998,133400048
3843190,133404576
3843382,133409104
3843574,133413631
3843766,133418159
3843958,133422686
3844150,133427214
3844342,133431742
3844534,133436269
3844726,133440797
3844918,133445325
3845110,133449852
3845302,133454380
3845494,133458907
3845686,133463435
3845878,133467963
3846070,133472490
3846262,133477018
3846454,133481546
3846646,133486073
3846838,133490601
3847030,133495128
3847222,133499656
3847414,133504184
3847606,133508711
3847798,133513239
3847990,133517767
3848182,133522294
3848374,133526822
3848566,133531349
3848758,133535877
3848950,133540405
3849142,133544932
3849334,133549460
3849526,133553988
3849718,133558515
3849910,133563043
3850102,133567570
3850294,133572098
3850486,133576626
3850678,133581153
3850870,133585681
3851062,133590209
3851254,133594736
3851446,133599264
3851638,133603791
3851830,133608319
3852022,133612847
3852214,133617374
3852406,133621902
3852598,133626430
3852790,133630957
3852982,133635485
3853174,133640013
3853366,133644540
3853558,133649068
3853750,133653595
3853942,133658123
3854134,133662651
3854326,133667178
3854518,133671706
3854710,133676234
3854902,133680761
3855094,133685289
3855286,133689816
3855478,133694344
3855670,133698872
3855862,133703399
3856054,133707927
3856246,133712455
3856438,133716982
3856630,133721510
3856822,133726037
3857014,133730565
3857206,133735093
3857398,133739620
3857590,133744148
3857782,133748676
3857974,133753203
3858166,133757731
3858358,133762258
3858550,133766786
3858742,133771314
3858934,133775841
3859126,133780369
3859318,133784897
3859510,133789424
3859702,133793952
3859894,133798479
3860086,133803007
3860278,133807535
3860470,133812062
3860662,133816590
3860854,133821118
3861046,133825645
3861238,133830173
3861430,133834700
3861622,133839228
3861814,133843756
3862006,133848283
3862198,133852811
3862390,133857339
3862582,133861866
3862774,133866394
3862966,133870921
3863158,133875449
3863350,133879977
3863542,133884504
3863734,133889032
3863926,133893560
3864118,133898087
3864310,133902615
3864502,133907142
3864694,133911670
3864886,133916198
3865078,133920725
3865270,133925253
3865462,133929781
3865654,133934308
3865846,133938836
3866038,133943363
3866230,133947891
3866422,133952419
3866614,133956946
3866806,133961474
3866998,133966002
3867190,133970529
3867382,133975057
3867574,133979584
3867766,133984112
3867958,133988640
3868150,133993167
3868342,133997695
3868534,134002223
3868726,134006750
3868918,134011278
3869110,134015805
3869302,134020333
3869494,134024861
3869686,134029388
3869878,134033916
3870070,134038444
3870262,134042971
3870454,134047499
3870646,134052026
3870838,134056554
3871030,134061082
3871222,134065609
3871414,134070137
3871606,134074665
3871798,134079192
3871990,134083720
3872182,134088247
3872374,134092775
3872566,134097303
3872758,134101830
3872950,134106358
3873142,134110886
3873334,134115413
3873526,134119941
3873718,134124468
3873910,134128996
3874102,134133524
3874294,134138051
3874486,134142579
3874678,134147107
3874870,134151634
3875062,134156162
3875254,134160689
3875446,134165217
3875638,134169745
3875830,134174272
3876022,134178800
3876214,134183328
3876406,134187855
3876598,134192383
3876790,134196910
3876982,134201438
3877174,134205966
3877366,134210493
3877558,134215021
3877750,134219549
3877942,134224076
3878134,134228604
3878326,134233131
3878518,134237659
3878710,134242187
3878902,134246714
3879094,134251242
3879286,134255770
3879478,134260297
3879670,134264825
3879862,134269352
3880054,134273880
3880246,134278408
3880438,134282935
3880630,134287463
3880822,134291991
3881014,134296518
3881206,134301046
3881398,134305573
3881590,134310101
3881782,134314629
3881974,134319156
3882166,134323684
3882358,134328212
3882550,134332739
3882742,134337267
3882934,134341795
3883126,134346322
3883318,134350850
3883510,134355377
3883702,134359905
3883894,134364433
3884086,134368960
3884278,134373488
3884470,134378016
3884662,134382543
3884854,134387071
3885046,134391598
3885238,134396126
3885430,134400654
3885622,134405181
3885814,134409709
3886006,134414237
3886198,134418764
3886390,134423292
3886582,134427819
3886774,134432347
3886966,134436875
3887158,134441402
3887350,134445930
3887542,134450458
3887734,134454985
3887926,134459513
3888118,134464040
3888310,134468568
3888502,134473096
3888694,134477623
3888886,134482151
3889078,134486679
3889270,134491206
3889462,134495734
3889654,134500261
3889846,134504789
3890038,134509317
3890230,134513844
3890422,134518372
3890614,134522900
3890806,134527427
3890998,134531955
3891190,134536482
3891382,134541010
3891574,134545538
3891766,134550065
3891958,134554593
3892150,134559121
3892342,134563648
3892534,134568176
3892726,134572703
3892918,134577231
3893110,134581759
3893302,134586286
3893494,134590814
3893686,134595342
3893878,134599869
3894070,134604397
3894262,134608924
3894454,134613452
3894646,134617980
3894838,134622507
3895030,134627035
3895222,134631563
3895414,134636090
3895606,134640618
3895798,134645145
3895990,134649673
3896182,134654201
3896374,134658728
3896566,134663256
3896758,134667784
3896950,134672311
3897142,134676839
3897334,134681366
3897526,134685894
3897718,134690422
3897910,134694949
3898102,134699477
3898294,134704005
3898486,134708532
3898678,134713060
3898870,134717587
3899062,134722115
3899254,134726643
3899446,134731170
3899638,134735698
3899830,134740226
3900022,134744753
3900214,134749281
3900406,134753808
3900598,134758336
3900790,134762864
3900982,134767391
3901174,134771919
3901366,134776447
3901558,134780974
3901750,134785502
3901942,134790030
3902134,134794557
3902326,134799085
3902518,134803612
3902710,134808140
3902902,134812668
3903094,134817195
3903286,134821723
3903478,134826251
3903670,134830778
3903862,134835306
3904054,134839833
3904246,134844361
3904438,134848889
3904630,134853416
3904822,134857944
3905014,134862472
3905206,134866999
3905398,134871527
3905590,134876054
3905782,134880582
3905974,134885110
3906166,134889637
3906358,134894165
3906550,134898693
3906742,134903220
3906934,134907748
3907126,134912275
3907318,134916803
3907510,134921331
3907702,134925858
3907894,134930386
3908086,134934914
3908278,134939441
3908470,134943969
3908662,134948496
3908854,134953024
3909046,134957552
3909238,134962079
3909430,134966607
3909622,134971135
3909814,134975662
3910006,134980190
3910198,134984717
3910390,134989245
3910582,134993773
3910774,134998300
3910966,135002828
3911158,135007356
3911350,135011883
3911542,135016411
3911734,135020938
3911926,135025466
3912118,135029994
3912310,135034521
3912502,135039049
3912694,135043577
3912886,135048104
3913078,135052632
3913270,135057159
3913462,135061687
3913654,135066215
3913846,135070742
3914038,135075270
3914230,135079798
3914422,135084325
3914614,135088853
3914806,135093380
3914998,135097908
3915190,135102436
3915382,135106963
3915574,135111491
3915766,135116019
3915958,135120546
3916150,135125074
3916342,135129601
3916534,135134129
3916726,135138657
3916918,135143184
3917110,135147712
3917302,135152240
3917494,135156767
3917686,135161295
3917878,135165822
3918070,135170350
3918262,135174878
3918454,135179405
3918646,135183933
3918838,135188461
3919030,135192988
3919222,135197516
3919414,135202043
3919606,135206571
3919798,135211099
3919990,135215626
3920182,135220154
3920374,135224682
3920566,135229209
3920758,135233737
3920950,135238264
3921142,135242792
3921334,135247320
3921526,135251847
3921718,135256375
3921910,135260903
3922102,135265430
3922294,135269958
3922486,135274486
3922678,135279013
3922870,135283541
3923062,135288068
3923254,135292596
3923446,135297124
3923638,135301651
3923830,135306179
3924022,135310707
3924214,135315234
3924406,135319762
3924598,135324289
3924790,135328817
3924982,135333345
3925174,135337872
3925366,135342400
3925558,135346928
3925750,135351455
3925942,135355983
3926134,135360510
3926326,135365038
3926518,135369566
3926710,135374093
3926902,135378621
3927094,135383149
3927286,135387676
3927478,135392204
3927670,135396731
3927862,135401259
3928054,135405787
3928246,135410314
3928438,135414842
3928630,135419370
3928822,135423897
3929014,135428425
3929206,135432952
3929398,135437480
3929590,135442008
3929782,135446535
3929974,135451063
3930166,135455591
3930358,135460118
3930550,135464646
3930742,135469173
3930934,135473701
3931126,135478229
3931318,135482756
3931510,135487284
3931702,135491812
3931894,135496339
3932086,135500867
3932278,135505394
3932470,135509922
3932662,135514450
3932854,135518977
3933046,135523505
3933238,135528033
3933430,135532560
3933622,135537088
3933814,135541615
3934006,135546143
3934198,135550671
3934390,135555198
3934582,135559726
3934774,135564254
3934966,135568781
3935158,135573309
3935350,135577836
3935542,135582364
3935734,135586892
3935926,135591419
3936118,135595947
3936310,135600475
3936502,135605002
3936694,135609530
3936886,135614057
3937078,135618585
3937270,135623113
3937462,135627640
3937654,135632168
3937846,135636696
3938038,135641223
3938230,135645751
3938422,135650278
3938614,135654806
3938806,135659334
3938998,135663861
3939190,135668389
3939382,135672917
3939574,135677444
3939766,135681972
3939958,135686499
3940150,135691027
3940342,135695555
3940534,135700082
3940726,135704610
3940918,135709138
3941110,135713665
3941302,135718193
3941494,135722720
3941686,135727248
3941878,135731776
3942070,135736303
3942262,135740831
3942454,135745359
3942646,135749886
3942838,135754414
3943030,135758941
3943222,135763469
3943414,135767997
3943606,135772524
3943798,135777052
3943990,135781580
3944182,135786107
3944374,135790635
3944566,135795163
3944758,135799690
3944950,135804218
3945142,135808745
3945334,135813273
3945526,135817801
3945718,135822328
3945910,135826856
3946102,135831384
3946294,135835911
3946486,135840439
3946678,135844966
3946870,135849494
3947062,135854022
3947254,135858549
3947446,135863077
3947638,135867605
3947830,135872132
3948022,135876660
3948214,135881187
3948406,135885715
3948598,135890243
3948790,135894770
3948982,135899298
3949174,135903826
3949366,135908353
3949558,135912881
3949750,135917408
3949942,135921936
3950134,135926464
3950326,135930991
3950518,135935519
3950710,135940047
3950902,135944574
3951094,135949102
3951286,135953629
3951478,135958157
3951670,135962685
3951862,135967212
3952054,135971740
3952246,135976268
3952438,135980795
3952630,135985323
3952822,135989850
3953014,135994378
3953206,135998906
3953398,136003433
3953590,136007961
3953782,136012489
3953974,136017016
3954166,136021544
3954358,136026071
3954550,136030599
3954742,136035127
3954934,136039654
3955126,136044182
3955318,136048710
3955510,136053237
3955702,136057765
3955894,136062292
3956086,136066820
3956278,136071348
3956470,136075875
3956662,136080403
3956854,136084931
3957046,136089458
3957238,136093986
3957430,136098513
3957622,136103041
3957814,136107569
3958006,136112096
3958198,136116624
3958390,136121152
3958582,136125679
3958774,136130207
3958966,136134734
3959158,136139262
3959350,136143790
3959542,136148317
3959734,136152845
3959926,136157373
3960118,136161900
3960310,136166428
3960502,136170955
3960694,136175483
3960886,136180011
3961078,136184538
3961270,136189066
3961462,136193594
3961654,136198121
3961846,136202649
3962038,136207176
3962230,136211704
3962422,136216232
3962614,136220759
3962806,136225287
3962998,136229815
3963190,136234342
3963382,136238870
3963574,136243397
3963766,136247925
3963958,136252453
3964150,136256980
3964342,136261508
3964534,136266036
3964726,136270563
3964918,136275091
3965110,136279618
3965302,136284146
3965494,136288674
3965686,136293201
3965878,136297729
3966070,136302257
3966262,136306784
3966454,136311312
3966646,136315840
3966838,136320367
3967030,136324895
3967222,136329422
3967414,136333950
3967606,136338478
3967798,136343005
3967990,136347533
3968182,136352061
3968374,136356588
3968566,136361116
3968758,136365643
3968950,136370171
3969142,136374699
3969334,136379226
3969526,136383754
3969718,136388282
3969910,136392809
3970102,136397337
3970294,136401864
3970486,136406392
3970678,136410920
3970870,136415447
3971062,136419975
3971254,136424503
3971446,136429030
3971638,136433558
3971830,136438085
3972022,136442613
3972214,136447141
3972406,136451668
3972598,136456196
3972790,136460724
3972982,136465251
3973174,136469779
3973366,136474306
3973558,136478834
3973750,136483362
3973942,136487889
3974134,136492417
3974326,136496945
3974518,136501472
3974710,136506000
3974902,136510527
3975094,136515055
3975286,136519583
3975478,136524110
3975670,136528638
3975862,136533166
3976054,136537693
3976246,136542221
3976438,136546748
3976630,136551276
3976822,136555804
3977014,136560331
3977206,136564859
3977398,136569387
3977590,136573914
3977782,136578442
3977974,136582969
3978166,136587497
3978358,136592025
3978550,136596552
3978742,136601080
3978934,136605608
3979126,136610135
3979318,136614663
3979510,136619190
3979702,136623718
3979894,136628246
3980086,136632773
3980278,136637301
3980470,136641829
3980662,136646356
3980854,136650884
3981046,136655411
3981238,136659939
3981430,136664467
3981622,136668994
3981814,136673522
3982006,136678050
3982198,136682577
3982390,136687105
3982582,136691632
3982774,136696160
3982966,136700688
3983158,136705215
3983350,136709743
3983542,136714271
3983734,136718798
3983926,136723326
3984118,136727853
3984310,136732381
3984502,136736909
3984694,136741436
3984886,136745964
3985078,136750492
3985270,136755019
3985462,136759547
3985654,136764074
3985846,136768602
3986038,136773130
3986230,136777657
3986422,136782185
3986614,136786713
3986806,136791240
3986998,136795768
3987190,136800295
3987382,136804823
3987574,136809351
3987766,136813878
3987958,136818406
3988150,136822934
3988342,136827461
3988534,136831989
3988726,136836516
3988918,136841044
3989110,136845572
3989302,136850099
3989494,136854627
3989686,136859155
3989878,136863682
3990070,136868210
3990262,136872738
3990454,136877265
3990646,136881793
3990838,136886320
3991030,136890848
3991222,136895376
3991414,136899903
3991606,136904431
3991798,136908959
3991990,136913486
3992182,136918014
3992374,136922541
3992566,136927069
3992758,136931597
3992950,136936124
3993142,136940652
3993334,136945180
3993526,136949707
3993718,136954235
3993910,136958762
3994102,136963290
3994294,136967818
3994486,136972345
3994678,136976873
3994870,136981401
3995062,136985928
3995254,136990456
3995446,136994983
3995638,136999511
3995830,137004039
3996022,137008566
3996214,137013094
3996406,137017622
3996598,137022149
3996790,137026677
3996982,137031204
3997174,137035732
3997366,137040260
3997558,137044787
3997750,137049315
3997942,137053843
3998134,137058370
3998326,137062898
3998518,137067425
3998710,137071953
3998902,137076481
3999094,137081008
3999286,137085536
3999478,137090064
3999670,137094591
3999862,137099119
4000054,137103646
4000246,137108174
4000438,137112702
4000630,137117229
4000822,137121757
4001014,137126285
4001206,137130812
4001398,137135340
4001590,137139867
4001782,137144395
4001974,137148923
4002166,137153450
4002358,137157978
4002550,137162506
4002742,137167033
4002934,137171561
4003126,137176088
4003318,137180616
4003510,137185144
4003702,137189671
4003894,137194199
4004086,137198727
4004278,137203254
4004470,137207782
4004662,137212309
4004854,137216837
4005046,137221365
4005238,137225892
4005430,137230420
4005622,137234948
4005814,137239475
4006006,137244003
4006198,137248531
4006390,137253058
4006582,137257586
4006774,137262113
4006966,137266641
4007158,137271169
4007350,137275696
4007542,137280224
4007734,137284752
4007926,137289279
4008118,137293807
4008310,137298334
4008502,137302862
4008694,137307390
4008886,137311917
4009078,137316445
4009270,137320973
4009462,137325500
4009654,137330028
4009846,137334555
4010038,137339083
4010230,137343611
4010422,137348138
4010614,137352666
4010806,137357194
4010998,137361721
4011190,137366249
4011382,137370776
4011574,137375304
4011766,137379832
4011958,137384359
4012150,137388887
4012342,137393415
4012534,137397942
4012726,137402470
4012918,137406997
4013110,137411525
4013302,137416053
4013494,137420580
4013686,137425108
4013878,137429636
4014070,137434163
4014262,137438691
4014454,137443218
4014646,137447746
4014838,137452274
4015030,137456801
4015222,137461329
4015414,137465857
4015606,137470384
4015798,137474912
4015990,137479439
4016182,137483967
4016374,137488495
4016566,137493022
4016758,137497550
4016950,137502078
4017142,137506605
4017334,137511133
4017526,137515660
4017718,137520188
4017910,137524716
4018102,137529243
4018294,137533771
4018486,137538299
4018678,137542826
4018870,137547354
4019062,137551881
4019254,137556409
4019446,137560937
4019638,137565464
4019830,137569992
4020022,137574520
4020214,137579047
4020406,137583575
4020598,137588102
4020790,137592630
4020982,137597158
4021174,137601685
4021366,137606213
4021558,137610741
4021750,137615268
4021942,137619796
4022134,137624323
4022326,137628851
4022518,137633379
4022710,137637906
4022902,137642434
4023094,137646962
4023286,137651489
4023478,137656017
4023670,137660544
4023862,137665072
4024054,137669600
4024246,137674127
4024438,137678655
4024630,137683183
4024822,137687710
4025014,137692238
4025206,137696765
4025398,137701293
4025590,137705821
4025782,137710348
4025974,137714876
4026166,137719404
4026358,137723931
4026550,137728459
4026742,137732986
4026934,137737514
4027126,137742042
4027318,137746569
4027510,137751097
4027702,137755625
4027894,137760152
4028086,137764680
4028278,137769207
4028470,137773735
4028662,137778263
4028854,137782790
4029046,137787318
4029238,137791846
4029430,137796373
4029622,137800901
4029814,137805428
4030006,137809956
4030198,137814484
4030390,137819011
4030582,137823539
4030774,137828067
4030966,137832594
4031158,137837122
4031350,137841649
4031542,137846177
4031734,137850705
4031926,137855232
4032118,137859760
4032310,137864288
4032502,137868815
4032694,137873343
4032886,137877870
4033078,137882398
4033270,137886926
4033462,137891453
4033654,137895981
4033846,137900509
4034038,137905036
4034230,137909564
4034422,137914091
4034614,137918619
4034806,137923147
4034998,137927674
4035190,137932202
4035382,137936730
4035574,137941257
4035766,137945785
4035958,137950312
4036150,137954840
4036342,137959368
4036534,137963895
4036726,137968423
4036918,137972951
4037110,137977478
4037302,137982006
4037494,137986533
4037686,137991061
4037878,137995589
4038070,138000116
4038262,138004644
4038454,138009172
4038646,138013699
4038838,138018227
4039030,138022754
4039222,138027282
4039414,138031810
4039606,138036337
4039798,138040865
4039990,138045393
4040182,138049920
4040374,138054448
4040566,138058976
4040758,138063503
4040950,138068031
4041142,138072558
4041334,138077086
4041526,138081614
4041718,138086141
4041910,138090669
4042102,138095197
4042294,138099724
4042486,138104252
4042678,138108779
4042870,138113307
4043062,138117835
4043254,138122362
4043446,138126890
4043638,138131418
4043830,138135945
4044022,138140473
4044214,138145000
4044406,138149528
4044598,138154056
4044790,138158583
4044982,138163111
4045174,138167639
4045366,138172166
4045558,138176694
4045750,138181221
4045942,138185749
4046134,138190277
4046326,138194804
4046518,138199332
4046710,138203860
4046902,138208387
4047094,138212915
4047286,138217442
4047478,138221970
4047670,138226498
4047862,138231025
4048054,138235553
4048246,138240081
4048438,138244608
4048630,138249136
4048822,138253663
4049014,138258191
4049206,138262719
4049398,138267246
4049590,138271774
4049782,138276302
4049974,138280829
4050166,138285357
4050358,138289884
4050550,138294412
4050742,138298940
4050934,138303467
4051126,138307995
4051318,138312523
4051510,138317050
4051702,138321578
4051894,138326105
4052086,138330633
4052278,138335161
4052470,138339688
4052662,138344216
4052854,138348744
4053046,138353271
4053238,138357799
4053430,138362326
4053622,138366854
4053814,138371382
4054006,138375909
4054198,138380437
4054390,138384965
4054582,138389492
4054774,138394020
4054966,138398547
4055158,138403075
4055350,138407603
4055542,138412130
4055734,138416658
4055926,138421186
4056118,138425713
4056310,138430241
4056502,138434768
4056694,138439296
4056886,138443824
4057078,138448351
4057270,138452879
4057462,138457407
4057654,138461934
4057846,138466462
4058038,138470989
4058230,138475517
4058422,138480045
4058614,138484572
4058806,138489100
4058998,138493628
4059190,138498155
4059382,138502683
4059574,138507210
4059766,138511738
4059958,138516266
4060150,138520793
4060342,138525321
4060534,138529849
4060726,138534376
4060918,138538904
4061110,138543431
4061302,138547959
4061494,138552487
4061686,138557014
4061878,138561542
4062070,138566070
4062262,138570597
4062454,138575125
4062646,138579652
4062838,138584180
4063030,138588708
4063222,138593235
4063414,138597763
4063606,138602291
4063798,138606818
4063990,138611346
4064182,138615873
4064374,138620401
4064566,138624929
4064758,138629456
4064950,138633984
4065142,138638512
4065334,138643039
4065526,138647567
4065718,138652094
4065910,138656622
4066102,138661150
4066294,138665677
4066486,138670205
4066678,138674733
4066870,138679260
4067062,138683788
4067254,138688315
4067446,138692843
4067638,138697371
4067830,138701898
4068022,138706426
4068214,138710954
4068406,138715481
4068598,138720009
4068790,138724536
4068982,138729064
4069174,138733592
4069366,138738119
4069558,138742647
4069750,138747175
4069942,138751702
4070134,138756230
4070326,138760757
4070518,138765285
4070710,138769813
4070902,138774340
4071094,138778868
4071286,138783396
4071478,138787923
4071670,138792451
4071862,138796978
4072054,138801506
4072246,138806034
4072438,138810561
4072630,138815089
4072822,138819617
4073014,138824144
4073206,138828672
4073398,138833199
4073590,138837727
4073782,138842255
4073974,138846782
4074166,138851310
4074358,138855838
4074550,138860365
4074742,138864893
4074934,138869420
4075126,138873948
4075318,138878476
4075510,138883003
4075702,138887531
4075894,138892059
4076086,138896586
4076278,138901114
4076470,138905641
4076662,138910169
4076854,138914697
4077046,138919224
4077238,138923752
4077430,138928280
4077622,138932807
4077814,138937335
4078006,138941863
4078198,138946390
4078390,138950918
4078582,138955445
4078774,138959973
4078966,138964501
4079158,138969028
4079350,138973556
4079542,138978084
4079734,138982611
4079926,138987139
4080118,138991666
4080310,138996194
4080502,139000722
4080694,139005249
4080886,139009777
4081078,139014305
4081270,139018832
4081462,139023360
4081654,139027887
4081846,139032415
4082038,139036943
4082230,139041470
4082422,139045998
4082614,139050526
4082806,139055053
4082998,139059581
4083190,139064108
4083382,139068636
4083574,139073164
4083766,139077691
4083958,139082219
4084150,139086747
4084342,139091274
4084534,139095802
4084726,139100329
4084918,139104857
4085110,139109385
4085302,139113912
4085494,139118440
4085686,139122968
4085878,139127495
4086070,139132023
4086262,139136550
4086454,139141078
4086646,139145606
4086838,139150133
4087030,139154661
4087222,139159189
4087414,139163716
4087606,139168244
4087798,139172771
4087990,139177299
4088182,139181827
4088374,139186354
4088566,139190882
4088758,139195410
4088950,139199937
4089142,139204465
4089334,139208992
4089526,139213520
4089718,139218048
4089910,139222575
4090102,139227103
4090294,139231631
4090486,139236158
4090678,139240686
4090870,139245213
4091062,139249741
4091254,139254269
4091446,139258796
4091638,139263324
4091830,139267852
4092022,139272379
4092214,139276907
4092406,139281434
4092598,139285962
4092790,139290490
4092982,139295017
4093174,139299545
4093366,139304073
4093558,139308600
4093750,139313128
4093942,139317655
4094134,139322183
4094326,139326711
4094518,139331238
4094710,139335766
4094902,139340294
4095094,139344821
4095286,139349349
4095478,139353876
4095670,139358404
4095862,139362932
4096054,139367459
4096246,139371987
4096438,139376515
4096630,139381042
4096822,139385570
4097014,139390097
4097206,139394625
4097398,139399153
4097590,139403680
4097782,139408208
4097974,139412736
4098166,139417263
4098358,139421791
4098550,139426318
4098742,139430846
4098934,139435374
4099126,139439901
4099318,139444429
4099510,139448957
4099702,139453484
4099894,139458012
4100086,139462539
4100278,139467067
4100470,139471595
4100662,139476122
4100854,139480650
4101046,139485178
4101238,139489705
4101430,139494233
4101622,139498760
4101814,139503288
4102006,139507816
4102198,139512343
4102390,139516871
4102582,139521399
4102774,139525926
4102966,139530454
4103158,139534981
4103350,139539509
4103542,139544037
4103734,139548564
4103926,139553092
4104118,139557620
4104310,139562147
4104502,139566675
4104694,139571202
4104886,139575730
4105078,139580258
4105270,139584785
4105462,139589313
4105654,139593841
4105846,139598368
4106038,139602896
4106230,139607423
4106422,139611951
4106614,139616479
4106806,139621006
4106998,139625534
4107190,139630062
4107382,139634589
4107574,139639117
4107766,139643644
4107958,139648172
4108150,139652700
4108342,139657227
4108534,139661755
4108726,139666283
4108918,139670810
4109110,139675338
4109302,139679865
4109494,139684393
4109686,139688921
4109878,139693448
4110070,139697976
4110262,139702504
4110454,139707031
4110646,139711559
4110838,139716086
4111030,139720614
4111222,139725142
4111414,139729669
4111606,139734197
4111798,139738725
4111990,139743252
4112182,139747780
4112374,139752307
4112566,139756835
4112758,139761363
4112950,139765890
4113142,139770418
4113334,139774946
4113526,139779473
4113718,139784001
4113910,139788528
4114102,139793056
4114294,139797584
4114486,139802111
4114678,139806639
4114870,139811167
4115062,139815694
4115254,139820222
4115446,139824749
4115638,139829277
4115830,139833805
4116022,139838332
4116214,139842860
4116406,139847388
4116598,139851915
4116790,139856443
4116982,139860970
4117174,139865498
4117366,139870026
4117558,139874553
4117750,139879081
4117942,139883609
4118134,139888136
4118326,139892664
4118518,139897191
4118710,139901719
4118902,139906247
4119094,139910774
4119286,139915302
4119478,139919830
4119670,139924357
4119862,139928885
4120054,139933412
4120246,139937940
4120438,139942468
4120630,139946995
4120822,139951523
4121014,139956051
4121206,139960578
4121398,139965106
4121590,139969633
4121782,139974161
4121974,139978689
4122166,139983216
4122358,139987744
4122550,139992272
4122742,139996799
4122934,140001327
4123126,140005854
4123318,140010382
4123510,140014910
4123702,140019437
4123894,140023965
4124086,140028493
4124278,140033020
4124470,140037548
4124662,140042075
4124854,140046603
4125046,140051131
4125238,140055658
4125430,140060186
4125622,140064714
4125814,140069241
4126006,140073769
4126198,140078296
4126390,140082824
4126582,140087352
4126774,140091879
4126966,140096407
4127158,140100935
4127350,140105462
4127542,140109990
4127734,140114517
4127926,140119045
4128118,140123573
4128310,140128100
4128502,140132628
4128694,140137156
4128886,140141683
4129078,140146211
4129270,140150738
4129462,140155266
4129654,140159794
4129846,140164321
4130038,140168849
4130230,140173377
4130422,140177904
4130614,140182432
4130806,140186959
4130998,140191487
4131190,140196015
4131382,140200542
4131574,140205070
4131766,140209598
4131958,140214125
4132150,140218653
4132342,140223180
4132534,140227708
4132726,140232236
4132918,140236763
4133110,140241291
4133302,140245819
4133494,140250346
4133686,140254874
4133878,140259401
4134070,140263929
4134262,140268457
4134454,140272984
4134646,140277512
4134838,140282040
4135030,140286567
4135222,140291095
4135414,140295622
4135606,140300150
4135798,140304678
4135990,140309205
4136182,140313733
4136374,140318261
4136566,140322788
4136758,140327316
4136950,140331843
4137142,140336371
4137334,140340899
4137526,140345426
4137718,140349954
4137910,140354482
4138102,140359009
4138294,140363537
4138486,140368064
4138678,140372592
4138870,140377120
4139062,140381647
4139254,140386175
4139446,140390703
4139638,140395230
4139830,140399758
4140022,140404285
4140214,140408813
4140406,140413341
4140598,140417868
4140790,140422396
4140982,140426924
4141174,140431451
4141366,140435979
4141558,140440506
4141750,140445034
4141942,140449562
4142134,140454089
4142326,140458617
4142518,140463145
4142710,140467672
4142902,140472200
4143094,140476727
4143286,140481255
4143478,140485783
4143670,140490310
4143862,140494838
4144054,140499366
4144246,140503893
4144438,140508421
4144630,140512948
4144822,140517476
4145014,140522004
4145206,140526531
4145398,140531059
4145590,140535587
4145782,140540114
4145974,140544642
4146166,140549169
4146358,140553697
4146550,140558225
4146742,140562752
4146934,140567280
4147126,140571808
4147318,140576335
4147510,140580863
4147702,140585390
4147894,140589918
4148086,140594446
4148278,140598973
4148470,140603501
4148662,140608029
4148854,140612556
4149046,140617084
4149238,140621611
4149430,140626139
4149622,140630667
4149814,140635194
4150006,140639722
4150198,140644249
4150390,140648777
4150582,140653305
4150774,140657832
4150966,140662360
4151158,140666888
4151350,140671415
4151542,140675943
4151734,140680470
4151926,140684998
4152118,140689526
4152310,140694053
4152502,140698581
4152694,140703109
4152886,140707636
4153078,140712164
4153270,140716691
4153462,140721219
4153654,140725747
4153846,140730274
4154038,140734802
4154230,140739330
4154422,140743857
4154614,140748385
4154806,140752912
4154998,140757440
4155190,140761968
4155382,140766495
4155574,140771023
4155766,140775551
4155958,140780078
4156150,140784606
4156342,140789133
4156534,140793661
4156726,140798189
4156918,140802716
4157110,140807244
4157302,140811772
4157494,140816299
4157686,140820827
4157878,140825354
4158070,140829882
4158262,140834410
4158454,140838937
4158646,140843465
4158838,140847993
4159030,140852520
4159222,140857048
4159414,140861575
4159606,140866103
4159798,140870631
4159990,140875158
4160182,140879686
4160374,140884214
4160566,140888741
4160758,140893269
4160950,140897796
4161142,140902324
4161334,140906852
4161526,140911379
4161718,140915907
4161910,140920435
4162102,140924962
4162294,140929490
4162486,140934017
4162678,140938545
4162870,140943073
4163062,140947600
4163254,140952128
4163446,140956656
4163638,140961183
4163830,140965711
4164022,140970238
4164214,140974766
4164406,140979294
4164598,140983821
4164790,140988349
4164982,140992877
4165174,140997404
4165366,141001932
4165558,141006459
4165750,141010987
4165942,141015515
4166134,141020042
4166326,141024570
4166518,141029098
4166710,141033625
4166902,141038153
4167094,141042680
4167286,141047208
4167478,141051736
4167670,141056263
4167862,141060791
4168054,141065319
4168246,141069846
4168438,141074374
4168630,141078901
4168822,141083429
4169014,141087957
4169206,141092484
4169398,141097012
4169590,141101540
4169782,141106067
4169974,141110595
4170166,141115122
4170358,141119650
4170550,141124178
4170742,141128705
4170934,141133233
4171126,141137761
4171318,141142288
4171510,141146816
4171702,141151343
4171894,141155871
4172086,141160399
4172278,141164926
4172470,141169454
4172662,141173982
4172854,141178509
4173046,141183037
4173238,141187564
4173430,141192092
4173622,141196620
4173814,141201147
4174006,141205675
4174198,141210203
4174390,141214730
4174582,141219258
4174774,141223785
4174966,141228313
4175158,141232841
4175350,141237368
4175542,141241896
4175734,141246424
4175926,141250951
4176118,141255479
4176310,141260006
4176502,141264534
4176694,141269062
4176886,141273589
4177078,141278117
4177270,141282645
4177462,141287172
4177654,141291700
4177846,141296227
4178038,141300755
4178230,141305283
4178422,141309810
4178614,141314338
4178806,141318866
4178998,141323393
4179190,141327921
4179382,141332448
4179574,141336976
4179766,141341504
4179958,141346031
4180150,141350559
4180342,141355087
4180534,141359614
4180726,141364142
4180918,141368669
4181110,141373197
4181302,141377725
4181494,141382252
4181686,141386780
4181878,141391308
4182070,141395835
4182262,141400363
4182454,141404890
4182646,141409418
4182838,141413946
4183030,141418473
4183222,141423001
4183414,141427529
4183606,141432056
4183798,141436584
4183990,141441111
4184182,141445639
4184374,141450167
4184566,141454694
4184758,141459222
4184950,141463750
4185142,141468277
4185334,141472805
4185526,141477332
4185718,141481860
4185910,141486388
4186102,141490915
4186294,141495443
4186486,141499971
4186678,141504498
4186870,141509026
4187062,141513553
4187254,141518081
4187446,141522609
4187638,141527136
4187830,141531664
4188022,141536192
4188214,141540719
4188406,141545247
4188598,141549774
4188790,141554302
4188982,141558830
4189174,141563357
4189366,141567885
4189558,141572413
4189750,141576940
4189942,141581468
4190134,141585995
4190326,141590523
4190518,141595051
4190710,141599578
4190902,141604106
4191094,141608634
4191286,141613161
4191478,141617689
4191670,141622216
4191862,141626744
4192054,141631272
4192246,141635799
4192438,141640327
4192630,141644855
4192822,141649382
4193014,141653910
4193206,141658437
4193398,141662965
4193590,141667493
4193782,141672020
4193974,141676548
4194166,141681076
4194358,141685603
4194550,141690131
4194742,141694658
4194934,141699186
4195126,141703714
4195318,141708241
4195510,141712769
4195702,141717297
4195894,141721824
4196086,141726352
4196278,141730879
4196470,141735407
4196662,141739935
4196854,141744462
4197046,141748990
4197238,141753518
4197430,141758045
4197622,141762573
4197814,141767100
4198006,141771628
4198198,141776156
4198390,141780683
4198582,141785211
4198774,141789739
4198966,141794266
4199158,141798794
4199350,141803321
4199542,141807849
4199734,141812377
4199926,141816904
4200118,141821432
4200310,141825960
4200502,141830487
4200694,141835015
4200886,141839542
4201078,141844070
4201270,141848598
4201462,141853125
4201654,141857653
4201846,141862181
4202038,141866708
4202230,141871236
4202422,141875763
4202614,141880291
4202806,141884819
4202998,141889346
4203190,141893874
4203382,141898402
4203574,141902929
4203766,141907457
4203958,141911984
4204150,141916512
4204342,141921040
4204534,141925567
4204726,141930095
4204918,141934623
4205110,141939150
4205302,141943678
4205494,141948205
4205686,141952733
4205878,141957261
4206070,141961788
4206262,141966316
4206454,141970844
4206646,141975371
4206838,141979899
4207030,141984426
4207222,141988954
4207414,141993482
4207606,141998009
4207798,142002537
4207990,142007065
4208182,142011592
4208374,142016120
4208566,142020647
4208758,142025175
4208950,142029703
4209142,142034230
4209334,142038758
4209526,142043285
4209718,142047813
4209910,142052341
4210102,142056868
4210294,142061396
4210486,142065924
4210678,142070451
4210870,142074979
4211062,142079506
4211254,142084034
4211446,142088562
4211638,142093089
4211830,142097617
4212022,142102145
4212214,142106672
4212406,142111200
4212598,142115727
4212790,142120255
4212982,142124783
4213174,142129310
4213366,142133838
4213558,142138366
4213750,142142893
4213942,142147421
4214134,142151948
4214326,142156476
4214518,142161004
4214710,142165531
4214902,142170059
4215094,142174587
4215286,142179114
4215478,142183642
4215670,142188169
4215862,142192697
4216054,142197225
4216246,142201752
4216438,142206280
4216630,142210808
4216822,142215335
4217014,142219863
4217206,142224390
4217398,142228918
4217590,142233446
4217782,142237973
4217974,142242501
4218166,142247029
4218358,142251556
4218550,142256084
4218742,142260611
4218934,142265139
4219126,142269667
4219318,142274194
4219510,142278722
4219702,142283250
4219894,142287777
4220086,142292305
4220278,142296832
4220470,142301360
4220662,142305888
4220854,142310415
4221046,142314943
4221238,142319471
4221430,142323998
4221622,142328526
4221814,142333053
4222006,142337581
4222198,142342109
4222390,142346636
4222582,142351164
4222774,142355692
4222966,142360219
4223158,142364747
4223350,142369274
4223542,142373802
4223734,142378330
4223926,142382857
4224118,142387385
4224310,142391913
4224502,142396440
4224694,142400968
4224886,142405495
4225078,142410023
4225270,142414551
4225462,142419078
4225654,142423606
4225846,142428134
4226038,142432661
4226230,142437189
4226422,142441716
4226614,142446244
4226806,142450772
4226998,142455299
4227190,142459827
4227382,142464355
4227574,142468882
4227766,142473410
4227958,142477937
4228150,142482465
4228342,142486993
4228534,142491520
4228726,142496048
4228918,142500576
4229110,142505103
4229302,142509631
4229494,142514158
4229686,142518686
4229878,142523214
4230070,142527741
4230262,142532269
4230454,142536796
4230646,142541324
4230838,142545852
4231030,142550379
4231222,142554907
4231414,142559435
4231606,142563962
4231798,142568490
4231990,142573017
4232182,142577545
4232374,142582073
4232566,142586600
4232758,142591128
4232950,142595656
4233142,142600183
4233334,142604711
4233526,142609238
4233718,142613766
4233910,142618294
4234102,142622821
4234294,142627349
4234486,142631877
4234678,142636404
4234870,142640932
4235062,142645459
4235254,142649987
4235446,142654515
4235638,142659042
4235830,142663570
4236022,142668098
4236214,142672625
4236406,142677153
4236598,142681680
4236790,142686208
4236982,142690736
4237174,142695263
4237366,142699791
4237558,142704319
4237750,142708846
4237942,142713374
4238134,142717901
4238326,142722429
4238518,142726957
4238710,142731484
4238902,142736012
4239094,142740540
4239286,142745067
4239478,142749595
4239670,142754122
4239862,142758650
4240054,142763178
4240246,142767705
4240438,142772233
4240630,142776761
4240822,142781288
4241014,142785816
4241206,142790343
4241398,142794871
4241590,142799399
4241782,142803926
4241974,142808454
4242166,142812982
4242358,142817509
4242550,142822037
4242742,142826564
4242934,142831092
4243126,142835620
4243318,142840147
4243510,142844675
4243702,142849203
4243894,142853730
4244086,142858258
4244278,142862785
4244470,142867313
4244662,142871841
4244854,142876368
4245046,142880896
4245238,142885424
4245430,142889951
4245622,142894479
4245814,142899006
4246006,142903534
4246198,142908062
4246390,142912589
4246582,142917117
4246774,142921645
4246966,142926172
4247158,142930700
4247350,142935227
4247542,142939755
4247734,142944283
4247926,142948810
4248118,142953338
4248310,142957866
4248502,142962393
4248694,142966921
4248886,142971448
4249078,142975976
4249270,142980504
4249462,142985031
4249654,142989559
4249846,142994087
4250038,142998614
4250230,143003142
4250422,143007669
4250614,143012197
4250806,143016725
4250998,143021252
4251190,143025780
4251382,143030308
4251574,143034835
4251766,143039363
4251958,143043890
4252150,143048418
4252342,143052946
4252534,143057473
4252726,143062001
4252918,143066529
4253110,143071056
4253302,143075584
4253494,143080111
4253686,143084639
4253878,143089167
4254070,143093694
4254262,143098222
4254454,143102750
4254646,143107277
4254838,143111805
4255030,143116332
4255222,143120860
4255414,143125388
4255606,143129915
4255798,143134443
4255990,143138971
4256182,143143498
4256374,143148026
4256566,143152553
4256758,143157081
4256950,143161609
4257142,143166136
4257334,143170664
4257526,143175192
4257718,143179719
4257910,143184247
4258102,143188774
4258294,143193302
4258486,143197830
4258678,143202357
4258870,143206885
4259062,143211413
4259254,143215940
4259446,143220468
4259638,143224995
4259830,143229523
4260022,143234051
4260214,143238578
4260406,143243106
4260598,143247634
4260790,143252161
4260982,143256689
4261174,143261216
4261366,143265744
4261558,143270272
4261750,143274799
4261942,143279327
4262134,143283855
4262326,143288382
4262518,143292910
4262710,143297437
4262902,143301965
4263094,143306493
4263286,143311020
4263478,143315548
4263670,143320076
4263862,143324603
4264054,143329131
4264246,143333658
4264438,143338186
4264630,143342714
4264822,143347241
4265014,143351769
4265206,143356297
4265398,143360824
4265590,143365352
4265782,143369879
4265974,143374407
4266166,143378935
4266358,143383462
4266550,143387990
4266742,143392518
4266934,143397045
4267126,143401573
4267318,143406100
4267510,143410628
4267702,143415156
4267894,143419683
4268086,143424211
4268278,143428739
4268470,143433266
4268662,143437794
4268854,143442321
4269046,143446849
4269238,143451377
4269430,143455904
4269622,143460432
4269814,143464960
4270006,143469487
4270198,143474015
4270390,143478542
4270582,143483070
4270774,143487598
4270966,143492125
4271158,143496653
4271350,143501181
4271542,143505708
4271734,143510236
4271926,143514763
4272118,143519291
4272310,143523819
4272502,143528346
4272694,143532874
4272886,143537402
4273078,143541929
4273270,143546457
4273462,143550984
4273654,143555512
4273846,143560040
4274038,143564567
4274230,143569095
4274422,143573623
4274614,143578150
4274806,143582678
4274998,143587205
4275190,143591733
4275382,143596261
4275574,143600788
4275766,143605316
4275958,143609844
4276150,143614371
4276342,143618899
4276534,143623426
4276726,143627954
4276918,143632482
4277110,143637009
4277302,143641537
4277494,143646065
4277686,143650592
4277878,143655120
4278070,143659647
4278262,143664175
4278454,143668703
4278646,143673230
4278838,143677758
4279030,143682286
4279222,143686813
4279414,143691341
4279606,143695868
4279798,143700396
4279990,143704924
4280182,143709451
4280374,143713979
4280566,143718507
4280758,143723034
4280950,143727562
4281142,143732089
4281334,143736617
4281526,143741145
4281718,143745672
4281910,143750200
4282102,143754728
4282294,143759255
4282486,143763783
4282678,143768310
4282870,143772838
4283062,143777366
4283254,143781893
4283446,143786421
4283638,143790949
4283830,143795476
4284022,143800004
4284214,143804531
4284406,143809059
4284598,143813587
4284790,143818114
4284982,143822642
4285174,143827170
4285366,143831697
4285558,143836225
4285750,143840752
4285942,143845280
4286134,143849808
4286326,143854335
4286518,143858863
4286710,143863391
4286902,143867918
4287094,143872446
4287286,143876973
4287478,143881501
4287670,143886029
4287862,143890556
4288054,143895084
4288246,143899612
4288438,143904139
4288630,143908667
4288822,143913195
4289014,143917722
4289206,143922250
4289398,143926777
4289590,143931305
4289782,143935833
4289974,143940360
4290166,143944888
4290358,143949416
4290550,143953943
4290742,143958471
4290934,143962998
4291126,143967526
4291318,143972054
4291510,143976581
4291702,143981109
4291894,143985637
4292086,143990164
4292278,143994692
4292470,143999219
4292662,144003747
4292854,144008275
4293046,144012802
4293238,144017330
4293430,144021858
4293622,144026385
4293814,144030913
4294006,144035440
4294198,144039968
4294390,144044496
4294582,144049023
4294774,144053551
4294966,144058079
4295158,144062606
4295350,144067134
4295542,144071661
4295734,144076189
4295926,144080717
4296118,144085244
4296310,144089772
4296502,144094300
4296694,144098827
4296886,144103355
4297078,144107882
4297270,144112410
4297462,144116938
4297654,144121465
4297846,144125993
4298038,144130521
4298230,144135048
4298422,144139576
4298614,144144103
4298806,144148631
4298998,144153159
4299190,144157686
4299382,144162214
4299574,144166742
4299766,144171269
4299958,144175797
4300150,144180324
4300342,144184852
4300534,144189380
4300726,144193907
4300918,144198435
4301110,144202963
4301302,144207490
4301494,144212018
4301686,144216545
4301878,144221073
4302070,144225601
4302262,144230128
4302454,144234656
4302646,144239184
4302838,144243711
4303030,144248239
4303222,144252766
4303414,144257294
4303606,144261822
4303798,144266349
4303990,144270877
4304182,144275405
4304374,144279932
4304566,144284460
4304758,144288988
4304950,144293515
4305142,144298043
4305334,144302570
4305526,144307098
4305718,144311626
4305910,144316153
4306102,144320681
4306294,144325209
4306486,144329736
4306678,144334264
4306870,144338791
4307062,144343319
4307254,144347847
4307446,144352374
4307638,144356902
4307830,144361430
4308022,144365957
4308214,144370485
4308406,144375012
4308598,144379540
4308790,144384068
4308982,144388595
4309174,144393123
4309366,144397651
4309558,144402178
4309750,144406706
4309942,144411233
4310134,144415761
4310326,144420289
4310518,144424816
4310710,144429344
4310902,144433872
4311094,144438399
4311286,144442927
4311478,144447454
4311670,144451982
4311862,144456510
4312054,144461037
4312246,144465565
4312438,144470093
4312630,144474620
4312822,144479148
4313014,144483675
4313206,144488203
4313398,144492731
4313590,144497258
4313782,144501786
4313974,144506314
4314166,144510841
4314358,144515369
4314550,144519896
4314742,144524424
4314934,144528952
4315126,144533479
4315318,144538007
4315510,144542535
4315702,144547062
4315894,144551590
4316086,144556117
4316278,144560645
4316470,144565173
4316662,144569700
4316854,144574228
4317046,144578756
4317238,144583283
4317430,144587811
4317622,144592338
4317814,144596866
4318006,144601394
4318198,144605921
4318390,144610449
4318582,144614977
4318774,144619504
4318966,144624032
4319158,144628559
4319350,144633087
4319542,144637615
4319734,144642142
4319926,144646670
4320118,144651198
4320310,144655725
4320502,144660253
4320694,144664781
4320886,144669308
4321078,144673836
4321270,144678363
4321462,144682891
4321654,144687419
4321846,144691946
4322038,144696474
4322230,144701002
4322422,144705529
4322614,144710057
4322806,144714584
4322998,144719112
4323190,144723640
4323382,144728167
4323574,144732695
4323766,144737223
4323958,144741750
4324150,144746278
4324342,144750805
4324534,144755333
4324726,144759861
4324918,144764388
4325110,144768916
4325302,144773444
4325494,144777971
4325686,144782499
4325878,144787026
4326070,144791554
4326262,144796082
4326454,144800609
4326646,144805137
4326838,144809665
4327030,144814192
4327222,144818720
4327414,144823247
4327606,144827775
4327798,144832303
4327990,144836830
4328182,144841358
4328374,144845886
4328566,144850413
4328758,144854941
4328950,144859468
4329142,144863996
4329334,144868524
4329526,144873051
4329718,144877579
4329910,144882107
4330102,144886634
4330294,144891162
4330486,144895689
4330678,144900217
4330870,144904745
4331062,144909272
4331254,144913800
4331446,144918328
4331638,144922855
4331830,144927383
4332022,144931910
4332214,144936438
4332406,144940966
4332598,144945493
4332790,144950021
4332982,144954549
4333174,144959076
4333366,144963604
4333558,144968131
4333750,144972659
4333942,144977187
4334134,144981714
4334326,144986242
4334518,144990770
4334710,144995297
4334902,144999825
4335094,145004352
4335286,145008880
4335478,145013408
4335670,145017935
4335862,145022463
4336054,145026991
4336246,145031518
4336438,145036046
4336630,145040573
4336822,145045101
4337014,145049629
4337206,145054156
4337398,145058684
4337590,145063212
4337782,145067739
4337974,145072267
4338166,145076794
4338358,145081322
4338550,145085850
4338742,145090377
4338934,145094905
4339126,145099433
4339318,145103960
4339510,145108488
4339702,145113015
4339894,145117543
4340086,145122071
4340278,145126598
4340470,145131126
4340662,145135654
4340854,145140181
4341046,145144709
4341238,145149236
4341430,145153764
4341622,145158292
4341814,145162819
4342006,145167347
4342198,145171875
4342390,145176402
4342582,145180930
4342774,145185457
4342966,145189985
4343158,145194513
4343350,145199040
4343542,145203568
4343734,145208096
4343926,145212623
4344118,145217151
4344310,145221678
4344502,145226206
4344694,145230734
4344886,145235261
4345078,145239789
4345270,145244317
4345462,145248844
4345654,145253372
4345846,145257899
4346038,145262427
4346230,145266955
4346422,145271482
4346614,145276010
4346806,145280538
4346998,145285065
4347190,145289593
4347382,145294120
4347574,145298648
4347766,145303176
4347958,145307703
4348150,145312231
4348342,145316759
4348534,145321286
4348726,145325814
4348918,145330341
4349110,145334869
4349302,145339397
4349494,145343924
4349686,145348452
4349878,145352980
4350070,145357507
4350262,145362035
4350454,145366562
4350646,145371090
4350838,145375618
4351030,145380145
4351222,145384673
4351414,145389201
4351606,145393728
4351798,145398256
4351990,145402783
4352182,145407311
4352374,145411839
4352566,145416366
4352758,145420894
4352950,145425422
4353142,145429949
4353334,145434477
4353526,145439004
4353718,145443532
4353910,145448060
4354102,145452587
4354294,145457115
4354486,145461643
4354678,145466170
4354870,145470698
4355062,145475225
4355254,145479753
4355446,145484281
4355638,145488808
4355830,145493336
4356022,145497864
4356214,145502391
4356406,145506919
4356598,145511446
4356790,145515974
4356982,145520502
4357174,145525029
4357366,145529557
4357558,145534085
4357750,145538612
4357942,145543140
4358134,145547668
4358326,145552195
4358518,145556723
4358710,145561250
4358902,145565778
4359094,145570306
4359286,145574833
4359478,145579361
4359670,145583889
4359862,145588416
4360054,145592944
4360246,145597471
4360438,145601999
4360630,145606527
4360822,145611054
4361014,145615582
4361206,145620110
4361398,145624637
4361590,145629165
4361782,145633692
4361974,145638220
4362166,145642748
4362358,145647275
4362550,145651803
4362742,145656331
4362934,145660858
4363126,145665386
4363318,145669913
4363510,145674441
4363702,145678969
4363894,145683496
4364086,145688024
4364278,145692552
4364470,145697079
4364662,145701607
4364854,145706134
4365046,145710662
4365238,145715190
4365430,145719717
4365622,145724245
4365814,145728773
4366006,145733300
4366198,145737828
4366390,145742355
4366582,145746883
4366774,145751411
4366966,145755938
4367158,145760466
4367350,145764993
4367542,145769521
4367734,145774049
4367926,145778576
4368118,145783104
4368310,145787632
4368502,145792159
4368694,145796687
4368886,145801214
4369078,145805742
4369270,145810270
4369462,145814797
4369654,145819325
4369846,145823853
4370038,145828380
4370230,145832908
4370422,145837435
4370614,145841963
4370806,145846491
4370998,145851018
4371190,145855546
4371382,145860074
4371574,145864601
4371766,145869129
4371958,145873656
4372150,145878184
4372342,145882712
4372534,145887239
4372726,145891767
4372918,145896295
4373110,145900822
4373302,145905350
4373494,145909877
4373686,145914405
4373878,145918933
4374070,145923460
4374262,145927988
4374454,145932516
4374646,145937043
4374838,145941571
4375030,145946098
4375222,145950626
4375414,145955154
4375606,145959681
4375798,145964209
4375990,145968737
4376182,145973264
4376374,145977792
4376566,145982319
4376758,145986847
4376950,145991375
4377142,145995902
4377334,146000430
4377526,146004958
4377718,146009485
4377910,146014013
4378102,146018540
4378294,146023068
4378486,146027596
4378678,146032123
4378870,146036651
4379062,146041179
4379254,146045706
4379446,146050234
4379638,146054761
4379830,146059289
4380022,146063817
4380214,146068344
4380406,146072872
4380598,146077400
4380790,146081927
4380982,146086455
4381174,146090982
4381366,146095510
4381558,146100038
4381750,146104565
4381942,146109093
4382134,146113621
4382326,146118148
4382518,146122676
4382710,146127203
4382902,146131731
4383094,146136259
4383286,146140786
4383478,146145314
4383670,146149842
4383862,146154369
4384054,146158897
4384246,146163424
4384438,146167952
4384630,146172480
4384822,146177007
4385014,146181535
4385206,146186063
4385398,146190590
4385590,146195118
4385782,146199645
4385974,146204173
4386166,146208701
4386358,146213228
4386550,146217756
4386742,146222284
4386934,146226811
4387126,146231339
4387318,146235866
4387510,146240394
4387702,146244922
4387894,146249449
4388086,146253977
4388278,146258504
4388470,146263032
4388662,146267560
4388854,146272087
4389046,146276615
4389238,146281143
4389430,146285670
4389622,146290198
4389814,146294725
4390006,146299253
4390198,146303781
4390390,146308308
4390582,146312836
4390774,146317364
4390966,146321891
4391158,146326419
4391350,146330946
4391542,146335474
4391734,146340002
4391926,146344529
4392118,146349057
4392310,146353585
4392502,146358112
4392694,146362640
4392886,146367167
4393078,146371695
4393270,146376223
4393462,146380750
4393654,146385278
4393846,146389806
4394038,146394333
4394230,146398861
4394422,146403388
4394614,146407916
4394806,146412444
4394998,146416971
4395190,146421499
4395382,146426027
4395574,146430554
4395766,146435082
4395958,146439609
4396150,146444137
4396342,146448665
4396534,146453192
4396726,146457720
4396918,146462248
4397110,146466775
4397302,146471303
4397494,146475830
4397686,146480358
4397878,146484886
4398070,146489413
4398262,146493941
4398454,146498469
4398646,146502996
4398838,146507524
4399030,146512051
4399222,146516579
4399414,146521107
4399606,146525634
4399798,146530162
4399990,146534690
4400182,146539217
4400374,146543745
4400566,146548272
4400758,146552800
4400950,146557328
4401142,146561855
4401334,146566383
4401526,146570910
4401718,146575438
4401910,146579966
4402102,146584493
4402294,146589021
4402486,146593549
4402678,146598076
4402870,146602604
4403062,146607131
4403254,146611659
4403446,146616187
4403638,146620714
4403830,146625242
4404022,146629770
4404214,146634297
4404406,146638825
4404598,146643352
4404790,146647880
4404982,146652408
4405174,146656935
4405366,146661463
4405558,146665991
4405750,146670518
4405942,146675046
4406134,146679573
4406326,146684101
4406518,146688629
4406710,146693156
4406902,146697684
4407094,146702212
4407286,146706739
4407478,146711267
4407670,146715794
4407862,146720322
4408054,146724850
4408246,146729377
4408438,146733905
4408630,146738433
4408822,146742960
4409014,146747488
4409206,146752015
4409398,146756543
4409590,146761071
4409782,146765598
4409974,146770126
4410166,146774654
4410358,146779181
4410550,146783709
4410742,146788236
4410934,146792764
4411126,146797292
4411318,146801819
4411510,146806347
4411702,146810874
4411894,146815402
4412086,146819930
4412278,146824457
4412470,146828985
4412662,146833513
4412854,146838040
4413046,146842568
4413238,146847095
4413430,146851623
4413622,146856151
4413814,146860678
4414006,146865206
4414198,146869734
4414390,146874261
4414582,146878789
4414774,146883316
4414966,146887844
4415158,146892372
4415350,146896899
4415542,146901427
4415734,146905955
4415926,146910482
4416118,146915010
4416310,146919537
4416502,146924065
4416694,146928593
4416886,146933120
4417078,146937648
4417270,146942176
4417462,146946703
4417654,146951231
4417846,146955758
4418038,146960286
4418230,146964814
4418422,146969341
4418614,146973869
4418806,146978397
4418998,146982924
4419190,146987452
4419382,146991979
4419574,146996507
4419766,147001035
4419958,147005562
4420150,147010090
4420342,147014618
4420534,147019145
4420726,147023673
4420918,147028200
4421110,147032728
4421302,147037256
4421494,147041783
4421686,147046311
4421878,147050838
4422070,147055366
4422262,147059894
4422454,147064421
4422646,147068949
4422838,147073477
4423030,147078004
4423222,147082532
4423414,147087059
4423606,147091587
4423798,147096115
4423990,147100642
4424182,147105170
4424374,147109698
4424566,147114225
4424758,147118753
4424950,147123280
4425142,147127808
4425334,147132336
4425526,147136863
4425718,147141391
4425910,147145919
4426102,147150446
4426294,147154974
4426486,147159501
4426678,147164029
4426870,147168557
4427062,147173084
4427254,147177612
4427446,147182140
4427638,147186667
4427830,147191195
4428022,147195722
4428214,147200250
4428406,147204778
4428598,147209305
4428790,147213833
4428982,147218360
4429174,147222888
4429366,147227416
4429558,147231943
4429750,147236471
4429942,147240999
4430134,147245526
4430326,147250054
4430518,147254581
4430710,147259109
4430902,147263637
4431094,147268164
4431286,147272692
4431478,147277220
4431670,147281747
4431862,147286275
4432054,147290802
4432246,147295330
4432438,147299858
4432630,147304385
4432822,147308913
4433014,147313441
4433206,147317968
4433398,147322496
4433590,147327023
4433782,147331551
4433974,147336079
4434166,147340606
4434358,147345134
4434550,147349662
4434742,147354189
4434934,147358717
4435126,147363244
4435318,147367772
4435510,147372300
4435702,147376827
4435894,147381355
4436086,147385883
4436278,147390410
4436470,147394938
4436662,147399465
4436854,147403993
4437046,147408521
4437238,147413048
4437430,147417576
4437622,147422103
4437814,147426631
4438006,147431159
4438198,147435686
4438390,147440214
4438582,147444742
4438774,147449269
4438966,147453797
4439158,147458324
4439350,147462852
4439542,147467380
4439734,147471907
4439926,147476435
4440118,147480963
4440310,147485490
4440502,147490018
4440694,147494545
4440886,147499073
4441078,147503601
4441270,147508128
4441462,147512656
4441654,147517184
4441846,147521711
4442038,147526239
4442230,147530766
4442422,147535294
4442614,147539822
4442806,147544349
4442998,147548877
4443190,147553405
4443382,147557932
4443574,147562460
4443766,147566987
4443958,147571515
4444150,147576043
4444342,147580570
4444534,147585098
4444726,147589626
4444918,147594153
4445110,147598681
4445302,147603208
4445494,147607736
4445686,147612264
4445878,147616791
4446070,147621319
4446262,147625846
4446454,147630374
4446646,147634902
4446838,147639429
4447030,147643957
4447222,147648485
4447414,147653012
4447606,147657540
4447798,147662067
4447990,147666595
4448182,147671123
4448374,147675650
4448566,147680178
4448758,147684706
4448950,147689233
4449142,147693761
4449334,147698288
4449526,147702816
4449718,147707344
4449910,147711871
4450102,147716399
4450294,147720927
4450486,147725454
4450678,147729982
4450870,147734509
4451062,147739037
4451254,147743565
4451446,147748092
4451638,147752620
4451830,147757148
4452022,147761675
4452214,147766203
4452406,147770730
4452598,147775258
4452790,147779786
4452982,147784313
4453174,147788841
4453366,147793368
4453558,147797896
4453750,147802424
4453942,147806951
4454134,147811479
4454326,147816007
4454518,147820534
4454710,147825062
4454902,147829589
4455094,147834117
4455286,147838645
4455478,147843172
4455670,147847700
4455862,147852228
4456054,147856755
4456246,147861283
4456438,147865810
4456630,147870338
4456822,147874866
4457014,147879393
4457206,147883921
4457398,147888449
4457590,147892976
4457782,147897504
4457974,147902031
4458166,147906559
4458358,147911087
4458550,147915614
4458742,147920142
4458934,147924670
4459126,147929197
4459318,147933725
4459510,147938252
4459702,147942780
4459894,147947308
4460086,147951835
4460278,147956363
4460470,147960891
4460662,147965418
4460854,147969946
4461046,147974473
4461238,147979001
4461430,147983529
4461622,147988056
4461814,147992584
4462006,147997112
4462198,148001639
4462390,148006167
4462582,148010694
4462774,148015222
4462966,148019750
4463158,148024277
4463350,148028805
4463542,148033333
4463734,148037860
4463926,148042388
4464118,148046915
4464310,148051443
4464502,148055971
4464694,148060498
4464886,148065026
4465078,148069553
4465270,148074081
4465462,148078609
4465654,148083136
4465846,148087664
4466038,148092192
4466230,148096719
4466422,148101247
4466614,148105774
4466806,148110302
4466998,148114830
4467190,148119357
4467382,148123885
4467574,148128413
4467766,148132940
4467958,148137468
4468150,148141995
4468342,148146523
4468534,148151051
4468726,148155578
4468918,148160106
4469110,148164634
4469302,148169161
4469494,148173689
4469686,148178216
4469878,148182744
4470070,148187272
4470262,148191799
4470454,148196327
4470646,148200855
4470838,148205382
4471030,148209910
4471222,148214437
4471414,148218965
4471606,148223493
4471798,148228020
4471990,148232548
4472182,148237076
4472374,148241603
4472566,148246131
4472758,148250658
4472950,148255186
4473142,148259714
4473334,148264241
4473526,148268769
4473718,148273297
4473910,148277824
4474102,148282352
4474294,148286879
4474486,148291407
4474678,148295935
4474870,148300462
4475062,148304990
4475254,148309518
4475446,148314045
4475638,148318573
4475830,148323100
4476022,148327628
4476214,148332156
4476406,148336683
4476598,148341211
4476790,148345739
4476982,148350266
4477174,148354794
4477366,148359321
4477558,148363849
4477750,148368377
4477942,148372904
4478134,148377432
4478326,148381960
4478518,148386487
4478710,148391015
4478902,148395542
4479094,148400070
4479286,148404598
4479478,148409125
4479670,148413653
4479862,148418181
4480054,148422708
4480246,148427236
4480438,148431763
4480630,148436291
4480822,148440819
4481014,148445346
4481206,148449874
4481398,148454402
4481590,148458929
4481782,148463457
4481974,148467984
4482166,148472512
4482358,148477040
4482550,148481567
4482742,148486095
4482934,148490623
4483126,148495150
4483318,148499678
4483510,148504205
4483702,148508733
4483894,148513261
4484086,148517788
4484278,148522316
4484470,148526843
4484662,148531371
4484854,148535899
4485046,148540426
4485238,148544954
4485430,148549482
4485622,148554009
4485814,148558537
4486006,148563064
4486198,148567592
4486390,148572120
4486582,148576647
4486774,148581175
4486966,148585703
4487158,148590230
4487350,148594758
4487542,148599285
4487734,148603813
4487926,148608341
4488118,148612868
4488310,148617396
4488502,148621924
4488694,148626451
4488886,148630979
4489078,148635506
4489270,148640034
4489462,148644562
4489654,148649089
4489846,148653617
4490038,148658145
4490230,148662672
4490422,148667200
4490614,148671727
4490806,148676255
4490998,148680783
4491190,148685310
4491382,148689838
4491574,148694366
4491766,148698893
4491958,148703421
4492150,148707948
4492342,148712476
4492534,148717004
4492726,148721531
4492918,148726059
4493110,148730587
4493302,148735114
4493494,148739642
4493686,148744169
4493878,148748697
4494070,148753225
4494262,148757752
4494454,148762280
4494646,148766808
4494838,148771335
4495030,148775863
4495222,148780390
4495414,148784918
4495606,148789446
4495798,148793973
4495990,148798501
4496182,148803029
4496374,148807556
4496566,148812084
4496758,148816611
4496950,148821139
4497142,148825667
4497334,148830194
4497526,148834722
4497718,148839250
4497910,148843777
4498102,148848305
4498294,148852832
4498486,148857360
4498678,148861888
4498870,148866415
4499062,148870943
4499254,148875471
4499446,148879998
4499638,148884526
4499830,148889053
4500022,148893581
4500214,148898109
4500406,148902636
4500598,148907164
4500790,148911692
4500982,148916219
4501174,148920747
4501366,148925274
4501558,148929802
4501750,148934330
4501942,148938857
4502134,148943385
4502326,148947913
4502518,148952440
4502710,148956968
4502902,148961495
4503094,148966023
4503286,148970551
4503478,148975078
4503670,148979606
4503862,148984134
4504054,148988661
4504246,148993189
4504438,148997716
4504630,149002244
4504822,149006772
4505014,149011299
4505206,149015827
4505398,149020355
4505590,149024882
4505782,149029410
4505974,149033937
4506166,149038465
4506358,149042993
4506550,149047520
4506742,149052048
4506934,149056576
4507126,149061103
4507318,149065631
4507510,149070158
4507702,149074686
4507894,149079214
4508086,149083741
4508278,149088269
4508470,149092797
4508662,149097324
4508854,149101852
4509046,149106379
4509238,149110907
4509430,149115435
4509622,149119962
4509814,149124490
4510006,149129018
4510198,149133545
4510390,149138073
4510582,149142600
4510774,149147128
4510966,149151656
4511158,149156183
4511350,149160711
4511542,149165239
4511734,149169766
4511926,149174294
4512118,149178821
4512310,149183349
4512502,149187877
4512694,149192404
4512886,149196932
4513078,149201460
4513270,149205987
4513462,149210515
4513654,149215042
4513846,149219570
4514038,149224098
4514230,149228625
4514422,149233153
4514614,149237681
4514806,149242208
4514998,149246736
4515190,149251263
4515382,149255791
4515574,149260319
4515766,149264846
4515958,149269374
4516150,149273902
4516342,149278429
4516534,149282957
4516726,149287484
4516918,149292012
4517110,149296540
4517302,149301067
4517494,149305595
4517686,149310123
4517878,149314650
4518070,149319178
4518262,149323705
4518454,149328233
4518646,149332761
4518838,149337288
4519030,149341816
4519222,149346344
4519414,149350871
4519606,149355399
4519798,149359926
4519990,149364454
4520182,149368982
4520374,149373509
4520566,149378037
4520758,149382565
4520950,149387092
4521142,149391620
4521334,149396147
4521526,149400675
4521718,149405203
4521910,149409730
4522102,149414258
4522294,149418786
4522486,149423313
4522678,149427841
4522870,149432368
4523062,149436896
4523254,149441424
4523446,149445951
4523638,149450479
4523830,149455007
4524022,149459534
4524214,149464062
4524406,149468589
4524598,149473117
4524790,149477645
4524982,149482172
4525174,149486700
4525366,149491228
4525558,149495755
4525750,149500283
4525942,149504810
4526134,149509338
4526326,149513866
4526518,149518393
4526710,149522921
4526902,149527449
4527094,149531976
4527286,149536504
4527478,149541031
4527670,149545559
4527862,149550087
4528054,149554614
4528246,149559142
4528438,149563670
4528630,149568197
4528822,149572725
4529014,149577252
4529206,149581780
4529398,149586308
4529590,149590835
4529782,149595363
4529974,149599891
4530166,149604418
4530358,149608946
4530550,149613473
4530742,149618001
4530934,149622529
4531126,149627056
4531318,149631584
4531510,149636111
4531702,149640639
4531894,149645167
4532086,149649694
4532278,149654222
4532470,149658750
4532662,149663277
4532854,149667805
4533046,149672332
4533238,149676860
4533430,149681388
4533622,149685915
4533814,149690443
4534006,149694971
4534198,149699498
4534390,149704026
4534582,149708553
4534774,149713081
4534966,149717609
4535158,149722136
4535350,149726664
4535542,149731192
4535734,149735719
4535926,149740247
4536118,149744774
4536310,149749302
4536502,149753830
4536694,149758357
4536886,149762885
4537078,149767413
4537270,149771940
4537462,149776468
4537654,149780995
4537846,149785523
4538038,149790051
4538230,149794578
4538422,149799106
4538614,149803634
4538806,149808161
4538998,149812689
4539190,149817216
4539382,149821744
4539574,149826272
4539766,149830799
4539958,149835327
4540150,149839855
4540342,149844382
4540534,149848910
4540726,149853437
4540918,149857965
4541110,149862493
4541302,149867020
4541494,149871548
4541686,149876076
4541878,149880603
4542070,149885131
4542262,149889658
4542454,149894186
4542646,149898714
4542838,149903241
4543030,149907769
4543222,149912297
4543414,149916824
4543606,149921352
4543798,149925879
4543990,149930407
4544182,149934935
4544374,149939462
4544566,149943990
4544758,149948518
4544950,149953045
4545142,149957573
4545334,149962100
4545526,149966628
4545718,149971156
4545910,149975683
4546102,149980211
4546294,149984738
4546486,149989266
4546678,149993794
4546870,149998321
4547062,150002849
4547254,150007377
4547446,150011904
4547638,150016432
4547830,150020959
4548022,150025487
4548214,150030015
4548406,150034542
4548598,150039070
4548790,150043598
4548982,150048125
4549174,150052653
4549366,150057180
4549558,150061708
4549750,150066236
4549942,150070763
4550134,150075291
4550326,150079819
4550518,150084346
4550710,150088874
4550902,150093401
4551094,150097929
4551286,150102457
4551478,150106984
4551670,150111512
4551862,150116040
4552054,150120567
4552246,150125095
4552438,150129622
4552630,150134150
4552822,150138678
4553014,150143205
4553206,150147733
4553398,150152261
4553590,150156788
4553782,150161316
4553974,150165843
4554166,150170371
4554358,150174899
4554550,150179426
4554742,150183954
4554934,150188481
4555126,150193009
4555318,150197537
4555510,150202064
4555702,150206592
4555894,150211120
4556086,150215647
4556278,150220175
4556470,150224702
4556662,150229230
4556854,150233758
4557046,150238285
4557238,150242813
4557430,150247341
4557622,150251868
4557814,150256396
4558006,150260923
4558198,150265451
4558390,150269979
4558582,150274506
4558774,150279034
4558966,150283562
4559158,150288089
4559350,150292617
4559542,150297144
4559734,150301672
4559926,150306200
4560118,150310727
4560310,150315255
4560502,150319783
4560694,150324310
4560886,150328838
4561078,150333365
4561270,150337893
4561462,150342421
4561654,150346948
4561846,150351476
4562038,150356004
4562230,150360531
4562422,150365059
4562614,150369586
4562806,150374114
4562998,150378642
4563190,150383169
4563382,150387697
4563574,150392224
4563766,150396752
4563958,150401280
4564150,150405807
4564342,150410335
4564534,150414863
4564726,150419390
4564918,150423918
4565110,150428445
4565302,150432973
4565494,150437501
4565686,150442028
4565878,150446556
4566070,150451084
4566262,150455611
4566454,150460139
4566646,150464666
4566838,150469194
4567030,150473722
4567222,150478249
4567414,150482777
4567606,150487305
4567798,150491832
4567990,150496360
4568182,150500887
4568374,150505415
4568566,150509943
4568758,150514470
4568950,150518998
4569142,150523526
4569334,150528053
4569526,150532581
4569718,150537108
4569910,150541636
4570102,150546164
4570294,150550691
4570486,150555219
4570678,150559747
4570870,150564274
4571062,150568802
4571254,150573329
4571446,150577857
4571638,150582385
4571830,150586912
4572022,150591440
4572214,150595968
4572406,150600495
4572598,150605023
4572790,150609550
4572982,150614078
4573174,150618606
4573366,150623133
4573558,150627661
4573750,150632188
4573942,150636716
4574134,150641244
4574326,150645771
4574518,150650299
4574710,150654827
4574902,150659354
4575094,150663882
4575286,150668409
4575478,150672937
4575670,150677465
4575862,150681992
4576054,150686520
4576246,150691048
4576438,150695575
4576630,150700103
4576822,150704630
4577014,150709158
4577206,150713686
4577398,150718213
4577590,150722741
4577782,150727269
4577974,150731796
4578166,150736324
4578358,150740851
4578550,150745379
4578742,150749907
4578934,150754434
4579126,150758962
4579318,150763490
4579510,150768017
4579702,150772545
4579894,150777072
4580086,150781600
4580278,150786128
4580470,150790655
4580662,150795183
4580854,150799711
4581046,150804238
4581238,150808766
4581430,150813293
4581622,150817821
4581814,150822349
4582006,150826876
4582198,150831404
4582390,150835932
4582582,150840459
4582774,150844987
4582966,150849514
4583158,150854042
4583350,150858570
4583542,150863097
4583734,150867625
4583926,150872153
4584118,150876680
4584310,150881208
4584502,150885735
4584694,150890263
4584886,150894791
4585078,150899318
4585270,150903846
4585462,150908374
4585654,150912901
4585846,150917429
4586038,150921956
4586230,150926484
4586422,150931012
4586614,150935539
4586806,150940067
4586998,150944595
4587190,150949122
4587382,150953650
4587574,150958177
4587766,150962705
4587958,150967233
4588150,150971760
4588342,150976288
4588534,150980815
4588726,150985343
4588918,150989871
4589110,150994398
4589302,150998926
4589494,151003454
4589686,151007981
4589878,151012509
4590070,151017036
4590262,151021564
4590454,151026092
4590646,151030619
4590838,151035147
4591030,151039675
4591222,151044202
4591414,151048730
4591606,151053257
4591798,151057785
4591990,151062313
4592182,151066840
4592374,151071368
4592566,151075896
4592758,151080423
4592950,151084951
4593142,151089478
4593334,151094006
4593526,151098534
4593718,151103061
4593910,151107589
4594102,151112117
4594294,151116644
4594486,151121172
4594678,151125699
4594870,151130227
4595062,151134755
4595254,151139282
4595446,151143810
4595638,151148338
4595830,151152865
4596022,151157393
4596214,151161920
4596406,151166448
4596598,151170976
4596790,151175503
4596982,151180031
4597174,151184559
4597366,151189086
4597558,151193614
4597750,151198141
4597942,151202669
4598134,151207197
4598326,151211724
4598518,151216252
4598710,151220780
4598902,151225307
4599094,151229835
4599286,151234362
4599478,151238890
4599670,151243418
4599862,151247945
4600054,151252473
4600246,151257001
4600438,151261528
4600630,151266056
4600822,151270583
4601014,151275111
4601206,151279639
4601398,151284166
4601590,151288694
4601782,151293222
4601974,151297749
4602166,151302277
4602358,151306804
4602550,151311332
4602742,151315860
4602934,151320387
4603126,151324915
4603318,151329443
4603510,151333970
4603702,151338498
4603894,151343025
4604086,151347553
4604278,151352081
4604470,151356608
4604662,151361136
4604854,151365664
4605046,151370191
4605238,151374719
4605430,151379246
4605622,151383774
4605814,151388302
4606006,151392829
4606198,151397357
4606390,151401885
4606582,151406412
4606774,151410940
4606966,151415467
4607158,151419995
4607350,151424523
4607542,151429050
4607734,151433578
4607926,151438106
4608118,151442633
4608310,151447161
4608502,151451688
4608694,151456216
4608886,151460744
4609078,151465271
4609270,151469799
4609462,151474327
4609654,151478854
4609846,151483382
4610038,151487909
4610230,151492437
4610422,151496965
4610614,151501492
4610806,151506020
4610998,151510548
4611190,151515075
4611382,151519603
4611574,151524130
4611766,151528658
4611958,151533186
4612150,151537713
4612342,151542241
4612534,151546769
4612726,151551296
4612918,151555824
4613110,151560351
4613302,151564879
4613494,151569407
4613686,151573934
4613878,151578462
4614070,151582990
4614262,151587517
4614454,151592045
4614646,151596572
4614838,151601100
4615030,151605628
4615222,151610155
4615414,151614683
4615606,151619211
4615798,151623738
4615990,151628266
4616182,151632793
4616374,151637321
4616566,151641849
4616758,151646376
4616950,151650904
4617142,151655432
4617334,151659959
4617526,151664487
4617718,151669014
4617910,151673542
4618102,151678070
4618294,151682597
4618486,151687125
4618678,151691653
4618870,151696180
4619062,151700708
4619254,151705235
4619446,151709763
4619638,151714291
4619830,151718818
4620022,151723346
4620214,151727874
4620406,151732401
4620598,151736929
4620790,151741456
4620982,151745984
4621174,151750512
4621366,151755039
4621558,151759567
4621750,151764095
4621942,151768622
4622134,151773150
4622326,151777677
4622518,151782205
4622710,151786733
4622902,151791260
4623094,151795788
4623286,151800316
4623478,151804843
4623670,151809371
4623862,151813898
4624054,151818426
4624246,151822954
4624438,151827481
4624630,151832009
4624822,151836537
4625014,151841064
4625206,151845592
4625398,151850119
4625590,151854647
4625782,151859175
4625974,151863702
4626166,151868230
4626358,151872758
4626550,151877285
4626742,151881813
4626934,151886340
4627126,151890868
4627318,151895396
4627510,151899923
4627702,151904451
4627894,151908979
4628086,151913506
4628278,151918034
4628470,151922561
4628662,151927089
4628854,151931617
4629046,151936144
4629238,151940672
4629430,151945199
4629622,151949727
4629814,151954255
4630006,151958782
4630198,151963310
4630390,151967838
4630582,151972365
4630774,151976893
4630966,151981420
4631158,151985948
4631350,151990476
4631542,151995003
4631734,151999531
4631926,152004059
4632118,152008586
4632310,152013114
4632502,152017641
4632694,152022169
4632886,152026697
4633078,152031224
4633270,152035752
4633462,152040280
4633654,152044807
4633846,152049335
4634038,152053862
4634230,152058390
4634422,152062918
4634614,152067445
4634806,152071973
4634998,152076501
4635190,152081028
4635382,152085556
4635574,152090083
4635766,152094611
4635958,152099139
4636150,152103666
4636342,152108194
4636534,152112722
4636726,152117249
4636918,152121777
4637110,152126304
4637302,152130832
4637494,152135360
4637686,152139887
4637878,152144415
4638070,152148943
4638262,152153470
4638454,152157998
4638646,152162525
4638838,152167053
4639030,152171581
4639222,152176108
4639414,152180636
4639606,152185164
4639798,152189691
4639990,152194219
4640182,152198746
4640374,152203274
4640566,152207802
4640758,152212329
4640950,152216857
4641142,152221385
4641334,152225912
4641526,152230440
4641718,152234967
4641910,152239495
4642102,152244023
4642294,152248550
4642486,152253078
4642678,152257606
4642870,152262133
4643062,152266661
4643254,152271188
4643446,152275716
4643638,152280244
4643830,152284771
4644022,152289299
4644214,152293827
4644406,152298354
4644598,152302882
4644790,152307409
4644982,152311937
4645174,152316465
4645366,152320992
4645558,152325520
4645750,152330048
4645942,152334575
4646134,152339103
4646326,152343630
4646518,152348158
4646710,152352686
4646902,152357213
4647094,152361741
4647286,152366269
4647478,152370796
4647670,152375324
4647862,152379851
4648054,152384379
4648246,152388907
4648438,152393434
4648630,152397962
4648822,152402490
4649014,152407017
4649206,152411545
4649398,152416072
4649590,152420600
4649782,152425128
4649974,152429655
4650166,152434183
4650358,152438711
4650550,152443238
4650742,152447766
4650934,152452293
4651126,152456821
4651318,152461349
4651510,152465876
4651702,152470404
4651894,152474932
4652086,152479459
4652278,152483987
4652470,152488514
4652662,152493042
4652854,152497570
4653046,152502097
4653238,152506625
4653430,152511152
4653622,152515680
4653814,152520208
4654006,152524735
4654198,152529263
4654390,152533791
4654582,152538318
4654774,152542846
4654966,152547373
4655158,152551901
4655350,152556429
4655542,152560956
4655734,152565484
4655926,152570012
4656118,152574539
4656310,152579067
4656502,152583594
4656694,152588122
4656886,152592650
4657078,152597177
4657270,152601705
4657462,152606233
4657654,152610760
4657846,152615288
4658038,152619815
4658230,152624343
4658422,152628871
4658614,152633398
4658806,152637926
4658998,152642454
4659190,152646981
4659382,152651509
4659574,152656036
4659766,152660564
4659958,152665092
4660150,152669619
4660342,152674147
4660534,152678675
4660726,152683202
4660918,152687730
4661110,152692257
4661302,152696785
4661494,152701313
4661686,152705840
4661878,152710368
4662070,152714896
4662262,152719423
4662454,152723951
4662646,152728478
4662838,152733006
4663030,152737534
4663222,152742061
4663414,152746589
4663606,152751117
4663798,152755644
4663990,152760172
4664182,152764699
4664374,152769227
4664566,152773755
4664758,152778282
4664950,152782810
4665142,152787338
4665334,152791865
4665526,152796393
4665718,152800920
4665910,152805448
4666102,152809976
4666294,152814503
4666486,152819031
4666678,152823559
4666870,152828086
4667062,152832614
4667254,152837141
4667446,152841669
4667638,152846197
4667830,152850724
4668022,152855252
4668214,152859779
4668406,152864307
4668598,152868835
4668790,152873362
4668982,152877890
4669174,152882418
4669366,152886945
4669558,152891473
4669750,152896000
4669942,152900528
4670134,152905056
4670326,152909583
4670518,152914111
4670710,152918639
4670902,152923166
4671094,152927694
4671286,152932221
4671478,152936749
4671670,152941277
4671862,152945804
4672054,152950332
4672246,152954860
4672438,152959387
4672630,152963915
4672822,152968442
4673014,152972970
4673206,152977498
4673398,152982025
4673590,152986553
4673782,152991081
4673974,152995608
4674166,153000136
4674358,153004663
4674550,153009191
4674742,153013719
4674934,153018246
4675126,153022774
4675318,153027302
4675510,153031829
4675702,153036357
4675894,153040884
4676086,153045412
4676278,153049940
4676470,153054467
4676662,153058995
4676854,153063523
4677046,153068050
4677238,153072578
4677430,153077105
4677622,153081633
4677814,153086161
4678006,153090688
4678198,153095216
4678390,153099744
4678582,153104271
4678774,153108799
4678966,153113326
4679158,153117854
4679350,153122382
4679542,153126909
4679734,153131437
4679926,153135965
4680118,153140492
4680310,153145020
4680502,153149547
4680694,153154075
4680886,153158603
4681078,153163130
4681270,153167658
4681462,153172186
4681654,153176713
4681846,153181241
4682038,153185768
4682230,153190296
4682422,153194824
4682614,153199351
4682806,153203879
4682998,153208407
4683190,153212934
4683382,153217462
4683574,153221989
4683766,153226517
4683958,153231045
4684150,153235572
4684342,153240100
4684534,153244627
4684726,153249155
4684918,153253683
4685110,153258210
4685302,153262738
4685494,153267266
4685686,153271793
4685878,153276321
4686070,153280848
4686262,153285376
4686454,153289904
4686646,153294431
4686838,153298959
4687030,153303487
4687222,153308014
4687414,153312542
4687606,153317069
4687798,153321597
4687990,153326125
4688182,153330652
4688374,153335180
4688566,153339708
4688758,153344235
4688950,153348763
4689142,153353290
4689334,153357818
4689526,153362346
4689718,153366873
4689910,153371401
4690102,153375929
4690294,153380456
4690486,153384984
4690678,153389511
4690870,153394039
4691062,153398567
4691254,153403094
4691446,153407622
4691638,153412150
4691830,153416677
4692022,153421205
4692214,153425732
4692406,153430260
4692598,153434788
4692790,153439315
4692982,153443843
4693174,153448371
4693366,153452898
4693558,153457426
4693750,153461953
4693942,153466481
4694134,153471009
4694326,153475536
4694518,153480064
4694710,153484592
4694902,153489119
4695094,153493647
4695286,153498174
4695478,153502702
4695670,153507230
4695862,153511757
4696054,153516285
4696246,153520813
4696438,153525340
4696630,153529868
4696822,153534395
4697014,153538923
4697206,153543451
4697398,153547978
4697590,153552506
4697782,153557034
4697974,153561561
4698166,153566089
4698358,153570616
4698550,153575144
4698742,153579672
4698934,153584199
4699126,153588727
4699318,153593255
4699510,153597782
4699702,153602310
4699894,153606837
4700086,153611365
4700278,153615893
4700470,153620420
4700662,153624948
4700854,153629476
4701046,153634003
4701238,153638531
4701430,153643058
4701622,153647586
4701814,153652114
4702006,153656641
4702198,153661169
4702390,153665696
4702582,153670224
4702774,153674752
4702966,153679279
4703158,153683807
4703350,153688335
4703542,153692862
4703734,153697390
4703926,153701917
4704118,153706445
4704310,153710973
4704502,153715500
4704694,153720028
4704886,153724556
4705078,153729083
4705270,153733611
4705462,153738138
4705654,153742666
4705846,153747194
4706038,153751721
4706230,153756249
4706422,153760777
4706614,153765304
4706806,153769832
4706998,153774359
4707190,153778887
4707382,153783415
4707574,153787942
4707766,153792470
4707958,153796998
4708150,153801525
4708342,153806053
4708534,153810580
4708726,153815108
4708918,153819636
4709110,153824163
4709302,153828691
4709494,153833219
4709686,153837746
4709878,153842274
4710070,153846801
4710262,153851329
4710454,153855857
4710646,153860384
4710838,153864912
4711030,153869440
4711222,153873967
4711414,153878495
4711606,153883022
4711798,153887550
4711990,153892078
4712182,153896605
4712374,153901133
4712566,153905661
4712758,153910188
4712950,153914716
4713142,153919243
4713334,153923771
4713526,153928299
4713718,153932826
4713910,153937354
4714102,153941882
4714294,153946409
4714486,153950937
4714678,153955464
4714870,153959992
4715062,153964520
4715254,153969047
4715446,153973575
4715638,153978103
4715830,153982630
4716022,153987158
4716214,153991685
4716406,153996213
4716598,154000741
4716790,154005268
4716982,154009796
4717174,154014324
4717366,154018851
4717558,154023379
4717750,154027906
4717942,154032434
4718134,154036962
4718326,154041489
4718518,154046017
4718710,154050545
4718902,154055072
4719094,154059600
4719286,154064127
4719478,154068655
4719670,154073183
4719862,154077710
4720054,154082238
4720246,154086765
4720438,154091293
4720630,154095821
4720822,154100348
4721014,154104876
4721206,154109404
4721398,154113931
4721590,154118459
4721782,154122986
4721974,154127514
4722166,154132042
4722358,154136569
4722550,154141097
4722742,154145625
4722934,154150152
4723126,154154680
4723318,154159207
4723510,154163735
4723702,154168263
4723894,154172790
4724086,154177318
4724278,154181846
4724470,154186373
4724662,154190901
4724854,154195428
4725046,154199956
4725238,154204484
4725430,154209011
4725622,154213539
4725814,154218067
4726006,154222594
4726198,154227122
4726390,154231649
4726582,154236177
4726774,154240705
4726966,154245232
4727158,154249760
4727350,154254288
4727542,154258815
4727734,154263343
4727926,154267870
4728118,154272398
4728310,154276926
4728502,154281453
4728694,154285981
4728886,154290509
4729078,154295036
4729270,154299564
4729462,154304091
4729654,154308619
4729846,154313147
4730038,154317674
4730230,154322202
4730422,154326730
4730614,154331257
4730806,154335785
4730998,154340312
4731190,154344840
4731382,154349368
4731574,154353895
4731766,154358423
4731958,154362951
4732150,154367478
4732342,154372006
4732534,154376533
4732726,154381061
4732918,154385589
4733110,154390116
4733302,154394644
4733494,154399172
4733686,154403699
4733878,154408227
4734070,154412754
4734262,154417282
4734454,154421810
4734646,154426337
4734838,154430865
4735030,154435393
4735222,154439920
4735414,154444448
4735606,154448975
4735798,154453503
4735990,154458031
4736182,154462558
4736374,154467086
4736566,154471614
4736758,154476141
4736950,154480669
4737142,154485196
4737334,154489724
4737526,154494252
4737718,154498779
4737910,154503307
4738102,154507835
4738294,154512362
4738486,154516890
4738678,154521417
4738870,154525945
4739062,154530473
4739254,154535000
4739446,154539528
4739638,154544055
4739830,154548583
4740022,154553111
4740214,154557638
4740406,154562166
4740598,154566694
4740790,154571221
4740982,154575749
4741174,154580276
4741366,154584804
4741558,154589332
4741750,154593859
4741942,154598387
4742134,154602915
4742326,154607442
4742518,154611970
4742710,154616497
4742902,154621025
4743094,154625553
4743286,154630080
4743478,154634608
4743670,154639136
4743862,154643663
4744054,154648191
4744246,154652718
4744438,154657246
4744630,154661774
4744822,154666301
4745014,154670829
4745206,154675357
4745398,154679884
4745590,154684412
4745782,154688939
4745974,154693467
4746166,154697995
4746358,154702522
4746550,154707050
4746742,154711578
4746934,154716105
4747126,154720633
4747318,154725160
4747510,154729688
4747702,154734216
4747894,154738743
4748086,154743271
4748278,154747799
4748470,154752326
4748662,154756854
4748854,154761381
4749046,154765909
4749238,154770437
4749430,154774964
4749622,154779492
4749814,154784020
4750006,154788547
4750198,154793075
4750390,154797602
4750582,154802130
4750774,154806658
4750966,154811185
4751158,154815713
4751350,154820241
4751542,154824768
4751734,154829296
4751926,154833823
4752118,154838351
4752310,154842879
4752502,154847406
4752694,154851934
4752886,154856462
4753078,154860989
4753270,154865517
4753462,154870044
4753654,154874572
4753846,154879100
4754038,154883627
4754230,154888155
4754422,154892682
4754614,154897210
4754806,154901738
4754998,154906265
4755190,154910793
4755382,154915321
4755574,154919848
4755766,154924376
4755958,154928903
4756150,154933431
4756342,154937959
4756534,154942486
4756726,154947014
4756918,154951542
4757110,154956069
4757302,154960597
4757494,154965124
4757686,154969652
4757878,154974180
4758070,154978707
4758262,154983235
4758454,154987763
4758646,154992290
4758838,154996818
4759030,155001345
4759222,155005873
4759414,155010401
4759606,155014928
4759798,155019456
4759990,155023984
4760182,155028511
4760374,155033039
4760566,155037566
4760758,155042094
4760950,155046622
4761142,155051149
4761334,155055677
4761526,155060205
4761718,155064732
4761910,155069260
4762102,155073787
4762294,155078315
4762486,155082843
4762678,155087370
4762870,155091898
4763062,155096426
4763254,155100953
4763446,155105481
4763638,155110008
4763830,155114536
4764022,155119064
4764214,155123591
4764406,155128119
4764598,155132647
4764790,155137174
4764982,155141702
4765174,155146229
4765366,155150757
4765558,155155285
4765750,155159812
4765942,155164340
4766134,155168868
4766326,155173395
4766518,155177923
4766710,155182450
4766902,155186978
4767094,155191506
4767286,155196033
4767478,155200561
4767670,155205088
4767862,155209616
4768054,155214144
4768246,155218671
4768438,155223199
4768630,155227727
4768822,155232254
4769014,155236782
4769206,155241309
4769398,155245837
4769590,155250365
4769782,155254892
4769974,155259420
4770166,155263948
4770358,155268475
4770550,155273003
4770742,155277530
4770934,155282058
4771126,155286586
4771318,155291113
4771510,155295641
4771702,155300169
4771894,155304696
4772086,155309224
4772278,155313751
4772470,155318279
4772662,155322807
4772854,155327334
4773046,155331862
4773238,155336390
4773430,155340917
4773622,155345445
4773814,155349972
4774006,155354500
4774198,155359028
4774390,155363555
4774582,155368083
4774774,155372611
4774966,155377138
4775158,155381666
4775350,155386193
4775542,155390721
4775734,155395249
4775926,155399776
4776118,155404304
4776310,155408832
4776502,155413359
4776694,155417887
4776886,155422414
4777078,155426942
4777270,155431470
4777462,155435997
4777654,155440525
4777846,155445053
4778038,155449580
4778230,155454108
4778422,155458635
4778614,155463163
4778806,155467691
4778998,155472218
4779190,155476746
4779382,155481274
4779574,155485801
4779766,155490329
4779958,155494856
4780150,155499384
4780342,155503912
4780534,155508439
4780726,155512967
4780918,155517494
4781110,155522022
4781302,155526550
4781494,155531077
4781686,155535605
4781878,155540133
4782070,155544660
4782262,155549188
4782454,155553715
4782646,155558243
4782838,155562771
4783030,155567298
4783222,155571826
4783414,155576354
4783606,155580881
4783798,155585409
4783990,155589936
4784182,155594464
4784374,155598992
4784566,155603519
4784758,155608047
4784950,155612575
4785142,155617102
4785334,155621630
4785526,155626157
4785718,155630685
4785910,155635213
4786102,155639740
4786294,155644268
4786486,155648796
4786678,155653323
4786870,155657851
4787062,155662378
4787254,155666906
4787446,155671434
4787638,155675961
4787830,155680489
4788022,155685017
4788214,155689544
4788406,155694072
4788598,155698599
4788790,155703127
4788982,155707655
4789174,155712182
4789366,155716710
4789558,155721238
4789750,155725765
4789942,155730293
4790134,155734820
4790326,155739348
4790518,155743876
4790710,155748403
4790902,155752931
4791094,155757459
4791286,155761986
4791478,155766514
4791670,155771041
4791862,155775569
4792054,155780097
4792247,155784624
